synapse_id,bucket,areal_dir,pathway_slug,contract_path
ai-agent-generate-family,pathway,ai-agent,ai-agent-generate,docs/CognitiveBrain/contracts/synapses/ai-agent/ai-agent-generate/ai-agent-generate-family.md
ai-agent-generate-negotiation-expire-check,pathway,ai-agent,ai-agent-generate,docs/CognitiveBrain/contracts/synapses/ai-agent/ai-agent-generate/ai-agent-generate-negotiation-expire-check.md
ai-agent-generate-negotiation-reminder-send,pathway,ai-agent,ai-agent-generate,docs/CognitiveBrain/contracts/synapses/ai-agent/ai-agent-generate/ai-agent-generate-negotiation-reminder-send.md
ai-agent-generate-negotiation-state-transition,pathway,ai-agent,ai-agent-generate,docs/CognitiveBrain/contracts/synapses/ai-agent/ai-agent-generate/ai-agent-generate-negotiation-state-transition.md
ai-agent-generate-negotiation-summary-generate,pathway,ai-agent,ai-agent-generate,docs/CognitiveBrain/contracts/synapses/ai-agent/ai-agent-generate/ai-agent-generate-negotiation-summary-generate.md
ai-agent-orchestrate-family,pathway,ai-agent,ai-agent-orchestrate,docs/CognitiveBrain/contracts/synapses/ai-agent/ai-agent-orchestrate/ai-agent-orchestrate-family.md
ai-agent-orchestrate-negotiation-expire-check,pathway,ai-agent,ai-agent-orchestrate,docs/CognitiveBrain/contracts/synapses/ai-agent/ai-agent-orchestrate/ai-agent-orchestrate-negotiation-expire-check.md
ai-agent-orchestrate-negotiation-reminder-send,pathway,ai-agent,ai-agent-orchestrate,docs/CognitiveBrain/contracts/synapses/ai-agent/ai-agent-orchestrate/ai-agent-orchestrate-negotiation-reminder-send.md
ai-agent-orchestrate-negotiation-state-transition,pathway,ai-agent,ai-agent-orchestrate,docs/CognitiveBrain/contracts/synapses/ai-agent/ai-agent-orchestrate/ai-agent-orchestrate-negotiation-state-transition.md
ai-agent-orchestrate-negotiation-summary-generate,pathway,ai-agent,ai-agent-orchestrate,docs/CognitiveBrain/contracts/synapses/ai-agent/ai-agent-orchestrate/ai-agent-orchestrate-negotiation-summary-generate.md
ai-agent-response-generate-family,pathway,ai-agent,ai-agent-response-generate,docs/CognitiveBrain/contracts/synapses/ai-agent/ai-agent-response-generate/ai-agent-response-generate-family.md
ai-agent-response-generate-negotiation-expire-check,pathway,ai-agent,ai-agent-response-generate,docs/CognitiveBrain/contracts/synapses/ai-agent/ai-agent-response-generate/ai-agent-response-generate-negotiation-expire-check.md
ai-agent-response-generate-negotiation-reminder-send,pathway,ai-agent,ai-agent-response-generate,docs/CognitiveBrain/contracts/synapses/ai-agent/ai-agent-response-generate/ai-agent-response-generate-negotiation-reminder-send.md
ai-agent-response-generate-negotiation-state-transition,pathway,ai-agent,ai-agent-response-generate,docs/CognitiveBrain/contracts/synapses/ai-agent/ai-agent-response-generate/ai-agent-response-generate-negotiation-state-transition.md
ai-agent-response-generate-negotiation-summary-generate,pathway,ai-agent,ai-agent-response-generate,docs/CognitiveBrain/contracts/synapses/ai-agent/ai-agent-response-generate/ai-agent-response-generate-negotiation-summary-generate.md
ai-context-build-family,pathway,ai-agent,ai-context-build,docs/CognitiveBrain/contracts/synapses/ai-agent/ai-context-build/ai-context-build-family.md
ai-context-build-negotiation-expire-check,pathway,ai-agent,ai-context-build,docs/CognitiveBrain/contracts/synapses/ai-agent/ai-context-build/ai-context-build-negotiation-expire-check.md
ai-context-build-negotiation-reminder-send,pathway,ai-agent,ai-context-build,docs/CognitiveBrain/contracts/synapses/ai-agent/ai-context-build/ai-context-build-negotiation-reminder-send.md
ai-context-build-negotiation-state-transition,pathway,ai-agent,ai-context-build,docs/CognitiveBrain/contracts/synapses/ai-agent/ai-context-build/ai-context-build-negotiation-state-transition.md
ai-context-build-negotiation-summary-generate,pathway,ai-agent,ai-context-build,docs/CognitiveBrain/contracts/synapses/ai-agent/ai-context-build/ai-context-build-negotiation-summary-generate.md
ai-feedback-collect-family,pathway,ai-agent,ai-feedback-collect,docs/CognitiveBrain/contracts/synapses/ai-agent/ai-feedback-collect/ai-feedback-collect-family.md
ai-feedback-collect-negotiation-expire-check,pathway,ai-agent,ai-feedback-collect,docs/CognitiveBrain/contracts/synapses/ai-agent/ai-feedback-collect/ai-feedback-collect-negotiation-expire-check.md
ai-feedback-collect-negotiation-reminder-send,pathway,ai-agent,ai-feedback-collect,docs/CognitiveBrain/contracts/synapses/ai-agent/ai-feedback-collect/ai-feedback-collect-negotiation-reminder-send.md
ai-feedback-collect-negotiation-state-transition,pathway,ai-agent,ai-feedback-collect,docs/CognitiveBrain/contracts/synapses/ai-agent/ai-feedback-collect/ai-feedback-collect-negotiation-state-transition.md
ai-feedback-collect-negotiation-summary-generate,pathway,ai-agent,ai-feedback-collect,docs/CognitiveBrain/contracts/synapses/ai-agent/ai-feedback-collect/ai-feedback-collect-negotiation-summary-generate.md
ai-intent-classify-alert-bounce-high,pathway,ai-agent,ai-intent-classify,docs/CognitiveBrain/contracts/synapses/ai-agent/ai-intent-classify/ai-intent-classify-alert-bounce-high.md
ai-intent-classify-alert-phone-banned,pathway,ai-agent,ai-intent-classify,docs/CognitiveBrain/contracts/synapses/ai-agent/ai-intent-classify/ai-intent-classify-alert-phone-banned.md
ai-intent-classify-alert-phone-offline,pathway,ai-agent,ai-intent-classify,docs/CognitiveBrain/contracts/synapses/ai-agent/ai-intent-classify/ai-intent-classify-alert-phone-offline.md
ai-intent-classify-family,pathway,ai-agent,ai-intent-classify,docs/CognitiveBrain/contracts/synapses/ai-agent/ai-intent-classify/ai-intent-classify-family.md
ai-intent-classify-monitor-email-deliverability,pathway,ai-agent,ai-intent-classify,docs/CognitiveBrain/contracts/synapses/ai-agent/ai-intent-classify/ai-intent-classify-monitor-email-deliverability.md
ai-intent-classify-monitor-phone-health,pathway,ai-agent,ai-intent-classify,docs/CognitiveBrain/contracts/synapses/ai-agent/ai-intent-classify/ai-intent-classify-monitor-phone-health.md
ai-intent-classify-monitor-quota-usage,pathway,ai-agent,ai-intent-classify,docs/CognitiveBrain/contracts/synapses/ai-agent/ai-intent-classify/ai-intent-classify-monitor-quota-usage.md
ai-intent-classify-negotiation-expire-check,pathway,ai-agent,ai-intent-classify,docs/CognitiveBrain/contracts/synapses/ai-agent/ai-intent-classify/ai-intent-classify-negotiation-expire-check.md
ai-intent-classify-negotiation-reminder-send,pathway,ai-agent,ai-intent-classify,docs/CognitiveBrain/contracts/synapses/ai-agent/ai-intent-classify/ai-intent-classify-negotiation-reminder-send.md
ai-intent-classify-negotiation-state-transition,pathway,ai-agent,ai-intent-classify,docs/CognitiveBrain/contracts/synapses/ai-agent/ai-intent-classify/ai-intent-classify-negotiation-state-transition.md
ai-intent-classify-negotiation-summary-generate,pathway,ai-agent,ai-intent-classify,docs/CognitiveBrain/contracts/synapses/ai-agent/ai-intent-classify/ai-intent-classify-negotiation-summary-generate.md
ai-intent-classify-pipeline-outreach-health,pathway,ai-agent,ai-intent-classify,docs/CognitiveBrain/contracts/synapses/ai-agent/ai-intent-classify/ai-intent-classify-pipeline-outreach-health.md
ai-intent-classify-pipeline-outreach-metrics,pathway,ai-agent,ai-intent-classify,docs/CognitiveBrain/contracts/synapses/ai-agent/ai-intent-classify/ai-intent-classify-pipeline-outreach-metrics.md
ai-prompt-optimize-family,pathway,ai-agent,ai-prompt-optimize,docs/CognitiveBrain/contracts/synapses/ai-agent/ai-prompt-optimize/ai-prompt-optimize-family.md
ai-prompt-optimize-negotiation-expire-check,pathway,ai-agent,ai-prompt-optimize,docs/CognitiveBrain/contracts/synapses/ai-agent/ai-prompt-optimize/ai-prompt-optimize-negotiation-expire-check.md
ai-prompt-optimize-negotiation-reminder-send,pathway,ai-agent,ai-prompt-optimize,docs/CognitiveBrain/contracts/synapses/ai-agent/ai-prompt-optimize/ai-prompt-optimize-negotiation-reminder-send.md
ai-prompt-optimize-negotiation-state-transition,pathway,ai-agent,ai-prompt-optimize,docs/CognitiveBrain/contracts/synapses/ai-agent/ai-prompt-optimize/ai-prompt-optimize-negotiation-state-transition.md
ai-prompt-optimize-negotiation-summary-generate,pathway,ai-agent,ai-prompt-optimize,docs/CognitiveBrain/contracts/synapses/ai-agent/ai-prompt-optimize/ai-prompt-optimize-negotiation-summary-generate.md
ai-response-generate-alert-bounce-high,pathway,ai-agent,ai-response-generate,docs/CognitiveBrain/contracts/synapses/ai-agent/ai-response-generate/ai-response-generate-alert-bounce-high.md
ai-response-generate-alert-phone-banned,pathway,ai-agent,ai-response-generate,docs/CognitiveBrain/contracts/synapses/ai-agent/ai-response-generate/ai-response-generate-alert-phone-banned.md
ai-response-generate-alert-phone-offline,pathway,ai-agent,ai-response-generate,docs/CognitiveBrain/contracts/synapses/ai-agent/ai-response-generate/ai-response-generate-alert-phone-offline.md
ai-response-generate-family,pathway,ai-agent,ai-response-generate,docs/CognitiveBrain/contracts/synapses/ai-agent/ai-response-generate/ai-response-generate-family.md
ai-response-generate-monitor-email-deliverability,pathway,ai-agent,ai-response-generate,docs/CognitiveBrain/contracts/synapses/ai-agent/ai-response-generate/ai-response-generate-monitor-email-deliverability.md
ai-response-generate-monitor-phone-health,pathway,ai-agent,ai-response-generate,docs/CognitiveBrain/contracts/synapses/ai-agent/ai-response-generate/ai-response-generate-monitor-phone-health.md
ai-response-generate-monitor-quota-usage,pathway,ai-agent,ai-response-generate,docs/CognitiveBrain/contracts/synapses/ai-agent/ai-response-generate/ai-response-generate-monitor-quota-usage.md
ai-response-generate-pipeline-outreach-health,pathway,ai-agent,ai-response-generate,docs/CognitiveBrain/contracts/synapses/ai-agent/ai-response-generate/ai-response-generate-pipeline-outreach-health.md
ai-response-generate-pipeline-outreach-metrics,pathway,ai-agent,ai-response-generate,docs/CognitiveBrain/contracts/synapses/ai-agent/ai-response-generate/ai-response-generate-pipeline-outreach-metrics.md
ai-sentiment-analyze-alert-bounce-high,pathway,ai-agent,ai-sentiment-analyze,docs/CognitiveBrain/contracts/synapses/ai-agent/ai-sentiment-analyze/ai-sentiment-analyze-alert-bounce-high.md
ai-sentiment-analyze-alert-phone-banned,pathway,ai-agent,ai-sentiment-analyze,docs/CognitiveBrain/contracts/synapses/ai-agent/ai-sentiment-analyze/ai-sentiment-analyze-alert-phone-banned.md
ai-sentiment-analyze-alert-phone-offline,pathway,ai-agent,ai-sentiment-analyze,docs/CognitiveBrain/contracts/synapses/ai-agent/ai-sentiment-analyze/ai-sentiment-analyze-alert-phone-offline.md
ai-sentiment-analyze-family,pathway,ai-agent,ai-sentiment-analyze,docs/CognitiveBrain/contracts/synapses/ai-agent/ai-sentiment-analyze/ai-sentiment-analyze-family.md
ai-sentiment-analyze-monitor-email-deliverability,pathway,ai-agent,ai-sentiment-analyze,docs/CognitiveBrain/contracts/synapses/ai-agent/ai-sentiment-analyze/ai-sentiment-analyze-monitor-email-deliverability.md
ai-sentiment-analyze-monitor-phone-health,pathway,ai-agent,ai-sentiment-analyze,docs/CognitiveBrain/contracts/synapses/ai-agent/ai-sentiment-analyze/ai-sentiment-analyze-monitor-phone-health.md
ai-sentiment-analyze-monitor-quota-usage,pathway,ai-agent,ai-sentiment-analyze,docs/CognitiveBrain/contracts/synapses/ai-agent/ai-sentiment-analyze/ai-sentiment-analyze-monitor-quota-usage.md
ai-sentiment-analyze-pipeline-outreach-health,pathway,ai-agent,ai-sentiment-analyze,docs/CognitiveBrain/contracts/synapses/ai-agent/ai-sentiment-analyze/ai-sentiment-analyze-pipeline-outreach-health.md
ai-sentiment-analyze-pipeline-outreach-metrics,pathway,ai-agent,ai-sentiment-analyze,docs/CognitiveBrain/contracts/synapses/ai-agent/ai-sentiment-analyze/ai-sentiment-analyze-pipeline-outreach-metrics.md
ai-tool-execute-family,pathway,ai-agent,ai-tool-execute,docs/CognitiveBrain/contracts/synapses/ai-agent/ai-tool-execute/ai-tool-execute-family.md
ai-tool-execute-negotiation-expire-check,pathway,ai-agent,ai-tool-execute,docs/CognitiveBrain/contracts/synapses/ai-agent/ai-tool-execute/ai-tool-execute-negotiation-expire-check.md
ai-tool-execute-negotiation-reminder-send,pathway,ai-agent,ai-tool-execute,docs/CognitiveBrain/contracts/synapses/ai-agent/ai-tool-execute/ai-tool-execute-negotiation-reminder-send.md
ai-tool-execute-negotiation-state-transition,pathway,ai-agent,ai-tool-execute,docs/CognitiveBrain/contracts/synapses/ai-agent/ai-tool-execute/ai-tool-execute-negotiation-state-transition.md
ai-tool-execute-negotiation-summary-generate,pathway,ai-agent,ai-tool-execute,docs/CognitiveBrain/contracts/synapses/ai-agent/ai-tool-execute/ai-tool-execute-negotiation-summary-generate.md
channel-email-send-family,pathway,ai-agent,channel-email-send,docs/CognitiveBrain/contracts/synapses/ai-agent/channel-email-send/channel-email-send-family.md
channel-email-send-human-notification-send,pathway,ai-agent,channel-email-send,docs/CognitiveBrain/contracts/synapses/ai-agent/channel-email-send/channel-email-send-human-notification-send.md
channel-email-send-human-queue-prioritize,pathway,ai-agent,channel-email-send,docs/CognitiveBrain/contracts/synapses/ai-agent/channel-email-send/channel-email-send-human-queue-prioritize.md
channel-routing-decide-family,pathway,ai-agent,channel-routing-decide,docs/CognitiveBrain/contracts/synapses/ai-agent/channel-routing-decide/channel-routing-decide-family.md
channel-routing-decide-human-notification-send,pathway,ai-agent,channel-routing-decide,docs/CognitiveBrain/contracts/synapses/ai-agent/channel-routing-decide/channel-routing-decide-human-notification-send.md
channel-routing-decide-human-queue-prioritize,pathway,ai-agent,channel-routing-decide,docs/CognitiveBrain/contracts/synapses/ai-agent/channel-routing-decide/channel-routing-decide-human-queue-prioritize.md
channel-whatsapp-send-family,pathway,ai-agent,channel-whatsapp-send,docs/CognitiveBrain/contracts/synapses/ai-agent/channel-whatsapp-send/channel-whatsapp-send-family.md
channel-whatsapp-send-human-notification-send,pathway,ai-agent,channel-whatsapp-send,docs/CognitiveBrain/contracts/synapses/ai-agent/channel-whatsapp-send/channel-whatsapp-send-human-notification-send.md
channel-whatsapp-send-human-queue-prioritize,pathway,ai-agent,channel-whatsapp-send,docs/CognitiveBrain/contracts/synapses/ai-agent/channel-whatsapp-send/channel-whatsapp-send-human-queue-prioritize.md
document-email-send-channel-email-send,pathway,ai-agent,document-email-send,docs/CognitiveBrain/contracts/synapses/ai-agent/document-email-send/document-email-send-channel-email-send.md
document-email-send-channel-routing-decide,pathway,ai-agent,document-email-send,docs/CognitiveBrain/contracts/synapses/ai-agent/document-email-send/document-email-send-channel-routing-decide.md
document-email-send-channel-whatsapp-send,pathway,ai-agent,document-email-send,docs/CognitiveBrain/contracts/synapses/ai-agent/document-email-send/document-email-send-channel-whatsapp-send.md
document-email-send-family,pathway,ai-agent,document-email-send,docs/CognitiveBrain/contracts/synapses/ai-agent/document-email-send/document-email-send-family.md
document-pdf-generate-channel-email-send,pathway,ai-agent,document-pdf-generate,docs/CognitiveBrain/contracts/synapses/ai-agent/document-pdf-generate/document-pdf-generate-channel-email-send.md
document-pdf-generate-channel-routing-decide,pathway,ai-agent,document-pdf-generate,docs/CognitiveBrain/contracts/synapses/ai-agent/document-pdf-generate/document-pdf-generate-channel-routing-decide.md
document-pdf-generate-channel-whatsapp-send,pathway,ai-agent,document-pdf-generate,docs/CognitiveBrain/contracts/synapses/ai-agent/document-pdf-generate/document-pdf-generate-channel-whatsapp-send.md
document-pdf-generate-family,pathway,ai-agent,document-pdf-generate,docs/CognitiveBrain/contracts/synapses/ai-agent/document-pdf-generate/document-pdf-generate-family.md
document-template-compile-channel-email-send,pathway,ai-agent,document-template-compile,docs/CognitiveBrain/contracts/synapses/ai-agent/document-template-compile/document-template-compile-channel-email-send.md
document-template-compile-channel-routing-decide,pathway,ai-agent,document-template-compile,docs/CognitiveBrain/contracts/synapses/ai-agent/document-template-compile/document-template-compile-channel-routing-decide.md
document-template-compile-channel-whatsapp-send,pathway,ai-agent,document-template-compile,docs/CognitiveBrain/contracts/synapses/ai-agent/document-template-compile/document-template-compile-channel-whatsapp-send.md
document-template-compile-family,pathway,ai-agent,document-template-compile,docs/CognitiveBrain/contracts/synapses/ai-agent/document-template-compile/document-template-compile-family.md
document-whatsapp-send-channel-email-send,pathway,ai-agent,document-whatsapp-send,docs/CognitiveBrain/contracts/synapses/ai-agent/document-whatsapp-send/document-whatsapp-send-channel-email-send.md
document-whatsapp-send-channel-routing-decide,pathway,ai-agent,document-whatsapp-send,docs/CognitiveBrain/contracts/synapses/ai-agent/document-whatsapp-send/document-whatsapp-send-channel-routing-decide.md
document-whatsapp-send-channel-whatsapp-send,pathway,ai-agent,document-whatsapp-send,docs/CognitiveBrain/contracts/synapses/ai-agent/document-whatsapp-send/document-whatsapp-send-channel-whatsapp-send.md
document-whatsapp-send-family,pathway,ai-agent,document-whatsapp-send,docs/CognitiveBrain/contracts/synapses/ai-agent/document-whatsapp-send/document-whatsapp-send-family.md
guardrail-discount-check-document-email-send,pathway,ai-agent,guardrail-discount-check,docs/CognitiveBrain/contracts/synapses/ai-agent/guardrail-discount-check/guardrail-discount-check-document-email-send.md
guardrail-discount-check-document-pdf-generate,pathway,ai-agent,guardrail-discount-check,docs/CognitiveBrain/contracts/synapses/ai-agent/guardrail-discount-check/guardrail-discount-check-document-pdf-generate.md
guardrail-discount-check-document-template-compile,pathway,ai-agent,guardrail-discount-check,docs/CognitiveBrain/contracts/synapses/ai-agent/guardrail-discount-check/guardrail-discount-check-document-template-compile.md
guardrail-discount-check-document-whatsapp-send,pathway,ai-agent,guardrail-discount-check,docs/CognitiveBrain/contracts/synapses/ai-agent/guardrail-discount-check/guardrail-discount-check-document-whatsapp-send.md
guardrail-discount-check-einvoice-archive-download,pathway,ai-agent,guardrail-discount-check,docs/CognitiveBrain/contracts/synapses/ai-agent/guardrail-discount-check/guardrail-discount-check-einvoice-archive-download.md
guardrail-discount-check-family,pathway,ai-agent,guardrail-discount-check,docs/CognitiveBrain/contracts/synapses/ai-agent/guardrail-discount-check/guardrail-discount-check-family.md
guardrail-discount-check-oblio-invoice-cancel,pathway,ai-agent,guardrail-discount-check,docs/CognitiveBrain/contracts/synapses/ai-agent/guardrail-discount-check/guardrail-discount-check-oblio-invoice-cancel.md
guardrail-discount-check-oblio-invoice-create,pathway,ai-agent,guardrail-discount-check,docs/CognitiveBrain/contracts/synapses/ai-agent/guardrail-discount-check/guardrail-discount-check-oblio-invoice-create.md
guardrail-discount-check-oblio-proforma-create,pathway,ai-agent,guardrail-discount-check,docs/CognitiveBrain/contracts/synapses/ai-agent/guardrail-discount-check/guardrail-discount-check-oblio-proforma-create.md
guardrail-discount-check-oblio-stock-sync,pathway,ai-agent,guardrail-discount-check,docs/CognitiveBrain/contracts/synapses/ai-agent/guardrail-discount-check/guardrail-discount-check-oblio-stock-sync.md
guardrail-discount-check-oblio-webhook-process,pathway,ai-agent,guardrail-discount-check,docs/CognitiveBrain/contracts/synapses/ai-agent/guardrail-discount-check/guardrail-discount-check-oblio-webhook-process.md
guardrail-log-analyze-document-email-send,pathway,ai-agent,guardrail-log-analyze,docs/CognitiveBrain/contracts/synapses/ai-agent/guardrail-log-analyze/guardrail-log-analyze-document-email-send.md
guardrail-log-analyze-document-pdf-generate,pathway,ai-agent,guardrail-log-analyze,docs/CognitiveBrain/contracts/synapses/ai-agent/guardrail-log-analyze/guardrail-log-analyze-document-pdf-generate.md
guardrail-log-analyze-document-template-compile,pathway,ai-agent,guardrail-log-analyze,docs/CognitiveBrain/contracts/synapses/ai-agent/guardrail-log-analyze/guardrail-log-analyze-document-template-compile.md
guardrail-log-analyze-document-whatsapp-send,pathway,ai-agent,guardrail-log-analyze,docs/CognitiveBrain/contracts/synapses/ai-agent/guardrail-log-analyze/guardrail-log-analyze-document-whatsapp-send.md
guardrail-log-analyze-einvoice-archive-download,pathway,ai-agent,guardrail-log-analyze,docs/CognitiveBrain/contracts/synapses/ai-agent/guardrail-log-analyze/guardrail-log-analyze-einvoice-archive-download.md
guardrail-log-analyze-family,pathway,ai-agent,guardrail-log-analyze,docs/CognitiveBrain/contracts/synapses/ai-agent/guardrail-log-analyze/guardrail-log-analyze-family.md
guardrail-log-analyze-oblio-invoice-cancel,pathway,ai-agent,guardrail-log-analyze,docs/CognitiveBrain/contracts/synapses/ai-agent/guardrail-log-analyze/guardrail-log-analyze-oblio-invoice-cancel.md
guardrail-log-analyze-oblio-invoice-create,pathway,ai-agent,guardrail-log-analyze,docs/CognitiveBrain/contracts/synapses/ai-agent/guardrail-log-analyze/guardrail-log-analyze-oblio-invoice-create.md
guardrail-log-analyze-oblio-proforma-create,pathway,ai-agent,guardrail-log-analyze,docs/CognitiveBrain/contracts/synapses/ai-agent/guardrail-log-analyze/guardrail-log-analyze-oblio-proforma-create.md
guardrail-log-analyze-oblio-stock-sync,pathway,ai-agent,guardrail-log-analyze,docs/CognitiveBrain/contracts/synapses/ai-agent/guardrail-log-analyze/guardrail-log-analyze-oblio-stock-sync.md
guardrail-log-analyze-oblio-webhook-process,pathway,ai-agent,guardrail-log-analyze,docs/CognitiveBrain/contracts/synapses/ai-agent/guardrail-log-analyze/guardrail-log-analyze-oblio-webhook-process.md
guardrail-price-check-document-email-send,pathway,ai-agent,guardrail-price-check,docs/CognitiveBrain/contracts/synapses/ai-agent/guardrail-price-check/guardrail-price-check-document-email-send.md
guardrail-price-check-document-pdf-generate,pathway,ai-agent,guardrail-price-check,docs/CognitiveBrain/contracts/synapses/ai-agent/guardrail-price-check/guardrail-price-check-document-pdf-generate.md
guardrail-price-check-document-template-compile,pathway,ai-agent,guardrail-price-check,docs/CognitiveBrain/contracts/synapses/ai-agent/guardrail-price-check/guardrail-price-check-document-template-compile.md
guardrail-price-check-document-whatsapp-send,pathway,ai-agent,guardrail-price-check,docs/CognitiveBrain/contracts/synapses/ai-agent/guardrail-price-check/guardrail-price-check-document-whatsapp-send.md
guardrail-price-check-einvoice-archive-download,pathway,ai-agent,guardrail-price-check,docs/CognitiveBrain/contracts/synapses/ai-agent/guardrail-price-check/guardrail-price-check-einvoice-archive-download.md
guardrail-price-check-family,pathway,ai-agent,guardrail-price-check,docs/CognitiveBrain/contracts/synapses/ai-agent/guardrail-price-check/guardrail-price-check-family.md
guardrail-price-check-oblio-invoice-cancel,pathway,ai-agent,guardrail-price-check,docs/CognitiveBrain/contracts/synapses/ai-agent/guardrail-price-check/guardrail-price-check-oblio-invoice-cancel.md
guardrail-price-check-oblio-invoice-create,pathway,ai-agent,guardrail-price-check,docs/CognitiveBrain/contracts/synapses/ai-agent/guardrail-price-check/guardrail-price-check-oblio-invoice-create.md
guardrail-price-check-oblio-proforma-create,pathway,ai-agent,guardrail-price-check,docs/CognitiveBrain/contracts/synapses/ai-agent/guardrail-price-check/guardrail-price-check-oblio-proforma-create.md
guardrail-price-check-oblio-stock-sync,pathway,ai-agent,guardrail-price-check,docs/CognitiveBrain/contracts/synapses/ai-agent/guardrail-price-check/guardrail-price-check-oblio-stock-sync.md
guardrail-price-check-oblio-webhook-process,pathway,ai-agent,guardrail-price-check,docs/CognitiveBrain/contracts/synapses/ai-agent/guardrail-price-check/guardrail-price-check-oblio-webhook-process.md
guardrail-stock-check-document-email-send,pathway,ai-agent,guardrail-stock-check,docs/CognitiveBrain/contracts/synapses/ai-agent/guardrail-stock-check/guardrail-stock-check-document-email-send.md
guardrail-stock-check-document-pdf-generate,pathway,ai-agent,guardrail-stock-check,docs/CognitiveBrain/contracts/synapses/ai-agent/guardrail-stock-check/guardrail-stock-check-document-pdf-generate.md
guardrail-stock-check-document-template-compile,pathway,ai-agent,guardrail-stock-check,docs/CognitiveBrain/contracts/synapses/ai-agent/guardrail-stock-check/guardrail-stock-check-document-template-compile.md
guardrail-stock-check-document-whatsapp-send,pathway,ai-agent,guardrail-stock-check,docs/CognitiveBrain/contracts/synapses/ai-agent/guardrail-stock-check/guardrail-stock-check-document-whatsapp-send.md
guardrail-stock-check-einvoice-archive-download,pathway,ai-agent,guardrail-stock-check,docs/CognitiveBrain/contracts/synapses/ai-agent/guardrail-stock-check/guardrail-stock-check-einvoice-archive-download.md
guardrail-stock-check-family,pathway,ai-agent,guardrail-stock-check,docs/CognitiveBrain/contracts/synapses/ai-agent/guardrail-stock-check/guardrail-stock-check-family.md
guardrail-stock-check-oblio-invoice-cancel,pathway,ai-agent,guardrail-stock-check,docs/CognitiveBrain/contracts/synapses/ai-agent/guardrail-stock-check/guardrail-stock-check-oblio-invoice-cancel.md
guardrail-stock-check-oblio-invoice-create,pathway,ai-agent,guardrail-stock-check,docs/CognitiveBrain/contracts/synapses/ai-agent/guardrail-stock-check/guardrail-stock-check-oblio-invoice-create.md
guardrail-stock-check-oblio-proforma-create,pathway,ai-agent,guardrail-stock-check,docs/CognitiveBrain/contracts/synapses/ai-agent/guardrail-stock-check/guardrail-stock-check-oblio-proforma-create.md
guardrail-stock-check-oblio-stock-sync,pathway,ai-agent,guardrail-stock-check,docs/CognitiveBrain/contracts/synapses/ai-agent/guardrail-stock-check/guardrail-stock-check-oblio-stock-sync.md
guardrail-stock-check-oblio-webhook-process,pathway,ai-agent,guardrail-stock-check,docs/CognitiveBrain/contracts/synapses/ai-agent/guardrail-stock-check/guardrail-stock-check-oblio-webhook-process.md
guardrail-stock-verify-document-email-send,pathway,ai-agent,guardrail-stock-verify,docs/CognitiveBrain/contracts/synapses/ai-agent/guardrail-stock-verify/guardrail-stock-verify-document-email-send.md
guardrail-stock-verify-document-pdf-generate,pathway,ai-agent,guardrail-stock-verify,docs/CognitiveBrain/contracts/synapses/ai-agent/guardrail-stock-verify/guardrail-stock-verify-document-pdf-generate.md
guardrail-stock-verify-document-template-compile,pathway,ai-agent,guardrail-stock-verify,docs/CognitiveBrain/contracts/synapses/ai-agent/guardrail-stock-verify/guardrail-stock-verify-document-template-compile.md
guardrail-stock-verify-document-whatsapp-send,pathway,ai-agent,guardrail-stock-verify,docs/CognitiveBrain/contracts/synapses/ai-agent/guardrail-stock-verify/guardrail-stock-verify-document-whatsapp-send.md
guardrail-stock-verify-einvoice-archive-download,pathway,ai-agent,guardrail-stock-verify,docs/CognitiveBrain/contracts/synapses/ai-agent/guardrail-stock-verify/guardrail-stock-verify-einvoice-archive-download.md
guardrail-stock-verify-family,pathway,ai-agent,guardrail-stock-verify,docs/CognitiveBrain/contracts/synapses/ai-agent/guardrail-stock-verify/guardrail-stock-verify-family.md
guardrail-stock-verify-oblio-invoice-cancel,pathway,ai-agent,guardrail-stock-verify,docs/CognitiveBrain/contracts/synapses/ai-agent/guardrail-stock-verify/guardrail-stock-verify-oblio-invoice-cancel.md
guardrail-stock-verify-oblio-invoice-create,pathway,ai-agent,guardrail-stock-verify,docs/CognitiveBrain/contracts/synapses/ai-agent/guardrail-stock-verify/guardrail-stock-verify-oblio-invoice-create.md
guardrail-stock-verify-oblio-proforma-create,pathway,ai-agent,guardrail-stock-verify,docs/CognitiveBrain/contracts/synapses/ai-agent/guardrail-stock-verify/guardrail-stock-verify-oblio-proforma-create.md
guardrail-stock-verify-oblio-stock-sync,pathway,ai-agent,guardrail-stock-verify,docs/CognitiveBrain/contracts/synapses/ai-agent/guardrail-stock-verify/guardrail-stock-verify-oblio-stock-sync.md
guardrail-stock-verify-oblio-webhook-process,pathway,ai-agent,guardrail-stock-verify,docs/CognitiveBrain/contracts/synapses/ai-agent/guardrail-stock-verify/guardrail-stock-verify-oblio-webhook-process.md
mcp-resource-load-family,pathway,ai-agent,mcp-resource-load,docs/CognitiveBrain/contracts/synapses/ai-agent/mcp-resource-load/mcp-resource-load-family.md
mcp-resource-load-negotiation-expire-check,pathway,ai-agent,mcp-resource-load,docs/CognitiveBrain/contracts/synapses/ai-agent/mcp-resource-load/mcp-resource-load-negotiation-expire-check.md
mcp-resource-load-negotiation-reminder-send,pathway,ai-agent,mcp-resource-load,docs/CognitiveBrain/contracts/synapses/ai-agent/mcp-resource-load/mcp-resource-load-negotiation-reminder-send.md
mcp-resource-load-negotiation-state-transition,pathway,ai-agent,mcp-resource-load,docs/CognitiveBrain/contracts/synapses/ai-agent/mcp-resource-load/mcp-resource-load-negotiation-state-transition.md
mcp-resource-load-negotiation-summary-generate,pathway,ai-agent,mcp-resource-load,docs/CognitiveBrain/contracts/synapses/ai-agent/mcp-resource-load/mcp-resource-load-negotiation-summary-generate.md
mcp-session-manage-family,pathway,ai-agent,mcp-session-manage,docs/CognitiveBrain/contracts/synapses/ai-agent/mcp-session-manage/mcp-session-manage-family.md
mcp-session-manage-negotiation-expire-check,pathway,ai-agent,mcp-session-manage,docs/CognitiveBrain/contracts/synapses/ai-agent/mcp-session-manage/mcp-session-manage-negotiation-expire-check.md
mcp-session-manage-negotiation-reminder-send,pathway,ai-agent,mcp-session-manage,docs/CognitiveBrain/contracts/synapses/ai-agent/mcp-session-manage/mcp-session-manage-negotiation-reminder-send.md
mcp-session-manage-negotiation-state-transition,pathway,ai-agent,mcp-session-manage,docs/CognitiveBrain/contracts/synapses/ai-agent/mcp-session-manage/mcp-session-manage-negotiation-state-transition.md
mcp-session-manage-negotiation-summary-generate,pathway,ai-agent,mcp-session-manage,docs/CognitiveBrain/contracts/synapses/ai-agent/mcp-session-manage/mcp-session-manage-negotiation-summary-generate.md
mcp-tool-register-family,pathway,ai-agent,mcp-tool-register,docs/CognitiveBrain/contracts/synapses/ai-agent/mcp-tool-register/mcp-tool-register-family.md
mcp-tool-register-negotiation-expire-check,pathway,ai-agent,mcp-tool-register,docs/CognitiveBrain/contracts/synapses/ai-agent/mcp-tool-register/mcp-tool-register-negotiation-expire-check.md
mcp-tool-register-negotiation-reminder-send,pathway,ai-agent,mcp-tool-register,docs/CognitiveBrain/contracts/synapses/ai-agent/mcp-tool-register/mcp-tool-register-negotiation-reminder-send.md
mcp-tool-register-negotiation-state-transition,pathway,ai-agent,mcp-tool-register,docs/CognitiveBrain/contracts/synapses/ai-agent/mcp-tool-register/mcp-tool-register-negotiation-state-transition.md
mcp-tool-register-negotiation-summary-generate,pathway,ai-agent,mcp-tool-register,docs/CognitiveBrain/contracts/synapses/ai-agent/mcp-tool-register/mcp-tool-register-negotiation-summary-generate.md
negotiation-expire-check-family,pathway,ai-agent,negotiation-expire-check,docs/CognitiveBrain/contracts/synapses/ai-agent/negotiation-expire-check/negotiation-expire-check-family.md
negotiation-expire-check-pricing-competitor-check,pathway,ai-agent,negotiation-expire-check,docs/CognitiveBrain/contracts/synapses/ai-agent/negotiation-expire-check/negotiation-expire-check-pricing-competitor-check.md
negotiation-expire-check-pricing-discount-calculate,pathway,ai-agent,negotiation-expire-check,docs/CognitiveBrain/contracts/synapses/ai-agent/negotiation-expire-check/negotiation-expire-check-pricing-discount-calculate.md
negotiation-expire-check-pricing-margin-check,pathway,ai-agent,negotiation-expire-check,docs/CognitiveBrain/contracts/synapses/ai-agent/negotiation-expire-check/negotiation-expire-check-pricing-margin-check.md
negotiation-reminder-send-family,pathway,ai-agent,negotiation-reminder-send,docs/CognitiveBrain/contracts/synapses/ai-agent/negotiation-reminder-send/negotiation-reminder-send-family.md
negotiation-reminder-send-pricing-competitor-check,pathway,ai-agent,negotiation-reminder-send,docs/CognitiveBrain/contracts/synapses/ai-agent/negotiation-reminder-send/negotiation-reminder-send-pricing-competitor-check.md
negotiation-reminder-send-pricing-discount-calculate,pathway,ai-agent,negotiation-reminder-send,docs/CognitiveBrain/contracts/synapses/ai-agent/negotiation-reminder-send/negotiation-reminder-send-pricing-discount-calculate.md
negotiation-reminder-send-pricing-margin-check,pathway,ai-agent,negotiation-reminder-send,docs/CognitiveBrain/contracts/synapses/ai-agent/negotiation-reminder-send/negotiation-reminder-send-pricing-margin-check.md
negotiation-state-transition-family,pathway,ai-agent,negotiation-state-transition,docs/CognitiveBrain/contracts/synapses/ai-agent/negotiation-state-transition/negotiation-state-transition-family.md
negotiation-state-transition-pricing-competitor-check,pathway,ai-agent,negotiation-state-transition,docs/CognitiveBrain/contracts/synapses/ai-agent/negotiation-state-transition/negotiation-state-transition-pricing-competitor-check.md
negotiation-state-transition-pricing-discount-calculate,pathway,ai-agent,negotiation-state-transition,docs/CognitiveBrain/contracts/synapses/ai-agent/negotiation-state-transition/negotiation-state-transition-pricing-discount-calculate.md
negotiation-state-transition-pricing-margin-check,pathway,ai-agent,negotiation-state-transition,docs/CognitiveBrain/contracts/synapses/ai-agent/negotiation-state-transition/negotiation-state-transition-pricing-margin-check.md
negotiation-summary-generate-family,pathway,ai-agent,negotiation-summary-generate,docs/CognitiveBrain/contracts/synapses/ai-agent/negotiation-summary-generate/negotiation-summary-generate-family.md
negotiation-summary-generate-pricing-competitor-check,pathway,ai-agent,negotiation-summary-generate,docs/CognitiveBrain/contracts/synapses/ai-agent/negotiation-summary-generate/negotiation-summary-generate-pricing-competitor-check.md
negotiation-summary-generate-pricing-discount-calculate,pathway,ai-agent,negotiation-summary-generate,docs/CognitiveBrain/contracts/synapses/ai-agent/negotiation-summary-generate/negotiation-summary-generate-pricing-discount-calculate.md
negotiation-summary-generate-pricing-margin-check,pathway,ai-agent,negotiation-summary-generate,docs/CognitiveBrain/contracts/synapses/ai-agent/negotiation-summary-generate/negotiation-summary-generate-pricing-margin-check.md
pricing-competitor-check-family,pathway,ai-agent,pricing-competitor-check,docs/CognitiveBrain/contracts/synapses/ai-agent/pricing-competitor-check/pricing-competitor-check-family.md
pricing-competitor-check-stock-reserve-create,pathway,ai-agent,pricing-competitor-check,docs/CognitiveBrain/contracts/synapses/ai-agent/pricing-competitor-check/pricing-competitor-check-stock-reserve-create.md
pricing-competitor-check-stock-reserve-release,pathway,ai-agent,pricing-competitor-check,docs/CognitiveBrain/contracts/synapses/ai-agent/pricing-competitor-check/pricing-competitor-check-stock-reserve-release.md
pricing-competitor-check-stock-sync-erp,pathway,ai-agent,pricing-competitor-check,docs/CognitiveBrain/contracts/synapses/ai-agent/pricing-competitor-check/pricing-competitor-check-stock-sync-erp.md
pricing-discount-calculate-family,pathway,ai-agent,pricing-discount-calculate,docs/CognitiveBrain/contracts/synapses/ai-agent/pricing-discount-calculate/pricing-discount-calculate-family.md
pricing-discount-calculate-stock-reserve-create,pathway,ai-agent,pricing-discount-calculate,docs/CognitiveBrain/contracts/synapses/ai-agent/pricing-discount-calculate/pricing-discount-calculate-stock-reserve-create.md
pricing-discount-calculate-stock-reserve-release,pathway,ai-agent,pricing-discount-calculate,docs/CognitiveBrain/contracts/synapses/ai-agent/pricing-discount-calculate/pricing-discount-calculate-stock-reserve-release.md
pricing-discount-calculate-stock-sync-erp,pathway,ai-agent,pricing-discount-calculate,docs/CognitiveBrain/contracts/synapses/ai-agent/pricing-discount-calculate/pricing-discount-calculate-stock-sync-erp.md
pricing-margin-check-family,pathway,ai-agent,pricing-margin-check,docs/CognitiveBrain/contracts/synapses/ai-agent/pricing-margin-check/pricing-margin-check-family.md
pricing-margin-check-stock-reserve-create,pathway,ai-agent,pricing-margin-check,docs/CognitiveBrain/contracts/synapses/ai-agent/pricing-margin-check/pricing-margin-check-stock-reserve-create.md
pricing-margin-check-stock-reserve-release,pathway,ai-agent,pricing-margin-check,docs/CognitiveBrain/contracts/synapses/ai-agent/pricing-margin-check/pricing-margin-check-stock-reserve-release.md
pricing-margin-check-stock-sync-erp,pathway,ai-agent,pricing-margin-check,docs/CognitiveBrain/contracts/synapses/ai-agent/pricing-margin-check/pricing-margin-check-stock-sync-erp.md
product-category-sync-ai-agent-generate,pathway,ai-agent,product-category-sync,docs/CognitiveBrain/contracts/synapses/ai-agent/product-category-sync/product-category-sync-ai-agent-generate.md
product-category-sync-ai-agent-orchestrate,pathway,ai-agent,product-category-sync,docs/CognitiveBrain/contracts/synapses/ai-agent/product-category-sync/product-category-sync-ai-agent-orchestrate.md
product-category-sync-ai-agent-response-generate,pathway,ai-agent,product-category-sync,docs/CognitiveBrain/contracts/synapses/ai-agent/product-category-sync/product-category-sync-ai-agent-response-generate.md
product-category-sync-ai-context-build,pathway,ai-agent,product-category-sync,docs/CognitiveBrain/contracts/synapses/ai-agent/product-category-sync/product-category-sync-ai-context-build.md
product-category-sync-ai-feedback-collect,pathway,ai-agent,product-category-sync,docs/CognitiveBrain/contracts/synapses/ai-agent/product-category-sync/product-category-sync-ai-feedback-collect.md
product-category-sync-ai-intent-classify,pathway,ai-agent,product-category-sync,docs/CognitiveBrain/contracts/synapses/ai-agent/product-category-sync/product-category-sync-ai-intent-classify.md
product-category-sync-ai-prompt-optimize,pathway,ai-agent,product-category-sync,docs/CognitiveBrain/contracts/synapses/ai-agent/product-category-sync/product-category-sync-ai-prompt-optimize.md
product-category-sync-ai-tool-execute,pathway,ai-agent,product-category-sync,docs/CognitiveBrain/contracts/synapses/ai-agent/product-category-sync/product-category-sync-ai-tool-execute.md
product-category-sync-family,pathway,ai-agent,product-category-sync,docs/CognitiveBrain/contracts/synapses/ai-agent/product-category-sync/product-category-sync-family.md
product-category-sync-mcp-resource-load,pathway,ai-agent,product-category-sync,docs/CognitiveBrain/contracts/synapses/ai-agent/product-category-sync/product-category-sync-mcp-resource-load.md
product-category-sync-mcp-session-manage,pathway,ai-agent,product-category-sync,docs/CognitiveBrain/contracts/synapses/ai-agent/product-category-sync/product-category-sync-mcp-session-manage.md
product-category-sync-mcp-tool-register,pathway,ai-agent,product-category-sync,docs/CognitiveBrain/contracts/synapses/ai-agent/product-category-sync/product-category-sync-mcp-tool-register.md
product-category-sync-sentiment-trend-analyze,pathway,ai-agent,product-category-sync,docs/CognitiveBrain/contracts/synapses/ai-agent/product-category-sync/product-category-sync-sentiment-trend-analyze.md
product-chunk-create-ai-agent-generate,pathway,ai-agent,product-chunk-create,docs/CognitiveBrain/contracts/synapses/ai-agent/product-chunk-create/product-chunk-create-ai-agent-generate.md
product-chunk-create-ai-agent-orchestrate,pathway,ai-agent,product-chunk-create,docs/CognitiveBrain/contracts/synapses/ai-agent/product-chunk-create/product-chunk-create-ai-agent-orchestrate.md
product-chunk-create-ai-agent-response-generate,pathway,ai-agent,product-chunk-create,docs/CognitiveBrain/contracts/synapses/ai-agent/product-chunk-create/product-chunk-create-ai-agent-response-generate.md
product-chunk-create-ai-context-build,pathway,ai-agent,product-chunk-create,docs/CognitiveBrain/contracts/synapses/ai-agent/product-chunk-create/product-chunk-create-ai-context-build.md
product-chunk-create-ai-feedback-collect,pathway,ai-agent,product-chunk-create,docs/CognitiveBrain/contracts/synapses/ai-agent/product-chunk-create/product-chunk-create-ai-feedback-collect.md
product-chunk-create-ai-intent-classify,pathway,ai-agent,product-chunk-create,docs/CognitiveBrain/contracts/synapses/ai-agent/product-chunk-create/product-chunk-create-ai-intent-classify.md
product-chunk-create-ai-prompt-optimize,pathway,ai-agent,product-chunk-create,docs/CognitiveBrain/contracts/synapses/ai-agent/product-chunk-create/product-chunk-create-ai-prompt-optimize.md
product-chunk-create-ai-tool-execute,pathway,ai-agent,product-chunk-create,docs/CognitiveBrain/contracts/synapses/ai-agent/product-chunk-create/product-chunk-create-ai-tool-execute.md
product-chunk-create-family,pathway,ai-agent,product-chunk-create,docs/CognitiveBrain/contracts/synapses/ai-agent/product-chunk-create/product-chunk-create-family.md
product-chunk-create-mcp-resource-load,pathway,ai-agent,product-chunk-create,docs/CognitiveBrain/contracts/synapses/ai-agent/product-chunk-create/product-chunk-create-mcp-resource-load.md
product-chunk-create-mcp-session-manage,pathway,ai-agent,product-chunk-create,docs/CognitiveBrain/contracts/synapses/ai-agent/product-chunk-create/product-chunk-create-mcp-session-manage.md
product-chunk-create-mcp-tool-register,pathway,ai-agent,product-chunk-create,docs/CognitiveBrain/contracts/synapses/ai-agent/product-chunk-create/product-chunk-create-mcp-tool-register.md
product-chunk-create-sentiment-trend-analyze,pathway,ai-agent,product-chunk-create,docs/CognitiveBrain/contracts/synapses/ai-agent/product-chunk-create/product-chunk-create-sentiment-trend-analyze.md
product-embedding-generate-ai-agent-generate,pathway,ai-agent,product-embedding-generate,docs/CognitiveBrain/contracts/synapses/ai-agent/product-embedding-generate/product-embedding-generate-ai-agent-generate.md
product-embedding-generate-ai-agent-orchestrate,pathway,ai-agent,product-embedding-generate,docs/CognitiveBrain/contracts/synapses/ai-agent/product-embedding-generate/product-embedding-generate-ai-agent-orchestrate.md
product-embedding-generate-ai-agent-response-generate,pathway,ai-agent,product-embedding-generate,docs/CognitiveBrain/contracts/synapses/ai-agent/product-embedding-generate/product-embedding-generate-ai-agent-response-generate.md
product-embedding-generate-ai-context-build,pathway,ai-agent,product-embedding-generate,docs/CognitiveBrain/contracts/synapses/ai-agent/product-embedding-generate/product-embedding-generate-ai-context-build.md
product-embedding-generate-ai-feedback-collect,pathway,ai-agent,product-embedding-generate,docs/CognitiveBrain/contracts/synapses/ai-agent/product-embedding-generate/product-embedding-generate-ai-feedback-collect.md
product-embedding-generate-ai-intent-classify,pathway,ai-agent,product-embedding-generate,docs/CognitiveBrain/contracts/synapses/ai-agent/product-embedding-generate/product-embedding-generate-ai-intent-classify.md
product-embedding-generate-ai-prompt-optimize,pathway,ai-agent,product-embedding-generate,docs/CognitiveBrain/contracts/synapses/ai-agent/product-embedding-generate/product-embedding-generate-ai-prompt-optimize.md
product-embedding-generate-ai-tool-execute,pathway,ai-agent,product-embedding-generate,docs/CognitiveBrain/contracts/synapses/ai-agent/product-embedding-generate/product-embedding-generate-ai-tool-execute.md
product-embedding-generate-family,pathway,ai-agent,product-embedding-generate,docs/CognitiveBrain/contracts/synapses/ai-agent/product-embedding-generate/product-embedding-generate-family.md
product-embedding-generate-mcp-resource-load,pathway,ai-agent,product-embedding-generate,docs/CognitiveBrain/contracts/synapses/ai-agent/product-embedding-generate/product-embedding-generate-mcp-resource-load.md
product-embedding-generate-mcp-session-manage,pathway,ai-agent,product-embedding-generate,docs/CognitiveBrain/contracts/synapses/ai-agent/product-embedding-generate/product-embedding-generate-mcp-session-manage.md
product-embedding-generate-mcp-tool-register,pathway,ai-agent,product-embedding-generate,docs/CognitiveBrain/contracts/synapses/ai-agent/product-embedding-generate/product-embedding-generate-mcp-tool-register.md
product-embedding-generate-sentiment-trend-analyze,pathway,ai-agent,product-embedding-generate,docs/CognitiveBrain/contracts/synapses/ai-agent/product-embedding-generate/product-embedding-generate-sentiment-trend-analyze.md
product-stock-realtime-check-ai-agent-generate,pathway,ai-agent,product-stock-realtime-check,docs/CognitiveBrain/contracts/synapses/ai-agent/product-stock-realtime-check/product-stock-realtime-check-ai-agent-generate.md
product-stock-realtime-check-ai-agent-orchestrate,pathway,ai-agent,product-stock-realtime-check,docs/CognitiveBrain/contracts/synapses/ai-agent/product-stock-realtime-check/product-stock-realtime-check-ai-agent-orchestrate.md
product-stock-realtime-check-ai-agent-response-generate,pathway,ai-agent,product-stock-realtime-check,docs/CognitiveBrain/contracts/synapses/ai-agent/product-stock-realtime-check/product-stock-realtime-check-ai-agent-response-generate.md
product-stock-realtime-check-ai-context-build,pathway,ai-agent,product-stock-realtime-check,docs/CognitiveBrain/contracts/synapses/ai-agent/product-stock-realtime-check/product-stock-realtime-check-ai-context-build.md
product-stock-realtime-check-ai-feedback-collect,pathway,ai-agent,product-stock-realtime-check,docs/CognitiveBrain/contracts/synapses/ai-agent/product-stock-realtime-check/product-stock-realtime-check-ai-feedback-collect.md
product-stock-realtime-check-ai-intent-classify,pathway,ai-agent,product-stock-realtime-check,docs/CognitiveBrain/contracts/synapses/ai-agent/product-stock-realtime-check/product-stock-realtime-check-ai-intent-classify.md
product-stock-realtime-check-ai-prompt-optimize,pathway,ai-agent,product-stock-realtime-check,docs/CognitiveBrain/contracts/synapses/ai-agent/product-stock-realtime-check/product-stock-realtime-check-ai-prompt-optimize.md
product-stock-realtime-check-ai-tool-execute,pathway,ai-agent,product-stock-realtime-check,docs/CognitiveBrain/contracts/synapses/ai-agent/product-stock-realtime-check/product-stock-realtime-check-ai-tool-execute.md
product-stock-realtime-check-family,pathway,ai-agent,product-stock-realtime-check,docs/CognitiveBrain/contracts/synapses/ai-agent/product-stock-realtime-check/product-stock-realtime-check-family.md
product-stock-realtime-check-mcp-resource-load,pathway,ai-agent,product-stock-realtime-check,docs/CognitiveBrain/contracts/synapses/ai-agent/product-stock-realtime-check/product-stock-realtime-check-mcp-resource-load.md
product-stock-realtime-check-mcp-session-manage,pathway,ai-agent,product-stock-realtime-check,docs/CognitiveBrain/contracts/synapses/ai-agent/product-stock-realtime-check/product-stock-realtime-check-mcp-session-manage.md
product-stock-realtime-check-mcp-tool-register,pathway,ai-agent,product-stock-realtime-check,docs/CognitiveBrain/contracts/synapses/ai-agent/product-stock-realtime-check/product-stock-realtime-check-mcp-tool-register.md
product-stock-realtime-check-sentiment-trend-analyze,pathway,ai-agent,product-stock-realtime-check,docs/CognitiveBrain/contracts/synapses/ai-agent/product-stock-realtime-check/product-stock-realtime-check-sentiment-trend-analyze.md
product-sync-shopify-ai-agent-generate,pathway,ai-agent,product-sync-shopify,docs/CognitiveBrain/contracts/synapses/ai-agent/product-sync-shopify/product-sync-shopify-ai-agent-generate.md
product-sync-shopify-ai-agent-orchestrate,pathway,ai-agent,product-sync-shopify,docs/CognitiveBrain/contracts/synapses/ai-agent/product-sync-shopify/product-sync-shopify-ai-agent-orchestrate.md
product-sync-shopify-ai-agent-response-generate,pathway,ai-agent,product-sync-shopify,docs/CognitiveBrain/contracts/synapses/ai-agent/product-sync-shopify/product-sync-shopify-ai-agent-response-generate.md
product-sync-shopify-ai-context-build,pathway,ai-agent,product-sync-shopify,docs/CognitiveBrain/contracts/synapses/ai-agent/product-sync-shopify/product-sync-shopify-ai-context-build.md
product-sync-shopify-ai-feedback-collect,pathway,ai-agent,product-sync-shopify,docs/CognitiveBrain/contracts/synapses/ai-agent/product-sync-shopify/product-sync-shopify-ai-feedback-collect.md
product-sync-shopify-ai-intent-classify,pathway,ai-agent,product-sync-shopify,docs/CognitiveBrain/contracts/synapses/ai-agent/product-sync-shopify/product-sync-shopify-ai-intent-classify.md
product-sync-shopify-ai-prompt-optimize,pathway,ai-agent,product-sync-shopify,docs/CognitiveBrain/contracts/synapses/ai-agent/product-sync-shopify/product-sync-shopify-ai-prompt-optimize.md
product-sync-shopify-ai-tool-execute,pathway,ai-agent,product-sync-shopify,docs/CognitiveBrain/contracts/synapses/ai-agent/product-sync-shopify/product-sync-shopify-ai-tool-execute.md
product-sync-shopify-family,pathway,ai-agent,product-sync-shopify,docs/CognitiveBrain/contracts/synapses/ai-agent/product-sync-shopify/product-sync-shopify-family.md
product-sync-shopify-mcp-resource-load,pathway,ai-agent,product-sync-shopify,docs/CognitiveBrain/contracts/synapses/ai-agent/product-sync-shopify/product-sync-shopify-mcp-resource-load.md
product-sync-shopify-mcp-session-manage,pathway,ai-agent,product-sync-shopify,docs/CognitiveBrain/contracts/synapses/ai-agent/product-sync-shopify/product-sync-shopify-mcp-session-manage.md
product-sync-shopify-mcp-tool-register,pathway,ai-agent,product-sync-shopify,docs/CognitiveBrain/contracts/synapses/ai-agent/product-sync-shopify/product-sync-shopify-mcp-tool-register.md
product-sync-shopify-sentiment-trend-analyze,pathway,ai-agent,product-sync-shopify,docs/CognitiveBrain/contracts/synapses/ai-agent/product-sync-shopify/product-sync-shopify-sentiment-trend-analyze.md
product-variant-process-ai-agent-generate,pathway,ai-agent,product-variant-process,docs/CognitiveBrain/contracts/synapses/ai-agent/product-variant-process/product-variant-process-ai-agent-generate.md
product-variant-process-ai-agent-orchestrate,pathway,ai-agent,product-variant-process,docs/CognitiveBrain/contracts/synapses/ai-agent/product-variant-process/product-variant-process-ai-agent-orchestrate.md
product-variant-process-ai-agent-response-generate,pathway,ai-agent,product-variant-process,docs/CognitiveBrain/contracts/synapses/ai-agent/product-variant-process/product-variant-process-ai-agent-response-generate.md
product-variant-process-ai-context-build,pathway,ai-agent,product-variant-process,docs/CognitiveBrain/contracts/synapses/ai-agent/product-variant-process/product-variant-process-ai-context-build.md
product-variant-process-ai-feedback-collect,pathway,ai-agent,product-variant-process,docs/CognitiveBrain/contracts/synapses/ai-agent/product-variant-process/product-variant-process-ai-feedback-collect.md
product-variant-process-ai-intent-classify,pathway,ai-agent,product-variant-process,docs/CognitiveBrain/contracts/synapses/ai-agent/product-variant-process/product-variant-process-ai-intent-classify.md
product-variant-process-ai-prompt-optimize,pathway,ai-agent,product-variant-process,docs/CognitiveBrain/contracts/synapses/ai-agent/product-variant-process/product-variant-process-ai-prompt-optimize.md
product-variant-process-ai-tool-execute,pathway,ai-agent,product-variant-process,docs/CognitiveBrain/contracts/synapses/ai-agent/product-variant-process/product-variant-process-ai-tool-execute.md
product-variant-process-family,pathway,ai-agent,product-variant-process,docs/CognitiveBrain/contracts/synapses/ai-agent/product-variant-process/product-variant-process-family.md
product-variant-process-mcp-resource-load,pathway,ai-agent,product-variant-process,docs/CognitiveBrain/contracts/synapses/ai-agent/product-variant-process/product-variant-process-mcp-resource-load.md
product-variant-process-mcp-session-manage,pathway,ai-agent,product-variant-process,docs/CognitiveBrain/contracts/synapses/ai-agent/product-variant-process/product-variant-process-mcp-session-manage.md
product-variant-process-mcp-tool-register,pathway,ai-agent,product-variant-process,docs/CognitiveBrain/contracts/synapses/ai-agent/product-variant-process/product-variant-process-mcp-tool-register.md
product-variant-process-sentiment-trend-analyze,pathway,ai-agent,product-variant-process,docs/CognitiveBrain/contracts/synapses/ai-agent/product-variant-process/product-variant-process-sentiment-trend-analyze.md
search-hybrid-execute-ai-agent-generate,pathway,ai-agent,search-hybrid-execute,docs/CognitiveBrain/contracts/synapses/ai-agent/search-hybrid-execute/search-hybrid-execute-ai-agent-generate.md
search-hybrid-execute-ai-agent-orchestrate,pathway,ai-agent,search-hybrid-execute,docs/CognitiveBrain/contracts/synapses/ai-agent/search-hybrid-execute/search-hybrid-execute-ai-agent-orchestrate.md
search-hybrid-execute-ai-agent-response-generate,pathway,ai-agent,search-hybrid-execute,docs/CognitiveBrain/contracts/synapses/ai-agent/search-hybrid-execute/search-hybrid-execute-ai-agent-response-generate.md
search-hybrid-execute-ai-context-build,pathway,ai-agent,search-hybrid-execute,docs/CognitiveBrain/contracts/synapses/ai-agent/search-hybrid-execute/search-hybrid-execute-ai-context-build.md
search-hybrid-execute-ai-feedback-collect,pathway,ai-agent,search-hybrid-execute,docs/CognitiveBrain/contracts/synapses/ai-agent/search-hybrid-execute/search-hybrid-execute-ai-feedback-collect.md
search-hybrid-execute-ai-intent-classify,pathway,ai-agent,search-hybrid-execute,docs/CognitiveBrain/contracts/synapses/ai-agent/search-hybrid-execute/search-hybrid-execute-ai-intent-classify.md
search-hybrid-execute-ai-prompt-optimize,pathway,ai-agent,search-hybrid-execute,docs/CognitiveBrain/contracts/synapses/ai-agent/search-hybrid-execute/search-hybrid-execute-ai-prompt-optimize.md
search-hybrid-execute-ai-tool-execute,pathway,ai-agent,search-hybrid-execute,docs/CognitiveBrain/contracts/synapses/ai-agent/search-hybrid-execute/search-hybrid-execute-ai-tool-execute.md
search-hybrid-execute-family,pathway,ai-agent,search-hybrid-execute,docs/CognitiveBrain/contracts/synapses/ai-agent/search-hybrid-execute/search-hybrid-execute-family.md
search-hybrid-execute-mcp-resource-load,pathway,ai-agent,search-hybrid-execute,docs/CognitiveBrain/contracts/synapses/ai-agent/search-hybrid-execute/search-hybrid-execute-mcp-resource-load.md
search-hybrid-execute-mcp-session-manage,pathway,ai-agent,search-hybrid-execute,docs/CognitiveBrain/contracts/synapses/ai-agent/search-hybrid-execute/search-hybrid-execute-mcp-session-manage.md
search-hybrid-execute-mcp-tool-register,pathway,ai-agent,search-hybrid-execute,docs/CognitiveBrain/contracts/synapses/ai-agent/search-hybrid-execute/search-hybrid-execute-mcp-tool-register.md
search-hybrid-execute-sentiment-trend-analyze,pathway,ai-agent,search-hybrid-execute,docs/CognitiveBrain/contracts/synapses/ai-agent/search-hybrid-execute/search-hybrid-execute-sentiment-trend-analyze.md
search-index-rebuild-ai-agent-generate,pathway,ai-agent,search-index-rebuild,docs/CognitiveBrain/contracts/synapses/ai-agent/search-index-rebuild/search-index-rebuild-ai-agent-generate.md
search-index-rebuild-ai-agent-orchestrate,pathway,ai-agent,search-index-rebuild,docs/CognitiveBrain/contracts/synapses/ai-agent/search-index-rebuild/search-index-rebuild-ai-agent-orchestrate.md
search-index-rebuild-ai-agent-response-generate,pathway,ai-agent,search-index-rebuild,docs/CognitiveBrain/contracts/synapses/ai-agent/search-index-rebuild/search-index-rebuild-ai-agent-response-generate.md
search-index-rebuild-ai-context-build,pathway,ai-agent,search-index-rebuild,docs/CognitiveBrain/contracts/synapses/ai-agent/search-index-rebuild/search-index-rebuild-ai-context-build.md
search-index-rebuild-ai-feedback-collect,pathway,ai-agent,search-index-rebuild,docs/CognitiveBrain/contracts/synapses/ai-agent/search-index-rebuild/search-index-rebuild-ai-feedback-collect.md
search-index-rebuild-ai-intent-classify,pathway,ai-agent,search-index-rebuild,docs/CognitiveBrain/contracts/synapses/ai-agent/search-index-rebuild/search-index-rebuild-ai-intent-classify.md
search-index-rebuild-ai-prompt-optimize,pathway,ai-agent,search-index-rebuild,docs/CognitiveBrain/contracts/synapses/ai-agent/search-index-rebuild/search-index-rebuild-ai-prompt-optimize.md
search-index-rebuild-ai-tool-execute,pathway,ai-agent,search-index-rebuild,docs/CognitiveBrain/contracts/synapses/ai-agent/search-index-rebuild/search-index-rebuild-ai-tool-execute.md
search-index-rebuild-family,pathway,ai-agent,search-index-rebuild,docs/CognitiveBrain/contracts/synapses/ai-agent/search-index-rebuild/search-index-rebuild-family.md
search-index-rebuild-mcp-resource-load,pathway,ai-agent,search-index-rebuild,docs/CognitiveBrain/contracts/synapses/ai-agent/search-index-rebuild/search-index-rebuild-mcp-resource-load.md
search-index-rebuild-mcp-session-manage,pathway,ai-agent,search-index-rebuild,docs/CognitiveBrain/contracts/synapses/ai-agent/search-index-rebuild/search-index-rebuild-mcp-session-manage.md
search-index-rebuild-mcp-tool-register,pathway,ai-agent,search-index-rebuild,docs/CognitiveBrain/contracts/synapses/ai-agent/search-index-rebuild/search-index-rebuild-mcp-tool-register.md
search-index-rebuild-sentiment-trend-analyze,pathway,ai-agent,search-index-rebuild,docs/CognitiveBrain/contracts/synapses/ai-agent/search-index-rebuild/search-index-rebuild-sentiment-trend-analyze.md
search-query-understand-ai-agent-generate,pathway,ai-agent,search-query-understand,docs/CognitiveBrain/contracts/synapses/ai-agent/search-query-understand/search-query-understand-ai-agent-generate.md
search-query-understand-ai-agent-orchestrate,pathway,ai-agent,search-query-understand,docs/CognitiveBrain/contracts/synapses/ai-agent/search-query-understand/search-query-understand-ai-agent-orchestrate.md
search-query-understand-ai-agent-response-generate,pathway,ai-agent,search-query-understand,docs/CognitiveBrain/contracts/synapses/ai-agent/search-query-understand/search-query-understand-ai-agent-response-generate.md
search-query-understand-ai-context-build,pathway,ai-agent,search-query-understand,docs/CognitiveBrain/contracts/synapses/ai-agent/search-query-understand/search-query-understand-ai-context-build.md
search-query-understand-ai-feedback-collect,pathway,ai-agent,search-query-understand,docs/CognitiveBrain/contracts/synapses/ai-agent/search-query-understand/search-query-understand-ai-feedback-collect.md
search-query-understand-ai-intent-classify,pathway,ai-agent,search-query-understand,docs/CognitiveBrain/contracts/synapses/ai-agent/search-query-understand/search-query-understand-ai-intent-classify.md
search-query-understand-ai-prompt-optimize,pathway,ai-agent,search-query-understand,docs/CognitiveBrain/contracts/synapses/ai-agent/search-query-understand/search-query-understand-ai-prompt-optimize.md
search-query-understand-ai-tool-execute,pathway,ai-agent,search-query-understand,docs/CognitiveBrain/contracts/synapses/ai-agent/search-query-understand/search-query-understand-ai-tool-execute.md
search-query-understand-family,pathway,ai-agent,search-query-understand,docs/CognitiveBrain/contracts/synapses/ai-agent/search-query-understand/search-query-understand-family.md
search-query-understand-mcp-resource-load,pathway,ai-agent,search-query-understand,docs/CognitiveBrain/contracts/synapses/ai-agent/search-query-understand/search-query-understand-mcp-resource-load.md
search-query-understand-mcp-session-manage,pathway,ai-agent,search-query-understand,docs/CognitiveBrain/contracts/synapses/ai-agent/search-query-understand/search-query-understand-mcp-session-manage.md
search-query-understand-mcp-tool-register,pathway,ai-agent,search-query-understand,docs/CognitiveBrain/contracts/synapses/ai-agent/search-query-understand/search-query-understand-mcp-tool-register.md
search-query-understand-sentiment-trend-analyze,pathway,ai-agent,search-query-understand,docs/CognitiveBrain/contracts/synapses/ai-agent/search-query-understand/search-query-understand-sentiment-trend-analyze.md
search-rerank-cross-encoder-ai-agent-generate,pathway,ai-agent,search-rerank-cross-encoder,docs/CognitiveBrain/contracts/synapses/ai-agent/search-rerank-cross-encoder/search-rerank-cross-encoder-ai-agent-generate.md
search-rerank-cross-encoder-ai-agent-orchestrate,pathway,ai-agent,search-rerank-cross-encoder,docs/CognitiveBrain/contracts/synapses/ai-agent/search-rerank-cross-encoder/search-rerank-cross-encoder-ai-agent-orchestrate.md
search-rerank-cross-encoder-ai-agent-response-generate,pathway,ai-agent,search-rerank-cross-encoder,docs/CognitiveBrain/contracts/synapses/ai-agent/search-rerank-cross-encoder/search-rerank-cross-encoder-ai-agent-response-generate.md
search-rerank-cross-encoder-ai-context-build,pathway,ai-agent,search-rerank-cross-encoder,docs/CognitiveBrain/contracts/synapses/ai-agent/search-rerank-cross-encoder/search-rerank-cross-encoder-ai-context-build.md
search-rerank-cross-encoder-ai-feedback-collect,pathway,ai-agent,search-rerank-cross-encoder,docs/CognitiveBrain/contracts/synapses/ai-agent/search-rerank-cross-encoder/search-rerank-cross-encoder-ai-feedback-collect.md
search-rerank-cross-encoder-ai-intent-classify,pathway,ai-agent,search-rerank-cross-encoder,docs/CognitiveBrain/contracts/synapses/ai-agent/search-rerank-cross-encoder/search-rerank-cross-encoder-ai-intent-classify.md
search-rerank-cross-encoder-ai-prompt-optimize,pathway,ai-agent,search-rerank-cross-encoder,docs/CognitiveBrain/contracts/synapses/ai-agent/search-rerank-cross-encoder/search-rerank-cross-encoder-ai-prompt-optimize.md
search-rerank-cross-encoder-ai-tool-execute,pathway,ai-agent,search-rerank-cross-encoder,docs/CognitiveBrain/contracts/synapses/ai-agent/search-rerank-cross-encoder/search-rerank-cross-encoder-ai-tool-execute.md
search-rerank-cross-encoder-family,pathway,ai-agent,search-rerank-cross-encoder,docs/CognitiveBrain/contracts/synapses/ai-agent/search-rerank-cross-encoder/search-rerank-cross-encoder-family.md
search-rerank-cross-encoder-mcp-resource-load,pathway,ai-agent,search-rerank-cross-encoder,docs/CognitiveBrain/contracts/synapses/ai-agent/search-rerank-cross-encoder/search-rerank-cross-encoder-mcp-resource-load.md
search-rerank-cross-encoder-mcp-session-manage,pathway,ai-agent,search-rerank-cross-encoder,docs/CognitiveBrain/contracts/synapses/ai-agent/search-rerank-cross-encoder/search-rerank-cross-encoder-mcp-session-manage.md
search-rerank-cross-encoder-mcp-tool-register,pathway,ai-agent,search-rerank-cross-encoder,docs/CognitiveBrain/contracts/synapses/ai-agent/search-rerank-cross-encoder/search-rerank-cross-encoder-mcp-tool-register.md
search-rerank-cross-encoder-sentiment-trend-analyze,pathway,ai-agent,search-rerank-cross-encoder,docs/CognitiveBrain/contracts/synapses/ai-agent/search-rerank-cross-encoder/search-rerank-cross-encoder-sentiment-trend-analyze.md
alert-bounce-high-family,pathway,alerts,alert-bounce-high,docs/CognitiveBrain/contracts/synapses/alerts/alert-bounce-high/alert-bounce-high-family.md
alert-bounce-high-human-approve-message,pathway,alerts,alert-bounce-high,docs/CognitiveBrain/contracts/synapses/alerts/alert-bounce-high/alert-bounce-high-human-approve-message.md
alert-bounce-high-human-review-queue,pathway,alerts,alert-bounce-high,docs/CognitiveBrain/contracts/synapses/alerts/alert-bounce-high/alert-bounce-high-human-review-queue.md
alert-bounce-high-human-takeover-complete,pathway,alerts,alert-bounce-high,docs/CognitiveBrain/contracts/synapses/alerts/alert-bounce-high/alert-bounce-high-human-takeover-complete.md
alert-bounce-high-human-takeover-initiate,pathway,alerts,alert-bounce-high,docs/CognitiveBrain/contracts/synapses/alerts/alert-bounce-high/alert-bounce-high-human-takeover-initiate.md
alert-client-account-blocked-audit-compliance-check,pathway,alerts,alert-client-account-blocked,docs/CognitiveBrain/contracts/synapses/alerts/alert-client-account-blocked/alert-client-account-blocked-audit-compliance-check.md
alert-client-account-blocked-audit-data-anonymize,pathway,alerts,alert-client-account-blocked,docs/CognitiveBrain/contracts/synapses/alerts/alert-client-account-blocked/alert-client-account-blocked-audit-data-anonymize.md
alert-client-account-blocked-audit-log-write,pathway,alerts,alert-client-account-blocked,docs/CognitiveBrain/contracts/synapses/alerts/alert-client-account-blocked/alert-client-account-blocked-audit-log-write.md
alert-client-account-blocked-family,pathway,alerts,alert-client-account-blocked,docs/CognitiveBrain/contracts/synapses/alerts/alert-client-account-blocked/alert-client-account-blocked-family.md
alert-client-contract-pending-audit-compliance-check,pathway,alerts,alert-client-contract-pending,docs/CognitiveBrain/contracts/synapses/alerts/alert-client-contract-pending/alert-client-contract-pending-audit-compliance-check.md
alert-client-contract-pending-audit-data-anonymize,pathway,alerts,alert-client-contract-pending,docs/CognitiveBrain/contracts/synapses/alerts/alert-client-contract-pending/alert-client-contract-pending-audit-data-anonymize.md
alert-client-contract-pending-audit-log-write,pathway,alerts,alert-client-contract-pending,docs/CognitiveBrain/contracts/synapses/alerts/alert-client-contract-pending/alert-client-contract-pending-audit-log-write.md
alert-client-contract-pending-family,pathway,alerts,alert-client-contract-pending,docs/CognitiveBrain/contracts/synapses/alerts/alert-client-contract-pending/alert-client-contract-pending-family.md
alert-client-credit-insufficient-audit-compliance-check,pathway,alerts,alert-client-credit-insufficient,docs/CognitiveBrain/contracts/synapses/alerts/alert-client-credit-insufficient/alert-client-credit-insufficient-audit-compliance-check.md
alert-client-credit-insufficient-audit-data-anonymize,pathway,alerts,alert-client-credit-insufficient,docs/CognitiveBrain/contracts/synapses/alerts/alert-client-credit-insufficient/alert-client-credit-insufficient-audit-data-anonymize.md
alert-client-credit-insufficient-audit-log-write,pathway,alerts,alert-client-credit-insufficient,docs/CognitiveBrain/contracts/synapses/alerts/alert-client-credit-insufficient/alert-client-credit-insufficient-audit-log-write.md
alert-client-credit-insufficient-family,pathway,alerts,alert-client-credit-insufficient,docs/CognitiveBrain/contracts/synapses/alerts/alert-client-credit-insufficient/alert-client-credit-insufficient-family.md
alert-client-delivered-audit-compliance-check,pathway,alerts,alert-client-delivered,docs/CognitiveBrain/contracts/synapses/alerts/alert-client-delivered/alert-client-delivered-audit-compliance-check.md
alert-client-delivered-audit-data-anonymize,pathway,alerts,alert-client-delivered,docs/CognitiveBrain/contracts/synapses/alerts/alert-client-delivered/alert-client-delivered-audit-data-anonymize.md
alert-client-delivered-audit-log-write,pathway,alerts,alert-client-delivered,docs/CognitiveBrain/contracts/synapses/alerts/alert-client-delivered/alert-client-delivered-audit-log-write.md
alert-client-delivered-family,pathway,alerts,alert-client-delivered,docs/CognitiveBrain/contracts/synapses/alerts/alert-client-delivered/alert-client-delivered-family.md
alert-client-delivery-failed-audit-compliance-check,pathway,alerts,alert-client-delivery-failed,docs/CognitiveBrain/contracts/synapses/alerts/alert-client-delivery-failed/alert-client-delivery-failed-audit-compliance-check.md
alert-client-delivery-failed-audit-data-anonymize,pathway,alerts,alert-client-delivery-failed,docs/CognitiveBrain/contracts/synapses/alerts/alert-client-delivery-failed/alert-client-delivery-failed-audit-data-anonymize.md
alert-client-delivery-failed-audit-log-write,pathway,alerts,alert-client-delivery-failed,docs/CognitiveBrain/contracts/synapses/alerts/alert-client-delivery-failed/alert-client-delivery-failed-audit-log-write.md
alert-client-delivery-failed-family,pathway,alerts,alert-client-delivery-failed,docs/CognitiveBrain/contracts/synapses/alerts/alert-client-delivery-failed/alert-client-delivery-failed-family.md
alert-client-out-for-delivery-audit-compliance-check,pathway,alerts,alert-client-out-for-delivery,docs/CognitiveBrain/contracts/synapses/alerts/alert-client-out-for-delivery/alert-client-out-for-delivery-audit-compliance-check.md
alert-client-out-for-delivery-audit-data-anonymize,pathway,alerts,alert-client-out-for-delivery,docs/CognitiveBrain/contracts/synapses/alerts/alert-client-out-for-delivery/alert-client-out-for-delivery-audit-data-anonymize.md
alert-client-out-for-delivery-audit-log-write,pathway,alerts,alert-client-out-for-delivery,docs/CognitiveBrain/contracts/synapses/alerts/alert-client-out-for-delivery/alert-client-out-for-delivery-audit-log-write.md
alert-client-out-for-delivery-family,pathway,alerts,alert-client-out-for-delivery,docs/CognitiveBrain/contracts/synapses/alerts/alert-client-out-for-delivery/alert-client-out-for-delivery-family.md
alert-client-payment-received-audit-compliance-check,pathway,alerts,alert-client-payment-received,docs/CognitiveBrain/contracts/synapses/alerts/alert-client-payment-received/alert-client-payment-received-audit-compliance-check.md
alert-client-payment-received-audit-data-anonymize,pathway,alerts,alert-client-payment-received,docs/CognitiveBrain/contracts/synapses/alerts/alert-client-payment-received/alert-client-payment-received-audit-data-anonymize.md
alert-client-payment-received-audit-log-write,pathway,alerts,alert-client-payment-received,docs/CognitiveBrain/contracts/synapses/alerts/alert-client-payment-received/alert-client-payment-received-audit-log-write.md
alert-client-payment-received-family,pathway,alerts,alert-client-payment-received,docs/CognitiveBrain/contracts/synapses/alerts/alert-client-payment-received/alert-client-payment-received-family.md
alert-client-payment-reminder-audit-compliance-check,pathway,alerts,alert-client-payment-reminder,docs/CognitiveBrain/contracts/synapses/alerts/alert-client-payment-reminder/alert-client-payment-reminder-audit-compliance-check.md
alert-client-payment-reminder-audit-data-anonymize,pathway,alerts,alert-client-payment-reminder,docs/CognitiveBrain/contracts/synapses/alerts/alert-client-payment-reminder/alert-client-payment-reminder-audit-data-anonymize.md
alert-client-payment-reminder-audit-log-write,pathway,alerts,alert-client-payment-reminder,docs/CognitiveBrain/contracts/synapses/alerts/alert-client-payment-reminder/alert-client-payment-reminder-audit-log-write.md
alert-client-payment-reminder-family,pathway,alerts,alert-client-payment-reminder,docs/CognitiveBrain/contracts/synapses/alerts/alert-client-payment-reminder/alert-client-payment-reminder-family.md
alert-client-referral-reward-compliance-audit-generate,pathway,alerts,alert-client-referral-reward,docs/CognitiveBrain/contracts/synapses/alerts/alert-client-referral-reward/alert-client-referral-reward-compliance-audit-generate.md
alert-client-referral-reward-compliance-consent-check,pathway,alerts,alert-client-referral-reward,docs/CognitiveBrain/contracts/synapses/alerts/alert-client-referral-reward/alert-client-referral-reward-compliance-consent-check.md
alert-client-referral-reward-compliance-data-anonymize,pathway,alerts,alert-client-referral-reward,docs/CognitiveBrain/contracts/synapses/alerts/alert-client-referral-reward/alert-client-referral-reward-compliance-data-anonymize.md
alert-client-referral-reward-compliance-optout-process,pathway,alerts,alert-client-referral-reward,docs/CognitiveBrain/contracts/synapses/alerts/alert-client-referral-reward/alert-client-referral-reward-compliance-optout-process.md
alert-client-referral-reward-family,pathway,alerts,alert-client-referral-reward,docs/CognitiveBrain/contracts/synapses/alerts/alert-client-referral-reward/alert-client-referral-reward-family.md
alert-client-return-created-audit-compliance-check,pathway,alerts,alert-client-return-created,docs/CognitiveBrain/contracts/synapses/alerts/alert-client-return-created/alert-client-return-created-audit-compliance-check.md
alert-client-return-created-audit-data-anonymize,pathway,alerts,alert-client-return-created,docs/CognitiveBrain/contracts/synapses/alerts/alert-client-return-created/alert-client-return-created-audit-data-anonymize.md
alert-client-return-created-audit-log-write,pathway,alerts,alert-client-return-created,docs/CognitiveBrain/contracts/synapses/alerts/alert-client-return-created/alert-client-return-created-audit-log-write.md
alert-client-return-created-family,pathway,alerts,alert-client-return-created,docs/CognitiveBrain/contracts/synapses/alerts/alert-client-return-created/alert-client-return-created-family.md
alert-client-shipped-audit-compliance-check,pathway,alerts,alert-client-shipped,docs/CognitiveBrain/contracts/synapses/alerts/alert-client-shipped/alert-client-shipped-audit-compliance-check.md
alert-client-shipped-audit-data-anonymize,pathway,alerts,alert-client-shipped,docs/CognitiveBrain/contracts/synapses/alerts/alert-client-shipped/alert-client-shipped-audit-data-anonymize.md
alert-client-shipped-audit-log-write,pathway,alerts,alert-client-shipped,docs/CognitiveBrain/contracts/synapses/alerts/alert-client-shipped/alert-client-shipped-audit-log-write.md
alert-client-shipped-family,pathway,alerts,alert-client-shipped,docs/CognitiveBrain/contracts/synapses/alerts/alert-client-shipped/alert-client-shipped-family.md
alert-client-welcome-compliance-audit-generate,pathway,alerts,alert-client-welcome,docs/CognitiveBrain/contracts/synapses/alerts/alert-client-welcome/alert-client-welcome-compliance-audit-generate.md
alert-client-welcome-compliance-consent-check,pathway,alerts,alert-client-welcome,docs/CognitiveBrain/contracts/synapses/alerts/alert-client-welcome/alert-client-welcome-compliance-consent-check.md
alert-client-welcome-compliance-data-anonymize,pathway,alerts,alert-client-welcome,docs/CognitiveBrain/contracts/synapses/alerts/alert-client-welcome/alert-client-welcome-compliance-data-anonymize.md
alert-client-welcome-compliance-optout-process,pathway,alerts,alert-client-welcome,docs/CognitiveBrain/contracts/synapses/alerts/alert-client-welcome/alert-client-welcome-compliance-optout-process.md
alert-client-welcome-family,pathway,alerts,alert-client-welcome,docs/CognitiveBrain/contracts/synapses/alerts/alert-client-welcome/alert-client-welcome-family.md
alert-internal-campaign-launched-compliance-audit-generate,pathway,alerts,alert-internal-campaign-launched,docs/CognitiveBrain/contracts/synapses/alerts/alert-internal-campaign-launched/alert-internal-campaign-launched-compliance-audit-generate.md
alert-internal-campaign-launched-compliance-consent-check,pathway,alerts,alert-internal-campaign-launched,docs/CognitiveBrain/contracts/synapses/alerts/alert-internal-campaign-launched/alert-internal-campaign-launched-compliance-consent-check.md
alert-internal-campaign-launched-compliance-data-anonymize,pathway,alerts,alert-internal-campaign-launched,docs/CognitiveBrain/contracts/synapses/alerts/alert-internal-campaign-launched/alert-internal-campaign-launched-compliance-data-anonymize.md
alert-internal-campaign-launched-compliance-optout-process,pathway,alerts,alert-internal-campaign-launched,docs/CognitiveBrain/contracts/synapses/alerts/alert-internal-campaign-launched/alert-internal-campaign-launched-compliance-optout-process.md
alert-internal-campaign-launched-family,pathway,alerts,alert-internal-campaign-launched,docs/CognitiveBrain/contracts/synapses/alerts/alert-internal-campaign-launched/alert-internal-campaign-launched-family.md
alert-internal-churn-daily-compliance-audit-generate,pathway,alerts,alert-internal-churn-daily,docs/CognitiveBrain/contracts/synapses/alerts/alert-internal-churn-daily/alert-internal-churn-daily-compliance-audit-generate.md
alert-internal-churn-daily-compliance-consent-check,pathway,alerts,alert-internal-churn-daily,docs/CognitiveBrain/contracts/synapses/alerts/alert-internal-churn-daily/alert-internal-churn-daily-compliance-consent-check.md
alert-internal-churn-daily-compliance-data-anonymize,pathway,alerts,alert-internal-churn-daily,docs/CognitiveBrain/contracts/synapses/alerts/alert-internal-churn-daily/alert-internal-churn-daily-compliance-data-anonymize.md
alert-internal-churn-daily-compliance-optout-process,pathway,alerts,alert-internal-churn-daily,docs/CognitiveBrain/contracts/synapses/alerts/alert-internal-churn-daily/alert-internal-churn-daily-compliance-optout-process.md
alert-internal-churn-daily-family,pathway,alerts,alert-internal-churn-daily,docs/CognitiveBrain/contracts/synapses/alerts/alert-internal-churn-daily/alert-internal-churn-daily-family.md
alert-internal-competitor-price-compliance-audit-generate,pathway,alerts,alert-internal-competitor-price,docs/CognitiveBrain/contracts/synapses/alerts/alert-internal-competitor-price/alert-internal-competitor-price-compliance-audit-generate.md
alert-internal-competitor-price-compliance-consent-check,pathway,alerts,alert-internal-competitor-price,docs/CognitiveBrain/contracts/synapses/alerts/alert-internal-competitor-price/alert-internal-competitor-price-compliance-consent-check.md
alert-internal-competitor-price-compliance-data-anonymize,pathway,alerts,alert-internal-competitor-price,docs/CognitiveBrain/contracts/synapses/alerts/alert-internal-competitor-price/alert-internal-competitor-price-compliance-data-anonymize.md
alert-internal-competitor-price-compliance-optout-process,pathway,alerts,alert-internal-competitor-price,docs/CognitiveBrain/contracts/synapses/alerts/alert-internal-competitor-price/alert-internal-competitor-price-compliance-optout-process.md
alert-internal-competitor-price-family,pathway,alerts,alert-internal-competitor-price,docs/CognitiveBrain/contracts/synapses/alerts/alert-internal-competitor-price/alert-internal-competitor-price-family.md
alert-internal-compliance-issue-audit-compliance-check,pathway,alerts,alert-internal-compliance-issue,docs/CognitiveBrain/contracts/synapses/alerts/alert-internal-compliance-issue/alert-internal-compliance-issue-audit-compliance-check.md
alert-internal-compliance-issue-audit-data-anonymize,pathway,alerts,alert-internal-compliance-issue,docs/CognitiveBrain/contracts/synapses/alerts/alert-internal-compliance-issue/alert-internal-compliance-issue-audit-data-anonymize.md
alert-internal-compliance-issue-audit-log-write,pathway,alerts,alert-internal-compliance-issue,docs/CognitiveBrain/contracts/synapses/alerts/alert-internal-compliance-issue/alert-internal-compliance-issue-audit-log-write.md
alert-internal-compliance-issue-family,pathway,alerts,alert-internal-compliance-issue,docs/CognitiveBrain/contracts/synapses/alerts/alert-internal-compliance-issue/alert-internal-compliance-issue-family.md
alert-internal-contract-signed-audit-compliance-check,pathway,alerts,alert-internal-contract-signed,docs/CognitiveBrain/contracts/synapses/alerts/alert-internal-contract-signed/alert-internal-contract-signed-audit-compliance-check.md
alert-internal-contract-signed-audit-data-anonymize,pathway,alerts,alert-internal-contract-signed,docs/CognitiveBrain/contracts/synapses/alerts/alert-internal-contract-signed/alert-internal-contract-signed-audit-data-anonymize.md
alert-internal-contract-signed-audit-log-write,pathway,alerts,alert-internal-contract-signed,docs/CognitiveBrain/contracts/synapses/alerts/alert-internal-contract-signed/alert-internal-contract-signed-audit-log-write.md
alert-internal-contract-signed-family,pathway,alerts,alert-internal-contract-signed,docs/CognitiveBrain/contracts/synapses/alerts/alert-internal-contract-signed/alert-internal-contract-signed-family.md
alert-internal-credit-blocked-audit-compliance-check,pathway,alerts,alert-internal-credit-blocked,docs/CognitiveBrain/contracts/synapses/alerts/alert-internal-credit-blocked/alert-internal-credit-blocked-audit-compliance-check.md
alert-internal-credit-blocked-audit-data-anonymize,pathway,alerts,alert-internal-credit-blocked,docs/CognitiveBrain/contracts/synapses/alerts/alert-internal-credit-blocked/alert-internal-credit-blocked-audit-data-anonymize.md
alert-internal-credit-blocked-audit-log-write,pathway,alerts,alert-internal-credit-blocked,docs/CognitiveBrain/contracts/synapses/alerts/alert-internal-credit-blocked/alert-internal-credit-blocked-audit-log-write.md
alert-internal-credit-blocked-family,pathway,alerts,alert-internal-credit-blocked,docs/CognitiveBrain/contracts/synapses/alerts/alert-internal-credit-blocked/alert-internal-credit-blocked-family.md
alert-internal-daily-summary-audit-compliance-check,pathway,alerts,alert-internal-daily-summary,docs/CognitiveBrain/contracts/synapses/alerts/alert-internal-daily-summary/alert-internal-daily-summary-audit-compliance-check.md
alert-internal-daily-summary-audit-data-anonymize,pathway,alerts,alert-internal-daily-summary,docs/CognitiveBrain/contracts/synapses/alerts/alert-internal-daily-summary/alert-internal-daily-summary-audit-data-anonymize.md
alert-internal-daily-summary-audit-log-write,pathway,alerts,alert-internal-daily-summary,docs/CognitiveBrain/contracts/synapses/alerts/alert-internal-daily-summary/alert-internal-daily-summary-audit-log-write.md
alert-internal-daily-summary-family,pathway,alerts,alert-internal-daily-summary,docs/CognitiveBrain/contracts/synapses/alerts/alert-internal-daily-summary/alert-internal-daily-summary-family.md
alert-internal-delivery-cluster-compliance-audit-generate,pathway,alerts,alert-internal-delivery-cluster,docs/CognitiveBrain/contracts/synapses/alerts/alert-internal-delivery-cluster/alert-internal-delivery-cluster-compliance-audit-generate.md
alert-internal-delivery-cluster-compliance-consent-check,pathway,alerts,alert-internal-delivery-cluster,docs/CognitiveBrain/contracts/synapses/alerts/alert-internal-delivery-cluster/alert-internal-delivery-cluster-compliance-consent-check.md
alert-internal-delivery-cluster-compliance-data-anonymize,pathway,alerts,alert-internal-delivery-cluster,docs/CognitiveBrain/contracts/synapses/alerts/alert-internal-delivery-cluster/alert-internal-delivery-cluster-compliance-data-anonymize.md
alert-internal-delivery-cluster-compliance-optout-process,pathway,alerts,alert-internal-delivery-cluster,docs/CognitiveBrain/contracts/synapses/alerts/alert-internal-delivery-cluster/alert-internal-delivery-cluster-compliance-optout-process.md
alert-internal-delivery-cluster-family,pathway,alerts,alert-internal-delivery-cluster,docs/CognitiveBrain/contracts/synapses/alerts/alert-internal-delivery-cluster/alert-internal-delivery-cluster-family.md
alert-internal-insolvency-detected-audit-compliance-check,pathway,alerts,alert-internal-insolvency-detected,docs/CognitiveBrain/contracts/synapses/alerts/alert-internal-insolvency-detected/alert-internal-insolvency-detected-audit-compliance-check.md
alert-internal-insolvency-detected-audit-data-anonymize,pathway,alerts,alert-internal-insolvency-detected,docs/CognitiveBrain/contracts/synapses/alerts/alert-internal-insolvency-detected/alert-internal-insolvency-detected-audit-data-anonymize.md
alert-internal-insolvency-detected-audit-log-write,pathway,alerts,alert-internal-insolvency-detected,docs/CognitiveBrain/contracts/synapses/alerts/alert-internal-insolvency-detected/alert-internal-insolvency-detected-audit-log-write.md
alert-internal-insolvency-detected-family,pathway,alerts,alert-internal-insolvency-detected,docs/CognitiveBrain/contracts/synapses/alerts/alert-internal-insolvency-detected/alert-internal-insolvency-detected-family.md
alert-internal-nps-drop-compliance-audit-generate,pathway,alerts,alert-internal-nps-drop,docs/CognitiveBrain/contracts/synapses/alerts/alert-internal-nps-drop/alert-internal-nps-drop-compliance-audit-generate.md
alert-internal-nps-drop-compliance-consent-check,pathway,alerts,alert-internal-nps-drop,docs/CognitiveBrain/contracts/synapses/alerts/alert-internal-nps-drop/alert-internal-nps-drop-compliance-consent-check.md
alert-internal-nps-drop-compliance-data-anonymize,pathway,alerts,alert-internal-nps-drop,docs/CognitiveBrain/contracts/synapses/alerts/alert-internal-nps-drop/alert-internal-nps-drop-compliance-data-anonymize.md
alert-internal-nps-drop-compliance-optout-process,pathway,alerts,alert-internal-nps-drop,docs/CognitiveBrain/contracts/synapses/alerts/alert-internal-nps-drop/alert-internal-nps-drop-compliance-optout-process.md
alert-internal-nps-drop-family,pathway,alerts,alert-internal-nps-drop,docs/CognitiveBrain/contracts/synapses/alerts/alert-internal-nps-drop/alert-internal-nps-drop-family.md
alert-internal-oblio-sync-failed-audit-compliance-check,pathway,alerts,alert-internal-oblio-sync-failed,docs/CognitiveBrain/contracts/synapses/alerts/alert-internal-oblio-sync-failed/alert-internal-oblio-sync-failed-audit-compliance-check.md
alert-internal-oblio-sync-failed-audit-data-anonymize,pathway,alerts,alert-internal-oblio-sync-failed,docs/CognitiveBrain/contracts/synapses/alerts/alert-internal-oblio-sync-failed/alert-internal-oblio-sync-failed-audit-data-anonymize.md
alert-internal-oblio-sync-failed-audit-log-write,pathway,alerts,alert-internal-oblio-sync-failed,docs/CognitiveBrain/contracts/synapses/alerts/alert-internal-oblio-sync-failed/alert-internal-oblio-sync-failed-audit-log-write.md
alert-internal-oblio-sync-failed-family,pathway,alerts,alert-internal-oblio-sync-failed,docs/CognitiveBrain/contracts/synapses/alerts/alert-internal-oblio-sync-failed/alert-internal-oblio-sync-failed-family.md
alert-internal-return-received-audit-compliance-check,pathway,alerts,alert-internal-return-received,docs/CognitiveBrain/contracts/synapses/alerts/alert-internal-return-received/alert-internal-return-received-audit-compliance-check.md
alert-internal-return-received-audit-data-anonymize,pathway,alerts,alert-internal-return-received,docs/CognitiveBrain/contracts/synapses/alerts/alert-internal-return-received/alert-internal-return-received-audit-data-anonymize.md
alert-internal-return-received-audit-log-write,pathway,alerts,alert-internal-return-received,docs/CognitiveBrain/contracts/synapses/alerts/alert-internal-return-received/alert-internal-return-received-audit-log-write.md
alert-internal-return-received-family,pathway,alerts,alert-internal-return-received,docs/CognitiveBrain/contracts/synapses/alerts/alert-internal-return-received/alert-internal-return-received-family.md
alert-internal-stock-insufficient-audit-compliance-check,pathway,alerts,alert-internal-stock-insufficient,docs/CognitiveBrain/contracts/synapses/alerts/alert-internal-stock-insufficient/alert-internal-stock-insufficient-audit-compliance-check.md
alert-internal-stock-insufficient-audit-data-anonymize,pathway,alerts,alert-internal-stock-insufficient,docs/CognitiveBrain/contracts/synapses/alerts/alert-internal-stock-insufficient/alert-internal-stock-insufficient-audit-data-anonymize.md
alert-internal-stock-insufficient-audit-log-write,pathway,alerts,alert-internal-stock-insufficient,docs/CognitiveBrain/contracts/synapses/alerts/alert-internal-stock-insufficient/alert-internal-stock-insufficient-audit-log-write.md
alert-internal-stock-insufficient-family,pathway,alerts,alert-internal-stock-insufficient,docs/CognitiveBrain/contracts/synapses/alerts/alert-internal-stock-insufficient/alert-internal-stock-insufficient-family.md
alert-internal-storno-failed-audit-compliance-check,pathway,alerts,alert-internal-storno-failed,docs/CognitiveBrain/contracts/synapses/alerts/alert-internal-storno-failed/alert-internal-storno-failed-audit-compliance-check.md
alert-internal-storno-failed-audit-data-anonymize,pathway,alerts,alert-internal-storno-failed,docs/CognitiveBrain/contracts/synapses/alerts/alert-internal-storno-failed/alert-internal-storno-failed-audit-data-anonymize.md
alert-internal-storno-failed-audit-log-write,pathway,alerts,alert-internal-storno-failed,docs/CognitiveBrain/contracts/synapses/alerts/alert-internal-storno-failed/alert-internal-storno-failed-audit-log-write.md
alert-internal-storno-failed-family,pathway,alerts,alert-internal-storno-failed,docs/CognitiveBrain/contracts/synapses/alerts/alert-internal-storno-failed/alert-internal-storno-failed-family.md
alert-phone-banned-family,pathway,alerts,alert-phone-banned,docs/CognitiveBrain/contracts/synapses/alerts/alert-phone-banned/alert-phone-banned-family.md
alert-phone-banned-human-approve-message,pathway,alerts,alert-phone-banned,docs/CognitiveBrain/contracts/synapses/alerts/alert-phone-banned/alert-phone-banned-human-approve-message.md
alert-phone-banned-human-review-queue,pathway,alerts,alert-phone-banned,docs/CognitiveBrain/contracts/synapses/alerts/alert-phone-banned/alert-phone-banned-human-review-queue.md
alert-phone-banned-human-takeover-complete,pathway,alerts,alert-phone-banned,docs/CognitiveBrain/contracts/synapses/alerts/alert-phone-banned/alert-phone-banned-human-takeover-complete.md
alert-phone-banned-human-takeover-initiate,pathway,alerts,alert-phone-banned,docs/CognitiveBrain/contracts/synapses/alerts/alert-phone-banned/alert-phone-banned-human-takeover-initiate.md
alert-phone-offline-family,pathway,alerts,alert-phone-offline,docs/CognitiveBrain/contracts/synapses/alerts/alert-phone-offline/alert-phone-offline-family.md
alert-phone-offline-human-approve-message,pathway,alerts,alert-phone-offline,docs/CognitiveBrain/contracts/synapses/alerts/alert-phone-offline/alert-phone-offline-human-approve-message.md
alert-phone-offline-human-review-queue,pathway,alerts,alert-phone-offline,docs/CognitiveBrain/contracts/synapses/alerts/alert-phone-offline/alert-phone-offline-human-review-queue.md
alert-phone-offline-human-takeover-complete,pathway,alerts,alert-phone-offline,docs/CognitiveBrain/contracts/synapses/alerts/alert-phone-offline/alert-phone-offline-human-takeover-complete.md
alert-phone-offline-human-takeover-initiate,pathway,alerts,alert-phone-offline,docs/CognitiveBrain/contracts/synapses/alerts/alert-phone-offline/alert-phone-offline-human-takeover-initiate.md
campaign-cluster-launch-content-drip-schedule,pathway,channels-outreach,campaign-cluster-launch,docs/CognitiveBrain/contracts/synapses/channels-outreach/campaign-cluster-launch/campaign-cluster-launch-content-drip-schedule.md
campaign-cluster-launch-content-drip-send,pathway,channels-outreach,campaign-cluster-launch,docs/CognitiveBrain/contracts/synapses/channels-outreach/campaign-cluster-launch/campaign-cluster-launch-content-drip-send.md
campaign-cluster-launch-content-personalize-ai,pathway,channels-outreach,campaign-cluster-launch,docs/CognitiveBrain/contracts/synapses/channels-outreach/campaign-cluster-launch/campaign-cluster-launch-content-personalize-ai.md
campaign-cluster-launch-content-seasonal-generate,pathway,channels-outreach,campaign-cluster-launch,docs/CognitiveBrain/contracts/synapses/channels-outreach/campaign-cluster-launch/campaign-cluster-launch-content-seasonal-generate.md
campaign-cluster-launch-email-cold-add-to-campaign,pathway,channels-outreach,campaign-cluster-launch,docs/CognitiveBrain/contracts/synapses/channels-outreach/campaign-cluster-launch/campaign-cluster-launch-email-cold-add-to-campaign.md
campaign-cluster-launch-family,pathway,channels-outreach,campaign-cluster-launch,docs/CognitiveBrain/contracts/synapses/channels-outreach/campaign-cluster-launch/campaign-cluster-launch-family.md
campaign-cluster-launch-wa-send-initial,pathway,channels-outreach,campaign-cluster-launch,docs/CognitiveBrain/contracts/synapses/channels-outreach/campaign-cluster-launch/campaign-cluster-launch-wa-send-initial.md
campaign-cluster-launch-wa-send-reply,pathway,channels-outreach,campaign-cluster-launch,docs/CognitiveBrain/contracts/synapses/channels-outreach/campaign-cluster-launch/campaign-cluster-launch-wa-send-reply.md
email-cold-add-to-campaign-alert-client-referral-reward,pathway,channels-outreach,email-cold-add-to-campaign,docs/CognitiveBrain/contracts/synapses/channels-outreach/email-cold-add-to-campaign/email-cold-add-to-campaign-alert-client-referral-reward.md
email-cold-add-to-campaign-alert-client-welcome,pathway,channels-outreach,email-cold-add-to-campaign,docs/CognitiveBrain/contracts/synapses/channels-outreach/email-cold-add-to-campaign/email-cold-add-to-campaign-alert-client-welcome.md
email-cold-add-to-campaign-alert-internal-campaign-launched,pathway,channels-outreach,email-cold-add-to-campaign,docs/CognitiveBrain/contracts/synapses/channels-outreach/email-cold-add-to-campaign/email-cold-add-to-campaign-alert-internal-campaign-launched.md
email-cold-add-to-campaign-alert-internal-churn-daily,pathway,channels-outreach,email-cold-add-to-campaign,docs/CognitiveBrain/contracts/synapses/channels-outreach/email-cold-add-to-campaign/email-cold-add-to-campaign-alert-internal-churn-daily.md
email-cold-add-to-campaign-alert-internal-competitor-price,pathway,channels-outreach,email-cold-add-to-campaign,docs/CognitiveBrain/contracts/synapses/channels-outreach/email-cold-add-to-campaign/email-cold-add-to-campaign-alert-internal-competitor-price.md
email-cold-add-to-campaign-alert-internal-delivery-cluster,pathway,channels-outreach,email-cold-add-to-campaign,docs/CognitiveBrain/contracts/synapses/channels-outreach/email-cold-add-to-campaign/email-cold-add-to-campaign-alert-internal-delivery-cluster.md
email-cold-add-to-campaign-alert-internal-nps-drop,pathway,channels-outreach,email-cold-add-to-campaign,docs/CognitiveBrain/contracts/synapses/channels-outreach/email-cold-add-to-campaign/email-cold-add-to-campaign-alert-internal-nps-drop.md
email-cold-add-to-campaign-email-warm-document,pathway,channels-outreach,email-cold-add-to-campaign,docs/CognitiveBrain/contracts/synapses/channels-outreach/email-cold-add-to-campaign/email-cold-add-to-campaign-email-warm-document.md
email-cold-add-to-campaign-email-warm-proforma,pathway,channels-outreach,email-cold-add-to-campaign,docs/CognitiveBrain/contracts/synapses/channels-outreach/email-cold-add-to-campaign/email-cold-add-to-campaign-email-warm-proforma.md
email-cold-add-to-campaign-email-warm-send,pathway,channels-outreach,email-cold-add-to-campaign,docs/CognitiveBrain/contracts/synapses/channels-outreach/email-cold-add-to-campaign/email-cold-add-to-campaign-email-warm-send.md
email-cold-add-to-campaign-family,pathway,channels-outreach,email-cold-add-to-campaign,docs/CognitiveBrain/contracts/synapses/channels-outreach/email-cold-add-to-campaign/email-cold-add-to-campaign-family.md
email-cold-add-to-campaign-trigger-subsidy-calendar,pathway,channels-outreach,email-cold-add-to-campaign,docs/CognitiveBrain/contracts/synapses/channels-outreach/email-cold-add-to-campaign/email-cold-add-to-campaign-trigger-subsidy-calendar.md
email-cold-analytics-fetch-email-warm-document,pathway,channels-outreach,email-cold-analytics-fetch,docs/CognitiveBrain/contracts/synapses/channels-outreach/email-cold-analytics-fetch/email-cold-analytics-fetch-email-warm-document.md
email-cold-analytics-fetch-email-warm-proforma,pathway,channels-outreach,email-cold-analytics-fetch,docs/CognitiveBrain/contracts/synapses/channels-outreach/email-cold-analytics-fetch/email-cold-analytics-fetch-email-warm-proforma.md
email-cold-analytics-fetch-email-warm-send,pathway,channels-outreach,email-cold-analytics-fetch,docs/CognitiveBrain/contracts/synapses/channels-outreach/email-cold-analytics-fetch/email-cold-analytics-fetch-email-warm-send.md
email-cold-analytics-fetch-family,pathway,channels-outreach,email-cold-analytics-fetch,docs/CognitiveBrain/contracts/synapses/channels-outreach/email-cold-analytics-fetch/email-cold-analytics-fetch-family.md
email-cold-campaign-create-email-warm-document,pathway,channels-outreach,email-cold-campaign-create,docs/CognitiveBrain/contracts/synapses/channels-outreach/email-cold-campaign-create/email-cold-campaign-create-email-warm-document.md
email-cold-campaign-create-email-warm-proforma,pathway,channels-outreach,email-cold-campaign-create,docs/CognitiveBrain/contracts/synapses/channels-outreach/email-cold-campaign-create/email-cold-campaign-create-email-warm-proforma.md
email-cold-campaign-create-email-warm-send,pathway,channels-outreach,email-cold-campaign-create,docs/CognitiveBrain/contracts/synapses/channels-outreach/email-cold-campaign-create/email-cold-campaign-create-email-warm-send.md
email-cold-campaign-create-family,pathway,channels-outreach,email-cold-campaign-create,docs/CognitiveBrain/contracts/synapses/channels-outreach/email-cold-campaign-create/email-cold-campaign-create-family.md
email-cold-campaign-pause-email-warm-document,pathway,channels-outreach,email-cold-campaign-pause,docs/CognitiveBrain/contracts/synapses/channels-outreach/email-cold-campaign-pause/email-cold-campaign-pause-email-warm-document.md
email-cold-campaign-pause-email-warm-proforma,pathway,channels-outreach,email-cold-campaign-pause,docs/CognitiveBrain/contracts/synapses/channels-outreach/email-cold-campaign-pause/email-cold-campaign-pause-email-warm-proforma.md
email-cold-campaign-pause-email-warm-send,pathway,channels-outreach,email-cold-campaign-pause,docs/CognitiveBrain/contracts/synapses/channels-outreach/email-cold-campaign-pause/email-cold-campaign-pause-email-warm-send.md
email-cold-campaign-pause-family,pathway,channels-outreach,email-cold-campaign-pause,docs/CognitiveBrain/contracts/synapses/channels-outreach/email-cold-campaign-pause/email-cold-campaign-pause-family.md
email-cold-lead-status-email-warm-document,pathway,channels-outreach,email-cold-lead-status,docs/CognitiveBrain/contracts/synapses/channels-outreach/email-cold-lead-status/email-cold-lead-status-email-warm-document.md
email-cold-lead-status-email-warm-proforma,pathway,channels-outreach,email-cold-lead-status,docs/CognitiveBrain/contracts/synapses/channels-outreach/email-cold-lead-status/email-cold-lead-status-email-warm-proforma.md
email-cold-lead-status-email-warm-send,pathway,channels-outreach,email-cold-lead-status,docs/CognitiveBrain/contracts/synapses/channels-outreach/email-cold-lead-status/email-cold-lead-status-email-warm-send.md
email-cold-lead-status-family,pathway,channels-outreach,email-cold-lead-status,docs/CognitiveBrain/contracts/synapses/channels-outreach/email-cold-lead-status/email-cold-lead-status-family.md
email-warm-document-family,pathway,channels-outreach,email-warm-document,docs/CognitiveBrain/contracts/synapses/channels-outreach/email-warm-document/email-warm-document-family.md
email-warm-document-webhook-instantly-ingest,pathway,channels-outreach,email-warm-document,docs/CognitiveBrain/contracts/synapses/channels-outreach/email-warm-document/email-warm-document-webhook-instantly-ingest.md
email-warm-document-webhook-resend-ingest,pathway,channels-outreach,email-warm-document,docs/CognitiveBrain/contracts/synapses/channels-outreach/email-warm-document/email-warm-document-webhook-resend-ingest.md
email-warm-document-webhook-timelinesai-ingest,pathway,channels-outreach,email-warm-document,docs/CognitiveBrain/contracts/synapses/channels-outreach/email-warm-document/email-warm-document-webhook-timelinesai-ingest.md
email-warm-proforma-family,pathway,channels-outreach,email-warm-proforma,docs/CognitiveBrain/contracts/synapses/channels-outreach/email-warm-proforma/email-warm-proforma-family.md
email-warm-proforma-webhook-instantly-ingest,pathway,channels-outreach,email-warm-proforma,docs/CognitiveBrain/contracts/synapses/channels-outreach/email-warm-proforma/email-warm-proforma-webhook-instantly-ingest.md
email-warm-proforma-webhook-resend-ingest,pathway,channels-outreach,email-warm-proforma,docs/CognitiveBrain/contracts/synapses/channels-outreach/email-warm-proforma/email-warm-proforma-webhook-resend-ingest.md
email-warm-proforma-webhook-timelinesai-ingest,pathway,channels-outreach,email-warm-proforma,docs/CognitiveBrain/contracts/synapses/channels-outreach/email-warm-proforma/email-warm-proforma-webhook-timelinesai-ingest.md
email-warm-send-family,pathway,channels-outreach,email-warm-send,docs/CognitiveBrain/contracts/synapses/channels-outreach/email-warm-send/email-warm-send-family.md
email-warm-send-webhook-instantly-ingest,pathway,channels-outreach,email-warm-send,docs/CognitiveBrain/contracts/synapses/channels-outreach/email-warm-send/email-warm-send-webhook-instantly-ingest.md
email-warm-send-webhook-resend-ingest,pathway,channels-outreach,email-warm-send,docs/CognitiveBrain/contracts/synapses/channels-outreach/email-warm-send/email-warm-send-webhook-resend-ingest.md
email-warm-send-webhook-timelinesai-ingest,pathway,channels-outreach,email-warm-send,docs/CognitiveBrain/contracts/synapses/channels-outreach/email-warm-send/email-warm-send-webhook-timelinesai-ingest.md
lead-assign-user-ai-intent-classify,pathway,channels-outreach,lead-assign-user,docs/CognitiveBrain/contracts/synapses/channels-outreach/lead-assign-user/lead-assign-user-ai-intent-classify.md
lead-assign-user-ai-response-generate,pathway,channels-outreach,lead-assign-user,docs/CognitiveBrain/contracts/synapses/channels-outreach/lead-assign-user/lead-assign-user-ai-response-generate.md
lead-assign-user-ai-sentiment-analyze,pathway,channels-outreach,lead-assign-user,docs/CognitiveBrain/contracts/synapses/channels-outreach/lead-assign-user/lead-assign-user-ai-sentiment-analyze.md
lead-assign-user-family,pathway,channels-outreach,lead-assign-user,docs/CognitiveBrain/contracts/synapses/channels-outreach/lead-assign-user/lead-assign-user-family.md
lead-state-transition-ai-intent-classify,pathway,channels-outreach,lead-state-transition,docs/CognitiveBrain/contracts/synapses/channels-outreach/lead-state-transition/lead-state-transition-ai-intent-classify.md
lead-state-transition-ai-response-generate,pathway,channels-outreach,lead-state-transition,docs/CognitiveBrain/contracts/synapses/channels-outreach/lead-state-transition/lead-state-transition-ai-response-generate.md
lead-state-transition-ai-sentiment-analyze,pathway,channels-outreach,lead-state-transition,docs/CognitiveBrain/contracts/synapses/channels-outreach/lead-state-transition/lead-state-transition-ai-sentiment-analyze.md
lead-state-transition-family,pathway,channels-outreach,lead-state-transition,docs/CognitiveBrain/contracts/synapses/channels-outreach/lead-state-transition/lead-state-transition-family.md
outreach-channel-selector-family,pathway,channels-outreach,outreach-channel-selector,docs/CognitiveBrain/contracts/synapses/channels-outreach/outreach-channel-selector/outreach-channel-selector-family.md
outreach-channel-selector-template-spintax-process,pathway,channels-outreach,outreach-channel-selector,docs/CognitiveBrain/contracts/synapses/channels-outreach/outreach-channel-selector/outreach-channel-selector-template-spintax-process.md
outreach-orchestrator-dispatch-family,pathway,channels-outreach,outreach-orchestrator-dispatch,docs/CognitiveBrain/contracts/synapses/channels-outreach/outreach-orchestrator-dispatch/outreach-orchestrator-dispatch-family.md
outreach-orchestrator-dispatch-template-spintax-process,pathway,channels-outreach,outreach-orchestrator-dispatch,docs/CognitiveBrain/contracts/synapses/channels-outreach/outreach-orchestrator-dispatch/outreach-orchestrator-dispatch-template-spintax-process.md
outreach-orchestrator-router-family,pathway,channels-outreach,outreach-orchestrator-router,docs/CognitiveBrain/contracts/synapses/channels-outreach/outreach-orchestrator-router/outreach-orchestrator-router-family.md
outreach-orchestrator-router-template-spintax-process,pathway,channels-outreach,outreach-orchestrator-router,docs/CognitiveBrain/contracts/synapses/channels-outreach/outreach-orchestrator-router/outreach-orchestrator-router-template-spintax-process.md
outreach-phone-allocator-family,pathway,channels-outreach,outreach-phone-allocator,docs/CognitiveBrain/contracts/synapses/channels-outreach/outreach-phone-allocator/outreach-phone-allocator-family.md
outreach-phone-allocator-template-spintax-process,pathway,channels-outreach,outreach-phone-allocator,docs/CognitiveBrain/contracts/synapses/channels-outreach/outreach-phone-allocator/outreach-phone-allocator-template-spintax-process.md
outreach-wa-delay-family,pathway,channels-outreach,outreach-wa-delay,docs/CognitiveBrain/contracts/synapses/channels-outreach/outreach-wa-delay/outreach-wa-delay-family.md
outreach-wa-delay-template-spintax-process,pathway,channels-outreach,outreach-wa-delay,docs/CognitiveBrain/contracts/synapses/channels-outreach/outreach-wa-delay/outreach-wa-delay-template-spintax-process.md
outreach-wa-reschedule-family,pathway,channels-outreach,outreach-wa-reschedule,docs/CognitiveBrain/contracts/synapses/channels-outreach/outreach-wa-reschedule/outreach-wa-reschedule-family.md
outreach-wa-reschedule-template-spintax-process,pathway,channels-outreach,outreach-wa-reschedule,docs/CognitiveBrain/contracts/synapses/channels-outreach/outreach-wa-reschedule/outreach-wa-reschedule-template-spintax-process.md
outreach-wa-send-family,pathway,channels-outreach,outreach-wa-send,docs/CognitiveBrain/contracts/synapses/channels-outreach/outreach-wa-send/outreach-wa-send-family.md
outreach-wa-send-template-spintax-process,pathway,channels-outreach,outreach-wa-send,docs/CognitiveBrain/contracts/synapses/channels-outreach/outreach-wa-send/outreach-wa-send-template-spintax-process.md
q-email-cold-email-warm-document,pathway,channels-outreach,q-email-cold,docs/CognitiveBrain/contracts/synapses/channels-outreach/q-email-cold/q-email-cold-email-warm-document.md
q-email-cold-email-warm-proforma,pathway,channels-outreach,q-email-cold,docs/CognitiveBrain/contracts/synapses/channels-outreach/q-email-cold/q-email-cold-email-warm-proforma.md
q-email-cold-email-warm-send,pathway,channels-outreach,q-email-cold,docs/CognitiveBrain/contracts/synapses/channels-outreach/q-email-cold/q-email-cold-email-warm-send.md
q-email-cold-family,pathway,channels-outreach,q-email-cold,docs/CognitiveBrain/contracts/synapses/channels-outreach/q-email-cold/q-email-cold-family.md
q-email-warm-email-warm-document,pathway,channels-outreach,q-email-warm,docs/CognitiveBrain/contracts/synapses/channels-outreach/q-email-warm/q-email-warm-email-warm-document.md
q-email-warm-email-warm-proforma,pathway,channels-outreach,q-email-warm,docs/CognitiveBrain/contracts/synapses/channels-outreach/q-email-warm/q-email-warm-email-warm-proforma.md
q-email-warm-email-warm-send,pathway,channels-outreach,q-email-warm,docs/CognitiveBrain/contracts/synapses/channels-outreach/q-email-warm/q-email-warm-email-warm-send.md
q-email-warm-family,pathway,channels-outreach,q-email-warm,docs/CognitiveBrain/contracts/synapses/channels-outreach/q-email-warm/q-email-warm-family.md
q-wa-phone-email-cold-add-to-campaign,pathway,channels-outreach,q-wa-phone,docs/CognitiveBrain/contracts/synapses/channels-outreach/q-wa-phone/q-wa-phone-email-cold-add-to-campaign.md
q-wa-phone-email-cold-analytics-fetch,pathway,channels-outreach,q-wa-phone,docs/CognitiveBrain/contracts/synapses/channels-outreach/q-wa-phone/q-wa-phone-email-cold-analytics-fetch.md
q-wa-phone-email-cold-campaign-create,pathway,channels-outreach,q-wa-phone,docs/CognitiveBrain/contracts/synapses/channels-outreach/q-wa-phone/q-wa-phone-email-cold-campaign-create.md
q-wa-phone-email-cold-campaign-pause,pathway,channels-outreach,q-wa-phone,docs/CognitiveBrain/contracts/synapses/channels-outreach/q-wa-phone/q-wa-phone-email-cold-campaign-pause.md
q-wa-phone-email-cold-lead-status,pathway,channels-outreach,q-wa-phone,docs/CognitiveBrain/contracts/synapses/channels-outreach/q-wa-phone/q-wa-phone-email-cold-lead-status.md
q-wa-phone-family,pathway,channels-outreach,q-wa-phone,docs/CognitiveBrain/contracts/synapses/channels-outreach/q-wa-phone/q-wa-phone-family.md
q-wa-phone-q-email-cold,pathway,channels-outreach,q-wa-phone,docs/CognitiveBrain/contracts/synapses/channels-outreach/q-wa-phone/q-wa-phone-q-email-cold.md
q-wa-phone-q-email-warm,pathway,channels-outreach,q-wa-phone,docs/CognitiveBrain/contracts/synapses/channels-outreach/q-wa-phone/q-wa-phone-q-email-warm.md
q-wa-phone-01-email-cold-add-to-campaign,pathway,channels-outreach,q-wa-phone-01,docs/CognitiveBrain/contracts/synapses/channels-outreach/q-wa-phone-01/q-wa-phone-01-email-cold-add-to-campaign.md
q-wa-phone-01-email-cold-analytics-fetch,pathway,channels-outreach,q-wa-phone-01,docs/CognitiveBrain/contracts/synapses/channels-outreach/q-wa-phone-01/q-wa-phone-01-email-cold-analytics-fetch.md
q-wa-phone-01-email-cold-campaign-create,pathway,channels-outreach,q-wa-phone-01,docs/CognitiveBrain/contracts/synapses/channels-outreach/q-wa-phone-01/q-wa-phone-01-email-cold-campaign-create.md
q-wa-phone-01-email-cold-campaign-pause,pathway,channels-outreach,q-wa-phone-01,docs/CognitiveBrain/contracts/synapses/channels-outreach/q-wa-phone-01/q-wa-phone-01-email-cold-campaign-pause.md
q-wa-phone-01-email-cold-lead-status,pathway,channels-outreach,q-wa-phone-01,docs/CognitiveBrain/contracts/synapses/channels-outreach/q-wa-phone-01/q-wa-phone-01-email-cold-lead-status.md
q-wa-phone-01-family,pathway,channels-outreach,q-wa-phone-01,docs/CognitiveBrain/contracts/synapses/channels-outreach/q-wa-phone-01/q-wa-phone-01-family.md
q-wa-phone-01-q-email-cold,pathway,channels-outreach,q-wa-phone-01,docs/CognitiveBrain/contracts/synapses/channels-outreach/q-wa-phone-01/q-wa-phone-01-q-email-cold.md
q-wa-phone-01-q-email-warm,pathway,channels-outreach,q-wa-phone-01,docs/CognitiveBrain/contracts/synapses/channels-outreach/q-wa-phone-01/q-wa-phone-01-q-email-warm.md
q-wa-phone-02-email-cold-add-to-campaign,pathway,channels-outreach,q-wa-phone-02,docs/CognitiveBrain/contracts/synapses/channels-outreach/q-wa-phone-02/q-wa-phone-02-email-cold-add-to-campaign.md
q-wa-phone-02-email-cold-analytics-fetch,pathway,channels-outreach,q-wa-phone-02,docs/CognitiveBrain/contracts/synapses/channels-outreach/q-wa-phone-02/q-wa-phone-02-email-cold-analytics-fetch.md
q-wa-phone-02-email-cold-campaign-create,pathway,channels-outreach,q-wa-phone-02,docs/CognitiveBrain/contracts/synapses/channels-outreach/q-wa-phone-02/q-wa-phone-02-email-cold-campaign-create.md
q-wa-phone-02-email-cold-campaign-pause,pathway,channels-outreach,q-wa-phone-02,docs/CognitiveBrain/contracts/synapses/channels-outreach/q-wa-phone-02/q-wa-phone-02-email-cold-campaign-pause.md
q-wa-phone-02-email-cold-lead-status,pathway,channels-outreach,q-wa-phone-02,docs/CognitiveBrain/contracts/synapses/channels-outreach/q-wa-phone-02/q-wa-phone-02-email-cold-lead-status.md
q-wa-phone-02-family,pathway,channels-outreach,q-wa-phone-02,docs/CognitiveBrain/contracts/synapses/channels-outreach/q-wa-phone-02/q-wa-phone-02-family.md
q-wa-phone-02-q-email-cold,pathway,channels-outreach,q-wa-phone-02,docs/CognitiveBrain/contracts/synapses/channels-outreach/q-wa-phone-02/q-wa-phone-02-q-email-cold.md
q-wa-phone-02-q-email-warm,pathway,channels-outreach,q-wa-phone-02,docs/CognitiveBrain/contracts/synapses/channels-outreach/q-wa-phone-02/q-wa-phone-02-q-email-warm.md
q-wa-phone-20-email-cold-add-to-campaign,pathway,channels-outreach,q-wa-phone-20,docs/CognitiveBrain/contracts/synapses/channels-outreach/q-wa-phone-20/q-wa-phone-20-email-cold-add-to-campaign.md
q-wa-phone-20-email-cold-analytics-fetch,pathway,channels-outreach,q-wa-phone-20,docs/CognitiveBrain/contracts/synapses/channels-outreach/q-wa-phone-20/q-wa-phone-20-email-cold-analytics-fetch.md
q-wa-phone-20-email-cold-campaign-create,pathway,channels-outreach,q-wa-phone-20,docs/CognitiveBrain/contracts/synapses/channels-outreach/q-wa-phone-20/q-wa-phone-20-email-cold-campaign-create.md
q-wa-phone-20-email-cold-campaign-pause,pathway,channels-outreach,q-wa-phone-20,docs/CognitiveBrain/contracts/synapses/channels-outreach/q-wa-phone-20/q-wa-phone-20-email-cold-campaign-pause.md
q-wa-phone-20-email-cold-lead-status,pathway,channels-outreach,q-wa-phone-20,docs/CognitiveBrain/contracts/synapses/channels-outreach/q-wa-phone-20/q-wa-phone-20-email-cold-lead-status.md
q-wa-phone-20-family,pathway,channels-outreach,q-wa-phone-20,docs/CognitiveBrain/contracts/synapses/channels-outreach/q-wa-phone-20/q-wa-phone-20-family.md
q-wa-phone-20-q-email-cold,pathway,channels-outreach,q-wa-phone-20,docs/CognitiveBrain/contracts/synapses/channels-outreach/q-wa-phone-20/q-wa-phone-20-q-email-cold.md
q-wa-phone-20-q-email-warm,pathway,channels-outreach,q-wa-phone-20,docs/CognitiveBrain/contracts/synapses/channels-outreach/q-wa-phone-20/q-wa-phone-20-q-email-warm.md
q-wa-phone-xx-email-cold-add-to-campaign,pathway,channels-outreach,q-wa-phone-xx,docs/CognitiveBrain/contracts/synapses/channels-outreach/q-wa-phone-xx/q-wa-phone-xx-email-cold-add-to-campaign.md
q-wa-phone-xx-email-cold-analytics-fetch,pathway,channels-outreach,q-wa-phone-xx,docs/CognitiveBrain/contracts/synapses/channels-outreach/q-wa-phone-xx/q-wa-phone-xx-email-cold-analytics-fetch.md
q-wa-phone-xx-email-cold-campaign-create,pathway,channels-outreach,q-wa-phone-xx,docs/CognitiveBrain/contracts/synapses/channels-outreach/q-wa-phone-xx/q-wa-phone-xx-email-cold-campaign-create.md
q-wa-phone-xx-email-cold-campaign-pause,pathway,channels-outreach,q-wa-phone-xx,docs/CognitiveBrain/contracts/synapses/channels-outreach/q-wa-phone-xx/q-wa-phone-xx-email-cold-campaign-pause.md
q-wa-phone-xx-email-cold-lead-status,pathway,channels-outreach,q-wa-phone-xx,docs/CognitiveBrain/contracts/synapses/channels-outreach/q-wa-phone-xx/q-wa-phone-xx-email-cold-lead-status.md
q-wa-phone-xx-family,pathway,channels-outreach,q-wa-phone-xx,docs/CognitiveBrain/contracts/synapses/channels-outreach/q-wa-phone-xx/q-wa-phone-xx-family.md
q-wa-phone-xx-q-email-cold,pathway,channels-outreach,q-wa-phone-xx,docs/CognitiveBrain/contracts/synapses/channels-outreach/q-wa-phone-xx/q-wa-phone-xx-q-email-cold.md
q-wa-phone-xx-q-email-warm,pathway,channels-outreach,q-wa-phone-xx,docs/CognitiveBrain/contracts/synapses/channels-outreach/q-wa-phone-xx/q-wa-phone-xx-q-email-warm.md
q-wa-reply-email-cold-add-to-campaign,pathway,channels-outreach,q-wa-reply,docs/CognitiveBrain/contracts/synapses/channels-outreach/q-wa-reply/q-wa-reply-email-cold-add-to-campaign.md
q-wa-reply-email-cold-analytics-fetch,pathway,channels-outreach,q-wa-reply,docs/CognitiveBrain/contracts/synapses/channels-outreach/q-wa-reply/q-wa-reply-email-cold-analytics-fetch.md
q-wa-reply-email-cold-campaign-create,pathway,channels-outreach,q-wa-reply,docs/CognitiveBrain/contracts/synapses/channels-outreach/q-wa-reply/q-wa-reply-email-cold-campaign-create.md
q-wa-reply-email-cold-campaign-pause,pathway,channels-outreach,q-wa-reply,docs/CognitiveBrain/contracts/synapses/channels-outreach/q-wa-reply/q-wa-reply-email-cold-campaign-pause.md
q-wa-reply-email-cold-lead-status,pathway,channels-outreach,q-wa-reply,docs/CognitiveBrain/contracts/synapses/channels-outreach/q-wa-reply/q-wa-reply-email-cold-lead-status.md
q-wa-reply-family,pathway,channels-outreach,q-wa-reply,docs/CognitiveBrain/contracts/synapses/channels-outreach/q-wa-reply/q-wa-reply-family.md
q-wa-reply-q-email-cold,pathway,channels-outreach,q-wa-reply,docs/CognitiveBrain/contracts/synapses/channels-outreach/q-wa-reply/q-wa-reply-q-email-cold.md
q-wa-reply-q-email-warm,pathway,channels-outreach,q-wa-reply,docs/CognitiveBrain/contracts/synapses/channels-outreach/q-wa-reply/q-wa-reply-q-email-warm.md
sentiment-trend-analyze-family,pathway,channels-outreach,sentiment-trend-analyze,docs/CognitiveBrain/contracts/synapses/channels-outreach/sentiment-trend-analyze/sentiment-trend-analyze-family.md
sentiment-trend-analyze-negotiation-expire-check,pathway,channels-outreach,sentiment-trend-analyze,docs/CognitiveBrain/contracts/synapses/channels-outreach/sentiment-trend-analyze/sentiment-trend-analyze-negotiation-expire-check.md
sentiment-trend-analyze-negotiation-reminder-send,pathway,channels-outreach,sentiment-trend-analyze,docs/CognitiveBrain/contracts/synapses/channels-outreach/sentiment-trend-analyze/sentiment-trend-analyze-negotiation-reminder-send.md
sentiment-trend-analyze-negotiation-state-transition,pathway,channels-outreach,sentiment-trend-analyze,docs/CognitiveBrain/contracts/synapses/channels-outreach/sentiment-trend-analyze/sentiment-trend-analyze-negotiation-state-transition.md
sentiment-trend-analyze-negotiation-summary-generate,pathway,channels-outreach,sentiment-trend-analyze,docs/CognitiveBrain/contracts/synapses/channels-outreach/sentiment-trend-analyze/sentiment-trend-analyze-negotiation-summary-generate.md
sequence-schedule-followup-family,pathway,channels-outreach,sequence-schedule-followup,docs/CognitiveBrain/contracts/synapses/channels-outreach/sequence-schedule-followup/sequence-schedule-followup-family.md
template-spintax-process-family,pathway,channels-outreach,template-spintax-process,docs/CognitiveBrain/contracts/synapses/channels-outreach/template-spintax-process/template-spintax-process-family.md
template-spintax-process-q-wa-phone-01,pathway,channels-outreach,template-spintax-process,docs/CognitiveBrain/contracts/synapses/channels-outreach/template-spintax-process/template-spintax-process-q-wa-phone-01.md
template-spintax-process-q-wa-phone-02,pathway,channels-outreach,template-spintax-process,docs/CognitiveBrain/contracts/synapses/channels-outreach/template-spintax-process/template-spintax-process-q-wa-phone-02.md
template-spintax-process-q-wa-phone-20,pathway,channels-outreach,template-spintax-process,docs/CognitiveBrain/contracts/synapses/channels-outreach/template-spintax-process/template-spintax-process-q-wa-phone-20.md
template-spintax-process-q-wa-phone-xx,pathway,channels-outreach,template-spintax-process,docs/CognitiveBrain/contracts/synapses/channels-outreach/template-spintax-process/template-spintax-process-q-wa-phone-xx.md
template-spintax-process-q-wa-phone,pathway,channels-outreach,template-spintax-process,docs/CognitiveBrain/contracts/synapses/channels-outreach/template-spintax-process/template-spintax-process-q-wa-phone.md
template-spintax-process-q-wa-reply,pathway,channels-outreach,template-spintax-process,docs/CognitiveBrain/contracts/synapses/channels-outreach/template-spintax-process/template-spintax-process-q-wa-reply.md
template-spintax-process-wa-chat-history-fetch,pathway,channels-outreach,template-spintax-process,docs/CognitiveBrain/contracts/synapses/channels-outreach/template-spintax-process/template-spintax-process-wa-chat-history-fetch.md
template-spintax-process-wa-media-send,pathway,channels-outreach,template-spintax-process,docs/CognitiveBrain/contracts/synapses/channels-outreach/template-spintax-process/template-spintax-process-wa-media-send.md
template-spintax-process-wa-message-retry,pathway,channels-outreach,template-spintax-process,docs/CognitiveBrain/contracts/synapses/channels-outreach/template-spintax-process/template-spintax-process-wa-message-retry.md
template-spintax-process-wa-send-followup,pathway,channels-outreach,template-spintax-process,docs/CognitiveBrain/contracts/synapses/channels-outreach/template-spintax-process/template-spintax-process-wa-send-followup.md
template-spintax-process-wa-send-initial,pathway,channels-outreach,template-spintax-process,docs/CognitiveBrain/contracts/synapses/channels-outreach/template-spintax-process/template-spintax-process-wa-send-initial.md
template-spintax-process-wa-send-reply,pathway,channels-outreach,template-spintax-process,docs/CognitiveBrain/contracts/synapses/channels-outreach/template-spintax-process/template-spintax-process-wa-send-reply.md
template-spintax-process-wa-status-sync,pathway,channels-outreach,template-spintax-process,docs/CognitiveBrain/contracts/synapses/channels-outreach/template-spintax-process/template-spintax-process-wa-status-sync.md
wa-chat-history-fetch-email-cold-add-to-campaign,pathway,channels-outreach,wa-chat-history-fetch,docs/CognitiveBrain/contracts/synapses/channels-outreach/wa-chat-history-fetch/wa-chat-history-fetch-email-cold-add-to-campaign.md
wa-chat-history-fetch-email-cold-analytics-fetch,pathway,channels-outreach,wa-chat-history-fetch,docs/CognitiveBrain/contracts/synapses/channels-outreach/wa-chat-history-fetch/wa-chat-history-fetch-email-cold-analytics-fetch.md
wa-chat-history-fetch-email-cold-campaign-create,pathway,channels-outreach,wa-chat-history-fetch,docs/CognitiveBrain/contracts/synapses/channels-outreach/wa-chat-history-fetch/wa-chat-history-fetch-email-cold-campaign-create.md
wa-chat-history-fetch-email-cold-campaign-pause,pathway,channels-outreach,wa-chat-history-fetch,docs/CognitiveBrain/contracts/synapses/channels-outreach/wa-chat-history-fetch/wa-chat-history-fetch-email-cold-campaign-pause.md
wa-chat-history-fetch-email-cold-lead-status,pathway,channels-outreach,wa-chat-history-fetch,docs/CognitiveBrain/contracts/synapses/channels-outreach/wa-chat-history-fetch/wa-chat-history-fetch-email-cold-lead-status.md
wa-chat-history-fetch-family,pathway,channels-outreach,wa-chat-history-fetch,docs/CognitiveBrain/contracts/synapses/channels-outreach/wa-chat-history-fetch/wa-chat-history-fetch-family.md
wa-chat-history-fetch-q-email-cold,pathway,channels-outreach,wa-chat-history-fetch,docs/CognitiveBrain/contracts/synapses/channels-outreach/wa-chat-history-fetch/wa-chat-history-fetch-q-email-cold.md
wa-chat-history-fetch-q-email-warm,pathway,channels-outreach,wa-chat-history-fetch,docs/CognitiveBrain/contracts/synapses/channels-outreach/wa-chat-history-fetch/wa-chat-history-fetch-q-email-warm.md
wa-media-send-email-cold-add-to-campaign,pathway,channels-outreach,wa-media-send,docs/CognitiveBrain/contracts/synapses/channels-outreach/wa-media-send/wa-media-send-email-cold-add-to-campaign.md
wa-media-send-email-cold-analytics-fetch,pathway,channels-outreach,wa-media-send,docs/CognitiveBrain/contracts/synapses/channels-outreach/wa-media-send/wa-media-send-email-cold-analytics-fetch.md
wa-media-send-email-cold-campaign-create,pathway,channels-outreach,wa-media-send,docs/CognitiveBrain/contracts/synapses/channels-outreach/wa-media-send/wa-media-send-email-cold-campaign-create.md
wa-media-send-email-cold-campaign-pause,pathway,channels-outreach,wa-media-send,docs/CognitiveBrain/contracts/synapses/channels-outreach/wa-media-send/wa-media-send-email-cold-campaign-pause.md
wa-media-send-email-cold-lead-status,pathway,channels-outreach,wa-media-send,docs/CognitiveBrain/contracts/synapses/channels-outreach/wa-media-send/wa-media-send-email-cold-lead-status.md
wa-media-send-family,pathway,channels-outreach,wa-media-send,docs/CognitiveBrain/contracts/synapses/channels-outreach/wa-media-send/wa-media-send-family.md
wa-media-send-q-email-cold,pathway,channels-outreach,wa-media-send,docs/CognitiveBrain/contracts/synapses/channels-outreach/wa-media-send/wa-media-send-q-email-cold.md
wa-media-send-q-email-warm,pathway,channels-outreach,wa-media-send,docs/CognitiveBrain/contracts/synapses/channels-outreach/wa-media-send/wa-media-send-q-email-warm.md
wa-message-retry-email-cold-add-to-campaign,pathway,channels-outreach,wa-message-retry,docs/CognitiveBrain/contracts/synapses/channels-outreach/wa-message-retry/wa-message-retry-email-cold-add-to-campaign.md
wa-message-retry-email-cold-analytics-fetch,pathway,channels-outreach,wa-message-retry,docs/CognitiveBrain/contracts/synapses/channels-outreach/wa-message-retry/wa-message-retry-email-cold-analytics-fetch.md
wa-message-retry-email-cold-campaign-create,pathway,channels-outreach,wa-message-retry,docs/CognitiveBrain/contracts/synapses/channels-outreach/wa-message-retry/wa-message-retry-email-cold-campaign-create.md
wa-message-retry-email-cold-campaign-pause,pathway,channels-outreach,wa-message-retry,docs/CognitiveBrain/contracts/synapses/channels-outreach/wa-message-retry/wa-message-retry-email-cold-campaign-pause.md
wa-message-retry-email-cold-lead-status,pathway,channels-outreach,wa-message-retry,docs/CognitiveBrain/contracts/synapses/channels-outreach/wa-message-retry/wa-message-retry-email-cold-lead-status.md
wa-message-retry-family,pathway,channels-outreach,wa-message-retry,docs/CognitiveBrain/contracts/synapses/channels-outreach/wa-message-retry/wa-message-retry-family.md
wa-message-retry-q-email-cold,pathway,channels-outreach,wa-message-retry,docs/CognitiveBrain/contracts/synapses/channels-outreach/wa-message-retry/wa-message-retry-q-email-cold.md
wa-message-retry-q-email-warm,pathway,channels-outreach,wa-message-retry,docs/CognitiveBrain/contracts/synapses/channels-outreach/wa-message-retry/wa-message-retry-q-email-warm.md
wa-send-followup-email-cold-add-to-campaign,pathway,channels-outreach,wa-send-followup,docs/CognitiveBrain/contracts/synapses/channels-outreach/wa-send-followup/wa-send-followup-email-cold-add-to-campaign.md
wa-send-followup-email-cold-analytics-fetch,pathway,channels-outreach,wa-send-followup,docs/CognitiveBrain/contracts/synapses/channels-outreach/wa-send-followup/wa-send-followup-email-cold-analytics-fetch.md
wa-send-followup-email-cold-campaign-create,pathway,channels-outreach,wa-send-followup,docs/CognitiveBrain/contracts/synapses/channels-outreach/wa-send-followup/wa-send-followup-email-cold-campaign-create.md
wa-send-followup-email-cold-campaign-pause,pathway,channels-outreach,wa-send-followup,docs/CognitiveBrain/contracts/synapses/channels-outreach/wa-send-followup/wa-send-followup-email-cold-campaign-pause.md
wa-send-followup-email-cold-lead-status,pathway,channels-outreach,wa-send-followup,docs/CognitiveBrain/contracts/synapses/channels-outreach/wa-send-followup/wa-send-followup-email-cold-lead-status.md
wa-send-followup-family,pathway,channels-outreach,wa-send-followup,docs/CognitiveBrain/contracts/synapses/channels-outreach/wa-send-followup/wa-send-followup-family.md
wa-send-followup-q-email-cold,pathway,channels-outreach,wa-send-followup,docs/CognitiveBrain/contracts/synapses/channels-outreach/wa-send-followup/wa-send-followup-q-email-cold.md
wa-send-followup-q-email-warm,pathway,channels-outreach,wa-send-followup,docs/CognitiveBrain/contracts/synapses/channels-outreach/wa-send-followup/wa-send-followup-q-email-warm.md
wa-send-initial-alert-client-referral-reward,pathway,channels-outreach,wa-send-initial,docs/CognitiveBrain/contracts/synapses/channels-outreach/wa-send-initial/wa-send-initial-alert-client-referral-reward.md
wa-send-initial-alert-client-welcome,pathway,channels-outreach,wa-send-initial,docs/CognitiveBrain/contracts/synapses/channels-outreach/wa-send-initial/wa-send-initial-alert-client-welcome.md
wa-send-initial-alert-internal-campaign-launched,pathway,channels-outreach,wa-send-initial,docs/CognitiveBrain/contracts/synapses/channels-outreach/wa-send-initial/wa-send-initial-alert-internal-campaign-launched.md
wa-send-initial-alert-internal-churn-daily,pathway,channels-outreach,wa-send-initial,docs/CognitiveBrain/contracts/synapses/channels-outreach/wa-send-initial/wa-send-initial-alert-internal-churn-daily.md
wa-send-initial-alert-internal-competitor-price,pathway,channels-outreach,wa-send-initial,docs/CognitiveBrain/contracts/synapses/channels-outreach/wa-send-initial/wa-send-initial-alert-internal-competitor-price.md
wa-send-initial-alert-internal-delivery-cluster,pathway,channels-outreach,wa-send-initial,docs/CognitiveBrain/contracts/synapses/channels-outreach/wa-send-initial/wa-send-initial-alert-internal-delivery-cluster.md
wa-send-initial-alert-internal-nps-drop,pathway,channels-outreach,wa-send-initial,docs/CognitiveBrain/contracts/synapses/channels-outreach/wa-send-initial/wa-send-initial-alert-internal-nps-drop.md
wa-send-initial-email-cold-add-to-campaign,pathway,channels-outreach,wa-send-initial,docs/CognitiveBrain/contracts/synapses/channels-outreach/wa-send-initial/wa-send-initial-email-cold-add-to-campaign.md
wa-send-initial-email-cold-analytics-fetch,pathway,channels-outreach,wa-send-initial,docs/CognitiveBrain/contracts/synapses/channels-outreach/wa-send-initial/wa-send-initial-email-cold-analytics-fetch.md
wa-send-initial-email-cold-campaign-create,pathway,channels-outreach,wa-send-initial,docs/CognitiveBrain/contracts/synapses/channels-outreach/wa-send-initial/wa-send-initial-email-cold-campaign-create.md
wa-send-initial-email-cold-campaign-pause,pathway,channels-outreach,wa-send-initial,docs/CognitiveBrain/contracts/synapses/channels-outreach/wa-send-initial/wa-send-initial-email-cold-campaign-pause.md
wa-send-initial-email-cold-lead-status,pathway,channels-outreach,wa-send-initial,docs/CognitiveBrain/contracts/synapses/channels-outreach/wa-send-initial/wa-send-initial-email-cold-lead-status.md
wa-send-initial-family,pathway,channels-outreach,wa-send-initial,docs/CognitiveBrain/contracts/synapses/channels-outreach/wa-send-initial/wa-send-initial-family.md
wa-send-initial-q-email-cold,pathway,channels-outreach,wa-send-initial,docs/CognitiveBrain/contracts/synapses/channels-outreach/wa-send-initial/wa-send-initial-q-email-cold.md
wa-send-initial-q-email-warm,pathway,channels-outreach,wa-send-initial,docs/CognitiveBrain/contracts/synapses/channels-outreach/wa-send-initial/wa-send-initial-q-email-warm.md
wa-send-initial-trigger-subsidy-calendar,pathway,channels-outreach,wa-send-initial,docs/CognitiveBrain/contracts/synapses/channels-outreach/wa-send-initial/wa-send-initial-trigger-subsidy-calendar.md
wa-send-reply-alert-client-referral-reward,pathway,channels-outreach,wa-send-reply,docs/CognitiveBrain/contracts/synapses/channels-outreach/wa-send-reply/wa-send-reply-alert-client-referral-reward.md
wa-send-reply-alert-client-welcome,pathway,channels-outreach,wa-send-reply,docs/CognitiveBrain/contracts/synapses/channels-outreach/wa-send-reply/wa-send-reply-alert-client-welcome.md
wa-send-reply-alert-internal-campaign-launched,pathway,channels-outreach,wa-send-reply,docs/CognitiveBrain/contracts/synapses/channels-outreach/wa-send-reply/wa-send-reply-alert-internal-campaign-launched.md
wa-send-reply-alert-internal-churn-daily,pathway,channels-outreach,wa-send-reply,docs/CognitiveBrain/contracts/synapses/channels-outreach/wa-send-reply/wa-send-reply-alert-internal-churn-daily.md
wa-send-reply-alert-internal-competitor-price,pathway,channels-outreach,wa-send-reply,docs/CognitiveBrain/contracts/synapses/channels-outreach/wa-send-reply/wa-send-reply-alert-internal-competitor-price.md
wa-send-reply-alert-internal-delivery-cluster,pathway,channels-outreach,wa-send-reply,docs/CognitiveBrain/contracts/synapses/channels-outreach/wa-send-reply/wa-send-reply-alert-internal-delivery-cluster.md
wa-send-reply-alert-internal-nps-drop,pathway,channels-outreach,wa-send-reply,docs/CognitiveBrain/contracts/synapses/channels-outreach/wa-send-reply/wa-send-reply-alert-internal-nps-drop.md
wa-send-reply-email-cold-add-to-campaign,pathway,channels-outreach,wa-send-reply,docs/CognitiveBrain/contracts/synapses/channels-outreach/wa-send-reply/wa-send-reply-email-cold-add-to-campaign.md
wa-send-reply-email-cold-analytics-fetch,pathway,channels-outreach,wa-send-reply,docs/CognitiveBrain/contracts/synapses/channels-outreach/wa-send-reply/wa-send-reply-email-cold-analytics-fetch.md
wa-send-reply-email-cold-campaign-create,pathway,channels-outreach,wa-send-reply,docs/CognitiveBrain/contracts/synapses/channels-outreach/wa-send-reply/wa-send-reply-email-cold-campaign-create.md
wa-send-reply-email-cold-campaign-pause,pathway,channels-outreach,wa-send-reply,docs/CognitiveBrain/contracts/synapses/channels-outreach/wa-send-reply/wa-send-reply-email-cold-campaign-pause.md
wa-send-reply-email-cold-lead-status,pathway,channels-outreach,wa-send-reply,docs/CognitiveBrain/contracts/synapses/channels-outreach/wa-send-reply/wa-send-reply-email-cold-lead-status.md
wa-send-reply-family,pathway,channels-outreach,wa-send-reply,docs/CognitiveBrain/contracts/synapses/channels-outreach/wa-send-reply/wa-send-reply-family.md
wa-send-reply-q-email-cold,pathway,channels-outreach,wa-send-reply,docs/CognitiveBrain/contracts/synapses/channels-outreach/wa-send-reply/wa-send-reply-q-email-cold.md
wa-send-reply-q-email-warm,pathway,channels-outreach,wa-send-reply,docs/CognitiveBrain/contracts/synapses/channels-outreach/wa-send-reply/wa-send-reply-q-email-warm.md
wa-send-reply-trigger-subsidy-calendar,pathway,channels-outreach,wa-send-reply,docs/CognitiveBrain/contracts/synapses/channels-outreach/wa-send-reply/wa-send-reply-trigger-subsidy-calendar.md
wa-status-sync-email-cold-add-to-campaign,pathway,channels-outreach,wa-status-sync,docs/CognitiveBrain/contracts/synapses/channels-outreach/wa-status-sync/wa-status-sync-email-cold-add-to-campaign.md
wa-status-sync-email-cold-analytics-fetch,pathway,channels-outreach,wa-status-sync,docs/CognitiveBrain/contracts/synapses/channels-outreach/wa-status-sync/wa-status-sync-email-cold-analytics-fetch.md
wa-status-sync-email-cold-campaign-create,pathway,channels-outreach,wa-status-sync,docs/CognitiveBrain/contracts/synapses/channels-outreach/wa-status-sync/wa-status-sync-email-cold-campaign-create.md
wa-status-sync-email-cold-campaign-pause,pathway,channels-outreach,wa-status-sync,docs/CognitiveBrain/contracts/synapses/channels-outreach/wa-status-sync/wa-status-sync-email-cold-campaign-pause.md
wa-status-sync-email-cold-lead-status,pathway,channels-outreach,wa-status-sync,docs/CognitiveBrain/contracts/synapses/channels-outreach/wa-status-sync/wa-status-sync-email-cold-lead-status.md
wa-status-sync-family,pathway,channels-outreach,wa-status-sync,docs/CognitiveBrain/contracts/synapses/channels-outreach/wa-status-sync/wa-status-sync-family.md
wa-status-sync-q-email-cold,pathway,channels-outreach,wa-status-sync,docs/CognitiveBrain/contracts/synapses/channels-outreach/wa-status-sync/wa-status-sync-q-email-cold.md
wa-status-sync-q-email-warm,pathway,channels-outreach,wa-status-sync,docs/CognitiveBrain/contracts/synapses/channels-outreach/wa-status-sync/wa-status-sync-q-email-warm.md
webhook-instantly-ingest-family,pathway,channels-outreach,webhook-instantly-ingest,docs/CognitiveBrain/contracts/synapses/channels-outreach/webhook-instantly-ingest/webhook-instantly-ingest-family.md
webhook-instantly-ingest-lead-assign-user,pathway,channels-outreach,webhook-instantly-ingest,docs/CognitiveBrain/contracts/synapses/channels-outreach/webhook-instantly-ingest/webhook-instantly-ingest-lead-assign-user.md
webhook-instantly-ingest-lead-state-transition,pathway,channels-outreach,webhook-instantly-ingest,docs/CognitiveBrain/contracts/synapses/channels-outreach/webhook-instantly-ingest/webhook-instantly-ingest-lead-state-transition.md
webhook-resend-ingest-family,pathway,channels-outreach,webhook-resend-ingest,docs/CognitiveBrain/contracts/synapses/channels-outreach/webhook-resend-ingest/webhook-resend-ingest-family.md
webhook-resend-ingest-lead-assign-user,pathway,channels-outreach,webhook-resend-ingest,docs/CognitiveBrain/contracts/synapses/channels-outreach/webhook-resend-ingest/webhook-resend-ingest-lead-assign-user.md
webhook-resend-ingest-lead-state-transition,pathway,channels-outreach,webhook-resend-ingest,docs/CognitiveBrain/contracts/synapses/channels-outreach/webhook-resend-ingest/webhook-resend-ingest-lead-state-transition.md
webhook-revolut-ingest-credit-check-order,pathway,channels-outreach,webhook-revolut-ingest,docs/CognitiveBrain/contracts/synapses/channels-outreach/webhook-revolut-ingest/webhook-revolut-ingest-credit-check-order.md
webhook-revolut-ingest-credit-data-fetch-anaf,pathway,channels-outreach,webhook-revolut-ingest,docs/CognitiveBrain/contracts/synapses/channels-outreach/webhook-revolut-ingest/webhook-revolut-ingest-credit-data-fetch-anaf.md
webhook-revolut-ingest-credit-data-fetch-bilant,pathway,channels-outreach,webhook-revolut-ingest,docs/CognitiveBrain/contracts/synapses/channels-outreach/webhook-revolut-ingest/webhook-revolut-ingest-credit-data-fetch-bilant.md
webhook-revolut-ingest-credit-data-fetch-dosare,pathway,channels-outreach,webhook-revolut-ingest,docs/CognitiveBrain/contracts/synapses/channels-outreach/webhook-revolut-ingest/webhook-revolut-ingest-credit-data-fetch-dosare.md
webhook-revolut-ingest-credit-data-fetch-insolventa,pathway,channels-outreach,webhook-revolut-ingest,docs/CognitiveBrain/contracts/synapses/channels-outreach/webhook-revolut-ingest/webhook-revolut-ingest-credit-data-fetch-insolventa.md
webhook-revolut-ingest-credit-limit-calculate,pathway,channels-outreach,webhook-revolut-ingest,docs/CognitiveBrain/contracts/synapses/channels-outreach/webhook-revolut-ingest/webhook-revolut-ingest-credit-limit-calculate.md
webhook-revolut-ingest-credit-profile-create,pathway,channels-outreach,webhook-revolut-ingest,docs/CognitiveBrain/contracts/synapses/channels-outreach/webhook-revolut-ingest/webhook-revolut-ingest-credit-profile-create.md
webhook-revolut-ingest-credit-release-order,pathway,channels-outreach,webhook-revolut-ingest,docs/CognitiveBrain/contracts/synapses/channels-outreach/webhook-revolut-ingest/webhook-revolut-ingest-credit-release-order.md
webhook-revolut-ingest-credit-reserve-expire,pathway,channels-outreach,webhook-revolut-ingest,docs/CognitiveBrain/contracts/synapses/channels-outreach/webhook-revolut-ingest/webhook-revolut-ingest-credit-reserve-expire.md
webhook-revolut-ingest-credit-reserve-hold,pathway,channels-outreach,webhook-revolut-ingest,docs/CognitiveBrain/contracts/synapses/channels-outreach/webhook-revolut-ingest/webhook-revolut-ingest-credit-reserve-hold.md
webhook-revolut-ingest-credit-score-calculate,pathway,channels-outreach,webhook-revolut-ingest,docs/CognitiveBrain/contracts/synapses/channels-outreach/webhook-revolut-ingest/webhook-revolut-ingest-credit-score-calculate.md
webhook-revolut-ingest-family,pathway,channels-outreach,webhook-revolut-ingest,docs/CognitiveBrain/contracts/synapses/channels-outreach/webhook-revolut-ingest/webhook-revolut-ingest-family.md
webhook-timelinesai-ingest-family,pathway,channels-outreach,webhook-timelinesai-ingest,docs/CognitiveBrain/contracts/synapses/channels-outreach/webhook-timelinesai-ingest/webhook-timelinesai-ingest-family.md
webhook-timelinesai-ingest-lead-assign-user,pathway,channels-outreach,webhook-timelinesai-ingest,docs/CognitiveBrain/contracts/synapses/channels-outreach/webhook-timelinesai-ingest/webhook-timelinesai-ingest-lead-assign-user.md
webhook-timelinesai-ingest-lead-state-transition,pathway,channels-outreach,webhook-timelinesai-ingest,docs/CognitiveBrain/contracts/synapses/channels-outreach/webhook-timelinesai-ingest/webhook-timelinesai-ingest-lead-state-transition.md
contract-archive-store-family,pathway,credit-contracts,contract-archive-store,docs/CognitiveBrain/contracts/synapses/credit-contracts/contract-archive-store/contract-archive-store-family.md
contract-archive-store-return-process-stock,pathway,credit-contracts,contract-archive-store,docs/CognitiveBrain/contracts/synapses/credit-contracts/contract-archive-store/contract-archive-store-return-process-stock.md
contract-archive-store-return-request-create,pathway,credit-contracts,contract-archive-store,docs/CognitiveBrain/contracts/synapses/credit-contracts/contract-archive-store/contract-archive-store-return-request-create.md
contract-archive-store-sameday-awb-create,pathway,credit-contracts,contract-archive-store,docs/CognitiveBrain/contracts/synapses/credit-contracts/contract-archive-store/contract-archive-store-sameday-awb-create.md
contract-archive-store-sameday-cod-process,pathway,credit-contracts,contract-archive-store,docs/CognitiveBrain/contracts/synapses/credit-contracts/contract-archive-store/contract-archive-store-sameday-cod-process.md
contract-archive-store-sameday-pickup-schedule,pathway,credit-contracts,contract-archive-store,docs/CognitiveBrain/contracts/synapses/credit-contracts/contract-archive-store/contract-archive-store-sameday-pickup-schedule.md
contract-archive-store-sameday-return-initiate,pathway,credit-contracts,contract-archive-store,docs/CognitiveBrain/contracts/synapses/credit-contracts/contract-archive-store/contract-archive-store-sameday-return-initiate.md
contract-archive-store-sameday-status-poll,pathway,credit-contracts,contract-archive-store,docs/CognitiveBrain/contracts/synapses/credit-contracts/contract-archive-store/contract-archive-store-sameday-status-poll.md
contract-archive-store-sameday-status-process,pathway,credit-contracts,contract-archive-store,docs/CognitiveBrain/contracts/synapses/credit-contracts/contract-archive-store/contract-archive-store-sameday-status-process.md
contract-archive-store-stock-deduct-delivered,pathway,credit-contracts,contract-archive-store,docs/CognitiveBrain/contracts/synapses/credit-contracts/contract-archive-store/contract-archive-store-stock-deduct-delivered.md
contract-archive-store-stock-release-order,pathway,credit-contracts,contract-archive-store,docs/CognitiveBrain/contracts/synapses/credit-contracts/contract-archive-store/contract-archive-store-stock-release-order.md
contract-archive-store-stock-reserve-order,pathway,credit-contracts,contract-archive-store,docs/CognitiveBrain/contracts/synapses/credit-contracts/contract-archive-store/contract-archive-store-stock-reserve-order.md
contract-archive-store-stock-sync-oblio,pathway,credit-contracts,contract-archive-store,docs/CognitiveBrain/contracts/synapses/credit-contracts/contract-archive-store/contract-archive-store-stock-sync-oblio.md
contract-clause-assemble-family,pathway,credit-contracts,contract-clause-assemble,docs/CognitiveBrain/contracts/synapses/credit-contracts/contract-clause-assemble/contract-clause-assemble-family.md
contract-clause-assemble-return-process-stock,pathway,credit-contracts,contract-clause-assemble,docs/CognitiveBrain/contracts/synapses/credit-contracts/contract-clause-assemble/contract-clause-assemble-return-process-stock.md
contract-clause-assemble-return-request-create,pathway,credit-contracts,contract-clause-assemble,docs/CognitiveBrain/contracts/synapses/credit-contracts/contract-clause-assemble/contract-clause-assemble-return-request-create.md
contract-clause-assemble-sameday-awb-create,pathway,credit-contracts,contract-clause-assemble,docs/CognitiveBrain/contracts/synapses/credit-contracts/contract-clause-assemble/contract-clause-assemble-sameday-awb-create.md
contract-clause-assemble-sameday-cod-process,pathway,credit-contracts,contract-clause-assemble,docs/CognitiveBrain/contracts/synapses/credit-contracts/contract-clause-assemble/contract-clause-assemble-sameday-cod-process.md
contract-clause-assemble-sameday-pickup-schedule,pathway,credit-contracts,contract-clause-assemble,docs/CognitiveBrain/contracts/synapses/credit-contracts/contract-clause-assemble/contract-clause-assemble-sameday-pickup-schedule.md
contract-clause-assemble-sameday-return-initiate,pathway,credit-contracts,contract-clause-assemble,docs/CognitiveBrain/contracts/synapses/credit-contracts/contract-clause-assemble/contract-clause-assemble-sameday-return-initiate.md
contract-clause-assemble-sameday-status-poll,pathway,credit-contracts,contract-clause-assemble,docs/CognitiveBrain/contracts/synapses/credit-contracts/contract-clause-assemble/contract-clause-assemble-sameday-status-poll.md
contract-clause-assemble-sameday-status-process,pathway,credit-contracts,contract-clause-assemble,docs/CognitiveBrain/contracts/synapses/credit-contracts/contract-clause-assemble/contract-clause-assemble-sameday-status-process.md
contract-clause-assemble-stock-deduct-delivered,pathway,credit-contracts,contract-clause-assemble,docs/CognitiveBrain/contracts/synapses/credit-contracts/contract-clause-assemble/contract-clause-assemble-stock-deduct-delivered.md
contract-clause-assemble-stock-release-order,pathway,credit-contracts,contract-clause-assemble,docs/CognitiveBrain/contracts/synapses/credit-contracts/contract-clause-assemble/contract-clause-assemble-stock-release-order.md
contract-clause-assemble-stock-reserve-order,pathway,credit-contracts,contract-clause-assemble,docs/CognitiveBrain/contracts/synapses/credit-contracts/contract-clause-assemble/contract-clause-assemble-stock-reserve-order.md
contract-clause-assemble-stock-sync-oblio,pathway,credit-contracts,contract-clause-assemble,docs/CognitiveBrain/contracts/synapses/credit-contracts/contract-clause-assemble/contract-clause-assemble-stock-sync-oblio.md
contract-generate-docx-family,pathway,credit-contracts,contract-generate-docx,docs/CognitiveBrain/contracts/synapses/credit-contracts/contract-generate-docx/contract-generate-docx-family.md
contract-generate-docx-return-process-stock,pathway,credit-contracts,contract-generate-docx,docs/CognitiveBrain/contracts/synapses/credit-contracts/contract-generate-docx/contract-generate-docx-return-process-stock.md
contract-generate-docx-return-request-create,pathway,credit-contracts,contract-generate-docx,docs/CognitiveBrain/contracts/synapses/credit-contracts/contract-generate-docx/contract-generate-docx-return-request-create.md
contract-generate-docx-sameday-awb-create,pathway,credit-contracts,contract-generate-docx,docs/CognitiveBrain/contracts/synapses/credit-contracts/contract-generate-docx/contract-generate-docx-sameday-awb-create.md
contract-generate-docx-sameday-cod-process,pathway,credit-contracts,contract-generate-docx,docs/CognitiveBrain/contracts/synapses/credit-contracts/contract-generate-docx/contract-generate-docx-sameday-cod-process.md
contract-generate-docx-sameday-pickup-schedule,pathway,credit-contracts,contract-generate-docx,docs/CognitiveBrain/contracts/synapses/credit-contracts/contract-generate-docx/contract-generate-docx-sameday-pickup-schedule.md
contract-generate-docx-sameday-return-initiate,pathway,credit-contracts,contract-generate-docx,docs/CognitiveBrain/contracts/synapses/credit-contracts/contract-generate-docx/contract-generate-docx-sameday-return-initiate.md
contract-generate-docx-sameday-status-poll,pathway,credit-contracts,contract-generate-docx,docs/CognitiveBrain/contracts/synapses/credit-contracts/contract-generate-docx/contract-generate-docx-sameday-status-poll.md
contract-generate-docx-sameday-status-process,pathway,credit-contracts,contract-generate-docx,docs/CognitiveBrain/contracts/synapses/credit-contracts/contract-generate-docx/contract-generate-docx-sameday-status-process.md
contract-generate-docx-stock-deduct-delivered,pathway,credit-contracts,contract-generate-docx,docs/CognitiveBrain/contracts/synapses/credit-contracts/contract-generate-docx/contract-generate-docx-stock-deduct-delivered.md
contract-generate-docx-stock-release-order,pathway,credit-contracts,contract-generate-docx,docs/CognitiveBrain/contracts/synapses/credit-contracts/contract-generate-docx/contract-generate-docx-stock-release-order.md
contract-generate-docx-stock-reserve-order,pathway,credit-contracts,contract-generate-docx,docs/CognitiveBrain/contracts/synapses/credit-contracts/contract-generate-docx/contract-generate-docx-stock-reserve-order.md
contract-generate-docx-stock-sync-oblio,pathway,credit-contracts,contract-generate-docx,docs/CognitiveBrain/contracts/synapses/credit-contracts/contract-generate-docx/contract-generate-docx-stock-sync-oblio.md
contract-generate-notice-family,pathway,credit-contracts,contract-generate-notice,docs/CognitiveBrain/contracts/synapses/credit-contracts/contract-generate-notice/contract-generate-notice-family.md
contract-generate-notice-return-process-stock,pathway,credit-contracts,contract-generate-notice,docs/CognitiveBrain/contracts/synapses/credit-contracts/contract-generate-notice/contract-generate-notice-return-process-stock.md
contract-generate-notice-return-request-create,pathway,credit-contracts,contract-generate-notice,docs/CognitiveBrain/contracts/synapses/credit-contracts/contract-generate-notice/contract-generate-notice-return-request-create.md
contract-generate-notice-sameday-awb-create,pathway,credit-contracts,contract-generate-notice,docs/CognitiveBrain/contracts/synapses/credit-contracts/contract-generate-notice/contract-generate-notice-sameday-awb-create.md
contract-generate-notice-sameday-cod-process,pathway,credit-contracts,contract-generate-notice,docs/CognitiveBrain/contracts/synapses/credit-contracts/contract-generate-notice/contract-generate-notice-sameday-cod-process.md
contract-generate-notice-sameday-pickup-schedule,pathway,credit-contracts,contract-generate-notice,docs/CognitiveBrain/contracts/synapses/credit-contracts/contract-generate-notice/contract-generate-notice-sameday-pickup-schedule.md
contract-generate-notice-sameday-return-initiate,pathway,credit-contracts,contract-generate-notice,docs/CognitiveBrain/contracts/synapses/credit-contracts/contract-generate-notice/contract-generate-notice-sameday-return-initiate.md
contract-generate-notice-sameday-status-poll,pathway,credit-contracts,contract-generate-notice,docs/CognitiveBrain/contracts/synapses/credit-contracts/contract-generate-notice/contract-generate-notice-sameday-status-poll.md
contract-generate-notice-sameday-status-process,pathway,credit-contracts,contract-generate-notice,docs/CognitiveBrain/contracts/synapses/credit-contracts/contract-generate-notice/contract-generate-notice-sameday-status-process.md
contract-generate-notice-stock-deduct-delivered,pathway,credit-contracts,contract-generate-notice,docs/CognitiveBrain/contracts/synapses/credit-contracts/contract-generate-notice/contract-generate-notice-stock-deduct-delivered.md
contract-generate-notice-stock-release-order,pathway,credit-contracts,contract-generate-notice,docs/CognitiveBrain/contracts/synapses/credit-contracts/contract-generate-notice/contract-generate-notice-stock-release-order.md
contract-generate-notice-stock-reserve-order,pathway,credit-contracts,contract-generate-notice,docs/CognitiveBrain/contracts/synapses/credit-contracts/contract-generate-notice/contract-generate-notice-stock-reserve-order.md
contract-generate-notice-stock-sync-oblio,pathway,credit-contracts,contract-generate-notice,docs/CognitiveBrain/contracts/synapses/credit-contracts/contract-generate-notice/contract-generate-notice-stock-sync-oblio.md
contract-sign-check-expiry-family,pathway,credit-contracts,contract-sign-check-expiry,docs/CognitiveBrain/contracts/synapses/credit-contracts/contract-sign-check-expiry/contract-sign-check-expiry-family.md
contract-sign-check-expiry-return-process-stock,pathway,credit-contracts,contract-sign-check-expiry,docs/CognitiveBrain/contracts/synapses/credit-contracts/contract-sign-check-expiry/contract-sign-check-expiry-return-process-stock.md
contract-sign-check-expiry-return-request-create,pathway,credit-contracts,contract-sign-check-expiry,docs/CognitiveBrain/contracts/synapses/credit-contracts/contract-sign-check-expiry/contract-sign-check-expiry-return-request-create.md
contract-sign-check-expiry-sameday-awb-create,pathway,credit-contracts,contract-sign-check-expiry,docs/CognitiveBrain/contracts/synapses/credit-contracts/contract-sign-check-expiry/contract-sign-check-expiry-sameday-awb-create.md
contract-sign-check-expiry-sameday-cod-process,pathway,credit-contracts,contract-sign-check-expiry,docs/CognitiveBrain/contracts/synapses/credit-contracts/contract-sign-check-expiry/contract-sign-check-expiry-sameday-cod-process.md
contract-sign-check-expiry-sameday-pickup-schedule,pathway,credit-contracts,contract-sign-check-expiry,docs/CognitiveBrain/contracts/synapses/credit-contracts/contract-sign-check-expiry/contract-sign-check-expiry-sameday-pickup-schedule.md
contract-sign-check-expiry-sameday-return-initiate,pathway,credit-contracts,contract-sign-check-expiry,docs/CognitiveBrain/contracts/synapses/credit-contracts/contract-sign-check-expiry/contract-sign-check-expiry-sameday-return-initiate.md
contract-sign-check-expiry-sameday-status-poll,pathway,credit-contracts,contract-sign-check-expiry,docs/CognitiveBrain/contracts/synapses/credit-contracts/contract-sign-check-expiry/contract-sign-check-expiry-sameday-status-poll.md
contract-sign-check-expiry-sameday-status-process,pathway,credit-contracts,contract-sign-check-expiry,docs/CognitiveBrain/contracts/synapses/credit-contracts/contract-sign-check-expiry/contract-sign-check-expiry-sameday-status-process.md
contract-sign-check-expiry-stock-deduct-delivered,pathway,credit-contracts,contract-sign-check-expiry,docs/CognitiveBrain/contracts/synapses/credit-contracts/contract-sign-check-expiry/contract-sign-check-expiry-stock-deduct-delivered.md
contract-sign-check-expiry-stock-release-order,pathway,credit-contracts,contract-sign-check-expiry,docs/CognitiveBrain/contracts/synapses/credit-contracts/contract-sign-check-expiry/contract-sign-check-expiry-stock-release-order.md
contract-sign-check-expiry-stock-reserve-order,pathway,credit-contracts,contract-sign-check-expiry,docs/CognitiveBrain/contracts/synapses/credit-contracts/contract-sign-check-expiry/contract-sign-check-expiry-stock-reserve-order.md
contract-sign-check-expiry-stock-sync-oblio,pathway,credit-contracts,contract-sign-check-expiry,docs/CognitiveBrain/contracts/synapses/credit-contracts/contract-sign-check-expiry/contract-sign-check-expiry-stock-sync-oblio.md
contract-sign-complete-family,pathway,credit-contracts,contract-sign-complete,docs/CognitiveBrain/contracts/synapses/credit-contracts/contract-sign-complete/contract-sign-complete-family.md
contract-sign-complete-return-process-stock,pathway,credit-contracts,contract-sign-complete,docs/CognitiveBrain/contracts/synapses/credit-contracts/contract-sign-complete/contract-sign-complete-return-process-stock.md
contract-sign-complete-return-request-create,pathway,credit-contracts,contract-sign-complete,docs/CognitiveBrain/contracts/synapses/credit-contracts/contract-sign-complete/contract-sign-complete-return-request-create.md
contract-sign-complete-sameday-awb-create,pathway,credit-contracts,contract-sign-complete,docs/CognitiveBrain/contracts/synapses/credit-contracts/contract-sign-complete/contract-sign-complete-sameday-awb-create.md
contract-sign-complete-sameday-cod-process,pathway,credit-contracts,contract-sign-complete,docs/CognitiveBrain/contracts/synapses/credit-contracts/contract-sign-complete/contract-sign-complete-sameday-cod-process.md
contract-sign-complete-sameday-pickup-schedule,pathway,credit-contracts,contract-sign-complete,docs/CognitiveBrain/contracts/synapses/credit-contracts/contract-sign-complete/contract-sign-complete-sameday-pickup-schedule.md
contract-sign-complete-sameday-return-initiate,pathway,credit-contracts,contract-sign-complete,docs/CognitiveBrain/contracts/synapses/credit-contracts/contract-sign-complete/contract-sign-complete-sameday-return-initiate.md
contract-sign-complete-sameday-status-poll,pathway,credit-contracts,contract-sign-complete,docs/CognitiveBrain/contracts/synapses/credit-contracts/contract-sign-complete/contract-sign-complete-sameday-status-poll.md
contract-sign-complete-sameday-status-process,pathway,credit-contracts,contract-sign-complete,docs/CognitiveBrain/contracts/synapses/credit-contracts/contract-sign-complete/contract-sign-complete-sameday-status-process.md
contract-sign-complete-stock-deduct-delivered,pathway,credit-contracts,contract-sign-complete,docs/CognitiveBrain/contracts/synapses/credit-contracts/contract-sign-complete/contract-sign-complete-stock-deduct-delivered.md
contract-sign-complete-stock-release-order,pathway,credit-contracts,contract-sign-complete,docs/CognitiveBrain/contracts/synapses/credit-contracts/contract-sign-complete/contract-sign-complete-stock-release-order.md
contract-sign-complete-stock-reserve-order,pathway,credit-contracts,contract-sign-complete,docs/CognitiveBrain/contracts/synapses/credit-contracts/contract-sign-complete/contract-sign-complete-stock-reserve-order.md
contract-sign-complete-stock-sync-oblio,pathway,credit-contracts,contract-sign-complete,docs/CognitiveBrain/contracts/synapses/credit-contracts/contract-sign-complete/contract-sign-complete-stock-sync-oblio.md
contract-sign-request-family,pathway,credit-contracts,contract-sign-request,docs/CognitiveBrain/contracts/synapses/credit-contracts/contract-sign-request/contract-sign-request-family.md
contract-sign-request-return-process-stock,pathway,credit-contracts,contract-sign-request,docs/CognitiveBrain/contracts/synapses/credit-contracts/contract-sign-request/contract-sign-request-return-process-stock.md
contract-sign-request-return-request-create,pathway,credit-contracts,contract-sign-request,docs/CognitiveBrain/contracts/synapses/credit-contracts/contract-sign-request/contract-sign-request-return-request-create.md
contract-sign-request-sameday-awb-create,pathway,credit-contracts,contract-sign-request,docs/CognitiveBrain/contracts/synapses/credit-contracts/contract-sign-request/contract-sign-request-sameday-awb-create.md
contract-sign-request-sameday-cod-process,pathway,credit-contracts,contract-sign-request,docs/CognitiveBrain/contracts/synapses/credit-contracts/contract-sign-request/contract-sign-request-sameday-cod-process.md
contract-sign-request-sameday-pickup-schedule,pathway,credit-contracts,contract-sign-request,docs/CognitiveBrain/contracts/synapses/credit-contracts/contract-sign-request/contract-sign-request-sameday-pickup-schedule.md
contract-sign-request-sameday-return-initiate,pathway,credit-contracts,contract-sign-request,docs/CognitiveBrain/contracts/synapses/credit-contracts/contract-sign-request/contract-sign-request-sameday-return-initiate.md
contract-sign-request-sameday-status-poll,pathway,credit-contracts,contract-sign-request,docs/CognitiveBrain/contracts/synapses/credit-contracts/contract-sign-request/contract-sign-request-sameday-status-poll.md
contract-sign-request-sameday-status-process,pathway,credit-contracts,contract-sign-request,docs/CognitiveBrain/contracts/synapses/credit-contracts/contract-sign-request/contract-sign-request-sameday-status-process.md
contract-sign-request-stock-deduct-delivered,pathway,credit-contracts,contract-sign-request,docs/CognitiveBrain/contracts/synapses/credit-contracts/contract-sign-request/contract-sign-request-stock-deduct-delivered.md
contract-sign-request-stock-release-order,pathway,credit-contracts,contract-sign-request,docs/CognitiveBrain/contracts/synapses/credit-contracts/contract-sign-request/contract-sign-request-stock-release-order.md
contract-sign-request-stock-reserve-order,pathway,credit-contracts,contract-sign-request,docs/CognitiveBrain/contracts/synapses/credit-contracts/contract-sign-request/contract-sign-request-stock-reserve-order.md
contract-sign-request-stock-sync-oblio,pathway,credit-contracts,contract-sign-request,docs/CognitiveBrain/contracts/synapses/credit-contracts/contract-sign-request/contract-sign-request-stock-sync-oblio.md
contract-template-select-family,pathway,credit-contracts,contract-template-select,docs/CognitiveBrain/contracts/synapses/credit-contracts/contract-template-select/contract-template-select-family.md
contract-template-select-return-process-stock,pathway,credit-contracts,contract-template-select,docs/CognitiveBrain/contracts/synapses/credit-contracts/contract-template-select/contract-template-select-return-process-stock.md
contract-template-select-return-request-create,pathway,credit-contracts,contract-template-select,docs/CognitiveBrain/contracts/synapses/credit-contracts/contract-template-select/contract-template-select-return-request-create.md
contract-template-select-sameday-awb-create,pathway,credit-contracts,contract-template-select,docs/CognitiveBrain/contracts/synapses/credit-contracts/contract-template-select/contract-template-select-sameday-awb-create.md
contract-template-select-sameday-cod-process,pathway,credit-contracts,contract-template-select,docs/CognitiveBrain/contracts/synapses/credit-contracts/contract-template-select/contract-template-select-sameday-cod-process.md
contract-template-select-sameday-pickup-schedule,pathway,credit-contracts,contract-template-select,docs/CognitiveBrain/contracts/synapses/credit-contracts/contract-template-select/contract-template-select-sameday-pickup-schedule.md
contract-template-select-sameday-return-initiate,pathway,credit-contracts,contract-template-select,docs/CognitiveBrain/contracts/synapses/credit-contracts/contract-template-select/contract-template-select-sameday-return-initiate.md
contract-template-select-sameday-status-poll,pathway,credit-contracts,contract-template-select,docs/CognitiveBrain/contracts/synapses/credit-contracts/contract-template-select/contract-template-select-sameday-status-poll.md
contract-template-select-sameday-status-process,pathway,credit-contracts,contract-template-select,docs/CognitiveBrain/contracts/synapses/credit-contracts/contract-template-select/contract-template-select-sameday-status-process.md
contract-template-select-stock-deduct-delivered,pathway,credit-contracts,contract-template-select,docs/CognitiveBrain/contracts/synapses/credit-contracts/contract-template-select/contract-template-select-stock-deduct-delivered.md
contract-template-select-stock-release-order,pathway,credit-contracts,contract-template-select,docs/CognitiveBrain/contracts/synapses/credit-contracts/contract-template-select/contract-template-select-stock-release-order.md
contract-template-select-stock-reserve-order,pathway,credit-contracts,contract-template-select,docs/CognitiveBrain/contracts/synapses/credit-contracts/contract-template-select/contract-template-select-stock-reserve-order.md
contract-template-select-stock-sync-oblio,pathway,credit-contracts,contract-template-select,docs/CognitiveBrain/contracts/synapses/credit-contracts/contract-template-select/contract-template-select-stock-sync-oblio.md
credit-check-order-contract-archive-store,pathway,credit-contracts,credit-check-order,docs/CognitiveBrain/contracts/synapses/credit-contracts/credit-check-order/credit-check-order-contract-archive-store.md
credit-check-order-contract-clause-assemble,pathway,credit-contracts,credit-check-order,docs/CognitiveBrain/contracts/synapses/credit-contracts/credit-check-order/credit-check-order-contract-clause-assemble.md
credit-check-order-contract-generate-docx,pathway,credit-contracts,credit-check-order,docs/CognitiveBrain/contracts/synapses/credit-contracts/credit-check-order/credit-check-order-contract-generate-docx.md
credit-check-order-contract-generate-notice,pathway,credit-contracts,credit-check-order,docs/CognitiveBrain/contracts/synapses/credit-contracts/credit-check-order/credit-check-order-contract-generate-notice.md
credit-check-order-contract-sign-check-expiry,pathway,credit-contracts,credit-check-order,docs/CognitiveBrain/contracts/synapses/credit-contracts/credit-check-order/credit-check-order-contract-sign-check-expiry.md
credit-check-order-contract-sign-complete,pathway,credit-contracts,credit-check-order,docs/CognitiveBrain/contracts/synapses/credit-contracts/credit-check-order/credit-check-order-contract-sign-complete.md
credit-check-order-contract-sign-request,pathway,credit-contracts,credit-check-order,docs/CognitiveBrain/contracts/synapses/credit-contracts/credit-check-order/credit-check-order-contract-sign-request.md
credit-check-order-contract-template-select,pathway,credit-contracts,credit-check-order,docs/CognitiveBrain/contracts/synapses/credit-contracts/credit-check-order/credit-check-order-contract-template-select.md
credit-check-order-family,pathway,credit-contracts,credit-check-order,docs/CognitiveBrain/contracts/synapses/credit-contracts/credit-check-order/credit-check-order-family.md
credit-data-fetch-anaf-contract-archive-store,pathway,credit-contracts,credit-data-fetch-anaf,docs/CognitiveBrain/contracts/synapses/credit-contracts/credit-data-fetch-anaf/credit-data-fetch-anaf-contract-archive-store.md
credit-data-fetch-anaf-contract-clause-assemble,pathway,credit-contracts,credit-data-fetch-anaf,docs/CognitiveBrain/contracts/synapses/credit-contracts/credit-data-fetch-anaf/credit-data-fetch-anaf-contract-clause-assemble.md
credit-data-fetch-anaf-contract-generate-docx,pathway,credit-contracts,credit-data-fetch-anaf,docs/CognitiveBrain/contracts/synapses/credit-contracts/credit-data-fetch-anaf/credit-data-fetch-anaf-contract-generate-docx.md
credit-data-fetch-anaf-contract-generate-notice,pathway,credit-contracts,credit-data-fetch-anaf,docs/CognitiveBrain/contracts/synapses/credit-contracts/credit-data-fetch-anaf/credit-data-fetch-anaf-contract-generate-notice.md
credit-data-fetch-anaf-contract-sign-check-expiry,pathway,credit-contracts,credit-data-fetch-anaf,docs/CognitiveBrain/contracts/synapses/credit-contracts/credit-data-fetch-anaf/credit-data-fetch-anaf-contract-sign-check-expiry.md
credit-data-fetch-anaf-contract-sign-complete,pathway,credit-contracts,credit-data-fetch-anaf,docs/CognitiveBrain/contracts/synapses/credit-contracts/credit-data-fetch-anaf/credit-data-fetch-anaf-contract-sign-complete.md
credit-data-fetch-anaf-contract-sign-request,pathway,credit-contracts,credit-data-fetch-anaf,docs/CognitiveBrain/contracts/synapses/credit-contracts/credit-data-fetch-anaf/credit-data-fetch-anaf-contract-sign-request.md
credit-data-fetch-anaf-contract-template-select,pathway,credit-contracts,credit-data-fetch-anaf,docs/CognitiveBrain/contracts/synapses/credit-contracts/credit-data-fetch-anaf/credit-data-fetch-anaf-contract-template-select.md
credit-data-fetch-anaf-family,pathway,credit-contracts,credit-data-fetch-anaf,docs/CognitiveBrain/contracts/synapses/credit-contracts/credit-data-fetch-anaf/credit-data-fetch-anaf-family.md
credit-data-fetch-bilant-contract-archive-store,pathway,credit-contracts,credit-data-fetch-bilant,docs/CognitiveBrain/contracts/synapses/credit-contracts/credit-data-fetch-bilant/credit-data-fetch-bilant-contract-archive-store.md
credit-data-fetch-bilant-contract-clause-assemble,pathway,credit-contracts,credit-data-fetch-bilant,docs/CognitiveBrain/contracts/synapses/credit-contracts/credit-data-fetch-bilant/credit-data-fetch-bilant-contract-clause-assemble.md
credit-data-fetch-bilant-contract-generate-docx,pathway,credit-contracts,credit-data-fetch-bilant,docs/CognitiveBrain/contracts/synapses/credit-contracts/credit-data-fetch-bilant/credit-data-fetch-bilant-contract-generate-docx.md
credit-data-fetch-bilant-contract-generate-notice,pathway,credit-contracts,credit-data-fetch-bilant,docs/CognitiveBrain/contracts/synapses/credit-contracts/credit-data-fetch-bilant/credit-data-fetch-bilant-contract-generate-notice.md
credit-data-fetch-bilant-contract-sign-check-expiry,pathway,credit-contracts,credit-data-fetch-bilant,docs/CognitiveBrain/contracts/synapses/credit-contracts/credit-data-fetch-bilant/credit-data-fetch-bilant-contract-sign-check-expiry.md
credit-data-fetch-bilant-contract-sign-complete,pathway,credit-contracts,credit-data-fetch-bilant,docs/CognitiveBrain/contracts/synapses/credit-contracts/credit-data-fetch-bilant/credit-data-fetch-bilant-contract-sign-complete.md
credit-data-fetch-bilant-contract-sign-request,pathway,credit-contracts,credit-data-fetch-bilant,docs/CognitiveBrain/contracts/synapses/credit-contracts/credit-data-fetch-bilant/credit-data-fetch-bilant-contract-sign-request.md
credit-data-fetch-bilant-contract-template-select,pathway,credit-contracts,credit-data-fetch-bilant,docs/CognitiveBrain/contracts/synapses/credit-contracts/credit-data-fetch-bilant/credit-data-fetch-bilant-contract-template-select.md
credit-data-fetch-bilant-family,pathway,credit-contracts,credit-data-fetch-bilant,docs/CognitiveBrain/contracts/synapses/credit-contracts/credit-data-fetch-bilant/credit-data-fetch-bilant-family.md
credit-data-fetch-dosare-contract-archive-store,pathway,credit-contracts,credit-data-fetch-dosare,docs/CognitiveBrain/contracts/synapses/credit-contracts/credit-data-fetch-dosare/credit-data-fetch-dosare-contract-archive-store.md
credit-data-fetch-dosare-contract-clause-assemble,pathway,credit-contracts,credit-data-fetch-dosare,docs/CognitiveBrain/contracts/synapses/credit-contracts/credit-data-fetch-dosare/credit-data-fetch-dosare-contract-clause-assemble.md
credit-data-fetch-dosare-contract-generate-docx,pathway,credit-contracts,credit-data-fetch-dosare,docs/CognitiveBrain/contracts/synapses/credit-contracts/credit-data-fetch-dosare/credit-data-fetch-dosare-contract-generate-docx.md
credit-data-fetch-dosare-contract-generate-notice,pathway,credit-contracts,credit-data-fetch-dosare,docs/CognitiveBrain/contracts/synapses/credit-contracts/credit-data-fetch-dosare/credit-data-fetch-dosare-contract-generate-notice.md
credit-data-fetch-dosare-contract-sign-check-expiry,pathway,credit-contracts,credit-data-fetch-dosare,docs/CognitiveBrain/contracts/synapses/credit-contracts/credit-data-fetch-dosare/credit-data-fetch-dosare-contract-sign-check-expiry.md
credit-data-fetch-dosare-contract-sign-complete,pathway,credit-contracts,credit-data-fetch-dosare,docs/CognitiveBrain/contracts/synapses/credit-contracts/credit-data-fetch-dosare/credit-data-fetch-dosare-contract-sign-complete.md
credit-data-fetch-dosare-contract-sign-request,pathway,credit-contracts,credit-data-fetch-dosare,docs/CognitiveBrain/contracts/synapses/credit-contracts/credit-data-fetch-dosare/credit-data-fetch-dosare-contract-sign-request.md
credit-data-fetch-dosare-contract-template-select,pathway,credit-contracts,credit-data-fetch-dosare,docs/CognitiveBrain/contracts/synapses/credit-contracts/credit-data-fetch-dosare/credit-data-fetch-dosare-contract-template-select.md
credit-data-fetch-dosare-family,pathway,credit-contracts,credit-data-fetch-dosare,docs/CognitiveBrain/contracts/synapses/credit-contracts/credit-data-fetch-dosare/credit-data-fetch-dosare-family.md
credit-data-fetch-insolventa-contract-archive-store,pathway,credit-contracts,credit-data-fetch-insolventa,docs/CognitiveBrain/contracts/synapses/credit-contracts/credit-data-fetch-insolventa/credit-data-fetch-insolventa-contract-archive-store.md
credit-data-fetch-insolventa-contract-clause-assemble,pathway,credit-contracts,credit-data-fetch-insolventa,docs/CognitiveBrain/contracts/synapses/credit-contracts/credit-data-fetch-insolventa/credit-data-fetch-insolventa-contract-clause-assemble.md
credit-data-fetch-insolventa-contract-generate-docx,pathway,credit-contracts,credit-data-fetch-insolventa,docs/CognitiveBrain/contracts/synapses/credit-contracts/credit-data-fetch-insolventa/credit-data-fetch-insolventa-contract-generate-docx.md
credit-data-fetch-insolventa-contract-generate-notice,pathway,credit-contracts,credit-data-fetch-insolventa,docs/CognitiveBrain/contracts/synapses/credit-contracts/credit-data-fetch-insolventa/credit-data-fetch-insolventa-contract-generate-notice.md
credit-data-fetch-insolventa-contract-sign-check-expiry,pathway,credit-contracts,credit-data-fetch-insolventa,docs/CognitiveBrain/contracts/synapses/credit-contracts/credit-data-fetch-insolventa/credit-data-fetch-insolventa-contract-sign-check-expiry.md
credit-data-fetch-insolventa-contract-sign-complete,pathway,credit-contracts,credit-data-fetch-insolventa,docs/CognitiveBrain/contracts/synapses/credit-contracts/credit-data-fetch-insolventa/credit-data-fetch-insolventa-contract-sign-complete.md
credit-data-fetch-insolventa-contract-sign-request,pathway,credit-contracts,credit-data-fetch-insolventa,docs/CognitiveBrain/contracts/synapses/credit-contracts/credit-data-fetch-insolventa/credit-data-fetch-insolventa-contract-sign-request.md
credit-data-fetch-insolventa-contract-template-select,pathway,credit-contracts,credit-data-fetch-insolventa,docs/CognitiveBrain/contracts/synapses/credit-contracts/credit-data-fetch-insolventa/credit-data-fetch-insolventa-contract-template-select.md
credit-data-fetch-insolventa-family,pathway,credit-contracts,credit-data-fetch-insolventa,docs/CognitiveBrain/contracts/synapses/credit-contracts/credit-data-fetch-insolventa/credit-data-fetch-insolventa-family.md
credit-limit-calculate-contract-archive-store,pathway,credit-contracts,credit-limit-calculate,docs/CognitiveBrain/contracts/synapses/credit-contracts/credit-limit-calculate/credit-limit-calculate-contract-archive-store.md
credit-limit-calculate-contract-clause-assemble,pathway,credit-contracts,credit-limit-calculate,docs/CognitiveBrain/contracts/synapses/credit-contracts/credit-limit-calculate/credit-limit-calculate-contract-clause-assemble.md
credit-limit-calculate-contract-generate-docx,pathway,credit-contracts,credit-limit-calculate,docs/CognitiveBrain/contracts/synapses/credit-contracts/credit-limit-calculate/credit-limit-calculate-contract-generate-docx.md
credit-limit-calculate-contract-generate-notice,pathway,credit-contracts,credit-limit-calculate,docs/CognitiveBrain/contracts/synapses/credit-contracts/credit-limit-calculate/credit-limit-calculate-contract-generate-notice.md
credit-limit-calculate-contract-sign-check-expiry,pathway,credit-contracts,credit-limit-calculate,docs/CognitiveBrain/contracts/synapses/credit-contracts/credit-limit-calculate/credit-limit-calculate-contract-sign-check-expiry.md
credit-limit-calculate-contract-sign-complete,pathway,credit-contracts,credit-limit-calculate,docs/CognitiveBrain/contracts/synapses/credit-contracts/credit-limit-calculate/credit-limit-calculate-contract-sign-complete.md
credit-limit-calculate-contract-sign-request,pathway,credit-contracts,credit-limit-calculate,docs/CognitiveBrain/contracts/synapses/credit-contracts/credit-limit-calculate/credit-limit-calculate-contract-sign-request.md
credit-limit-calculate-contract-template-select,pathway,credit-contracts,credit-limit-calculate,docs/CognitiveBrain/contracts/synapses/credit-contracts/credit-limit-calculate/credit-limit-calculate-contract-template-select.md
credit-limit-calculate-family,pathway,credit-contracts,credit-limit-calculate,docs/CognitiveBrain/contracts/synapses/credit-contracts/credit-limit-calculate/credit-limit-calculate-family.md
credit-profile-create-contract-archive-store,pathway,credit-contracts,credit-profile-create,docs/CognitiveBrain/contracts/synapses/credit-contracts/credit-profile-create/credit-profile-create-contract-archive-store.md
credit-profile-create-contract-clause-assemble,pathway,credit-contracts,credit-profile-create,docs/CognitiveBrain/contracts/synapses/credit-contracts/credit-profile-create/credit-profile-create-contract-clause-assemble.md
credit-profile-create-contract-generate-docx,pathway,credit-contracts,credit-profile-create,docs/CognitiveBrain/contracts/synapses/credit-contracts/credit-profile-create/credit-profile-create-contract-generate-docx.md
credit-profile-create-contract-generate-notice,pathway,credit-contracts,credit-profile-create,docs/CognitiveBrain/contracts/synapses/credit-contracts/credit-profile-create/credit-profile-create-contract-generate-notice.md
credit-profile-create-contract-sign-check-expiry,pathway,credit-contracts,credit-profile-create,docs/CognitiveBrain/contracts/synapses/credit-contracts/credit-profile-create/credit-profile-create-contract-sign-check-expiry.md
credit-profile-create-contract-sign-complete,pathway,credit-contracts,credit-profile-create,docs/CognitiveBrain/contracts/synapses/credit-contracts/credit-profile-create/credit-profile-create-contract-sign-complete.md
credit-profile-create-contract-sign-request,pathway,credit-contracts,credit-profile-create,docs/CognitiveBrain/contracts/synapses/credit-contracts/credit-profile-create/credit-profile-create-contract-sign-request.md
credit-profile-create-contract-template-select,pathway,credit-contracts,credit-profile-create,docs/CognitiveBrain/contracts/synapses/credit-contracts/credit-profile-create/credit-profile-create-contract-template-select.md
credit-profile-create-family,pathway,credit-contracts,credit-profile-create,docs/CognitiveBrain/contracts/synapses/credit-contracts/credit-profile-create/credit-profile-create-family.md
credit-release-order-contract-archive-store,pathway,credit-contracts,credit-release-order,docs/CognitiveBrain/contracts/synapses/credit-contracts/credit-release-order/credit-release-order-contract-archive-store.md
credit-release-order-contract-clause-assemble,pathway,credit-contracts,credit-release-order,docs/CognitiveBrain/contracts/synapses/credit-contracts/credit-release-order/credit-release-order-contract-clause-assemble.md
credit-release-order-contract-generate-docx,pathway,credit-contracts,credit-release-order,docs/CognitiveBrain/contracts/synapses/credit-contracts/credit-release-order/credit-release-order-contract-generate-docx.md
credit-release-order-contract-generate-notice,pathway,credit-contracts,credit-release-order,docs/CognitiveBrain/contracts/synapses/credit-contracts/credit-release-order/credit-release-order-contract-generate-notice.md
credit-release-order-contract-sign-check-expiry,pathway,credit-contracts,credit-release-order,docs/CognitiveBrain/contracts/synapses/credit-contracts/credit-release-order/credit-release-order-contract-sign-check-expiry.md
credit-release-order-contract-sign-complete,pathway,credit-contracts,credit-release-order,docs/CognitiveBrain/contracts/synapses/credit-contracts/credit-release-order/credit-release-order-contract-sign-complete.md
credit-release-order-contract-sign-request,pathway,credit-contracts,credit-release-order,docs/CognitiveBrain/contracts/synapses/credit-contracts/credit-release-order/credit-release-order-contract-sign-request.md
credit-release-order-contract-template-select,pathway,credit-contracts,credit-release-order,docs/CognitiveBrain/contracts/synapses/credit-contracts/credit-release-order/credit-release-order-contract-template-select.md
credit-release-order-family,pathway,credit-contracts,credit-release-order,docs/CognitiveBrain/contracts/synapses/credit-contracts/credit-release-order/credit-release-order-family.md
credit-reserve-expire-contract-archive-store,pathway,credit-contracts,credit-reserve-expire,docs/CognitiveBrain/contracts/synapses/credit-contracts/credit-reserve-expire/credit-reserve-expire-contract-archive-store.md
credit-reserve-expire-contract-clause-assemble,pathway,credit-contracts,credit-reserve-expire,docs/CognitiveBrain/contracts/synapses/credit-contracts/credit-reserve-expire/credit-reserve-expire-contract-clause-assemble.md
credit-reserve-expire-contract-generate-docx,pathway,credit-contracts,credit-reserve-expire,docs/CognitiveBrain/contracts/synapses/credit-contracts/credit-reserve-expire/credit-reserve-expire-contract-generate-docx.md
credit-reserve-expire-contract-generate-notice,pathway,credit-contracts,credit-reserve-expire,docs/CognitiveBrain/contracts/synapses/credit-contracts/credit-reserve-expire/credit-reserve-expire-contract-generate-notice.md
credit-reserve-expire-contract-sign-check-expiry,pathway,credit-contracts,credit-reserve-expire,docs/CognitiveBrain/contracts/synapses/credit-contracts/credit-reserve-expire/credit-reserve-expire-contract-sign-check-expiry.md
credit-reserve-expire-contract-sign-complete,pathway,credit-contracts,credit-reserve-expire,docs/CognitiveBrain/contracts/synapses/credit-contracts/credit-reserve-expire/credit-reserve-expire-contract-sign-complete.md
credit-reserve-expire-contract-sign-request,pathway,credit-contracts,credit-reserve-expire,docs/CognitiveBrain/contracts/synapses/credit-contracts/credit-reserve-expire/credit-reserve-expire-contract-sign-request.md
credit-reserve-expire-contract-template-select,pathway,credit-contracts,credit-reserve-expire,docs/CognitiveBrain/contracts/synapses/credit-contracts/credit-reserve-expire/credit-reserve-expire-contract-template-select.md
credit-reserve-expire-family,pathway,credit-contracts,credit-reserve-expire,docs/CognitiveBrain/contracts/synapses/credit-contracts/credit-reserve-expire/credit-reserve-expire-family.md
credit-reserve-hold-contract-archive-store,pathway,credit-contracts,credit-reserve-hold,docs/CognitiveBrain/contracts/synapses/credit-contracts/credit-reserve-hold/credit-reserve-hold-contract-archive-store.md
credit-reserve-hold-contract-clause-assemble,pathway,credit-contracts,credit-reserve-hold,docs/CognitiveBrain/contracts/synapses/credit-contracts/credit-reserve-hold/credit-reserve-hold-contract-clause-assemble.md
credit-reserve-hold-contract-generate-docx,pathway,credit-contracts,credit-reserve-hold,docs/CognitiveBrain/contracts/synapses/credit-contracts/credit-reserve-hold/credit-reserve-hold-contract-generate-docx.md
credit-reserve-hold-contract-generate-notice,pathway,credit-contracts,credit-reserve-hold,docs/CognitiveBrain/contracts/synapses/credit-contracts/credit-reserve-hold/credit-reserve-hold-contract-generate-notice.md
credit-reserve-hold-contract-sign-check-expiry,pathway,credit-contracts,credit-reserve-hold,docs/CognitiveBrain/contracts/synapses/credit-contracts/credit-reserve-hold/credit-reserve-hold-contract-sign-check-expiry.md
credit-reserve-hold-contract-sign-complete,pathway,credit-contracts,credit-reserve-hold,docs/CognitiveBrain/contracts/synapses/credit-contracts/credit-reserve-hold/credit-reserve-hold-contract-sign-complete.md
credit-reserve-hold-contract-sign-request,pathway,credit-contracts,credit-reserve-hold,docs/CognitiveBrain/contracts/synapses/credit-contracts/credit-reserve-hold/credit-reserve-hold-contract-sign-request.md
credit-reserve-hold-contract-template-select,pathway,credit-contracts,credit-reserve-hold,docs/CognitiveBrain/contracts/synapses/credit-contracts/credit-reserve-hold/credit-reserve-hold-contract-template-select.md
credit-reserve-hold-family,pathway,credit-contracts,credit-reserve-hold,docs/CognitiveBrain/contracts/synapses/credit-contracts/credit-reserve-hold/credit-reserve-hold-family.md
credit-score-calculate-contract-archive-store,pathway,credit-contracts,credit-score-calculate,docs/CognitiveBrain/contracts/synapses/credit-contracts/credit-score-calculate/credit-score-calculate-contract-archive-store.md
credit-score-calculate-contract-clause-assemble,pathway,credit-contracts,credit-score-calculate,docs/CognitiveBrain/contracts/synapses/credit-contracts/credit-score-calculate/credit-score-calculate-contract-clause-assemble.md
credit-score-calculate-contract-generate-docx,pathway,credit-contracts,credit-score-calculate,docs/CognitiveBrain/contracts/synapses/credit-contracts/credit-score-calculate/credit-score-calculate-contract-generate-docx.md
credit-score-calculate-contract-generate-notice,pathway,credit-contracts,credit-score-calculate,docs/CognitiveBrain/contracts/synapses/credit-contracts/credit-score-calculate/credit-score-calculate-contract-generate-notice.md
credit-score-calculate-contract-sign-check-expiry,pathway,credit-contracts,credit-score-calculate,docs/CognitiveBrain/contracts/synapses/credit-contracts/credit-score-calculate/credit-score-calculate-contract-sign-check-expiry.md
credit-score-calculate-contract-sign-complete,pathway,credit-contracts,credit-score-calculate,docs/CognitiveBrain/contracts/synapses/credit-contracts/credit-score-calculate/credit-score-calculate-contract-sign-complete.md
credit-score-calculate-contract-sign-request,pathway,credit-contracts,credit-score-calculate,docs/CognitiveBrain/contracts/synapses/credit-contracts/credit-score-calculate/credit-score-calculate-contract-sign-request.md
credit-score-calculate-contract-template-select,pathway,credit-contracts,credit-score-calculate,docs/CognitiveBrain/contracts/synapses/credit-contracts/credit-score-calculate/credit-score-calculate-contract-template-select.md
credit-score-calculate-family,pathway,credit-contracts,credit-score-calculate,docs/CognitiveBrain/contracts/synapses/credit-contracts/credit-score-calculate/credit-score-calculate-family.md
einvoice-archive-download-channel-email-send,pathway,credit-contracts,einvoice-archive-download,docs/CognitiveBrain/contracts/synapses/credit-contracts/einvoice-archive-download/einvoice-archive-download-channel-email-send.md
einvoice-archive-download-channel-routing-decide,pathway,credit-contracts,einvoice-archive-download,docs/CognitiveBrain/contracts/synapses/credit-contracts/einvoice-archive-download/einvoice-archive-download-channel-routing-decide.md
einvoice-archive-download-channel-whatsapp-send,pathway,credit-contracts,einvoice-archive-download,docs/CognitiveBrain/contracts/synapses/credit-contracts/einvoice-archive-download/einvoice-archive-download-channel-whatsapp-send.md
einvoice-archive-download-family,pathway,credit-contracts,einvoice-archive-download,docs/CognitiveBrain/contracts/synapses/credit-contracts/einvoice-archive-download/einvoice-archive-download-family.md
payment-reconcile-auto-credit-check-order,pathway,credit-contracts,payment-reconcile-auto,docs/CognitiveBrain/contracts/synapses/credit-contracts/payment-reconcile-auto/payment-reconcile-auto-credit-check-order.md
payment-reconcile-auto-credit-data-fetch-anaf,pathway,credit-contracts,payment-reconcile-auto,docs/CognitiveBrain/contracts/synapses/credit-contracts/payment-reconcile-auto/payment-reconcile-auto-credit-data-fetch-anaf.md
payment-reconcile-auto-credit-data-fetch-bilant,pathway,credit-contracts,payment-reconcile-auto,docs/CognitiveBrain/contracts/synapses/credit-contracts/payment-reconcile-auto/payment-reconcile-auto-credit-data-fetch-bilant.md
payment-reconcile-auto-credit-data-fetch-dosare,pathway,credit-contracts,payment-reconcile-auto,docs/CognitiveBrain/contracts/synapses/credit-contracts/payment-reconcile-auto/payment-reconcile-auto-credit-data-fetch-dosare.md
payment-reconcile-auto-credit-data-fetch-insolventa,pathway,credit-contracts,payment-reconcile-auto,docs/CognitiveBrain/contracts/synapses/credit-contracts/payment-reconcile-auto/payment-reconcile-auto-credit-data-fetch-insolventa.md
payment-reconcile-auto-credit-limit-calculate,pathway,credit-contracts,payment-reconcile-auto,docs/CognitiveBrain/contracts/synapses/credit-contracts/payment-reconcile-auto/payment-reconcile-auto-credit-limit-calculate.md
payment-reconcile-auto-credit-profile-create,pathway,credit-contracts,payment-reconcile-auto,docs/CognitiveBrain/contracts/synapses/credit-contracts/payment-reconcile-auto/payment-reconcile-auto-credit-profile-create.md
payment-reconcile-auto-credit-release-order,pathway,credit-contracts,payment-reconcile-auto,docs/CognitiveBrain/contracts/synapses/credit-contracts/payment-reconcile-auto/payment-reconcile-auto-credit-release-order.md
payment-reconcile-auto-credit-reserve-expire,pathway,credit-contracts,payment-reconcile-auto,docs/CognitiveBrain/contracts/synapses/credit-contracts/payment-reconcile-auto/payment-reconcile-auto-credit-reserve-expire.md
payment-reconcile-auto-credit-reserve-hold,pathway,credit-contracts,payment-reconcile-auto,docs/CognitiveBrain/contracts/synapses/credit-contracts/payment-reconcile-auto/payment-reconcile-auto-credit-reserve-hold.md
payment-reconcile-auto-credit-score-calculate,pathway,credit-contracts,payment-reconcile-auto,docs/CognitiveBrain/contracts/synapses/credit-contracts/payment-reconcile-auto/payment-reconcile-auto-credit-score-calculate.md
payment-reconcile-auto-family,pathway,credit-contracts,payment-reconcile-auto,docs/CognitiveBrain/contracts/synapses/credit-contracts/payment-reconcile-auto/payment-reconcile-auto-family.md
payment-refund-process-credit-check-order,pathway,credit-contracts,payment-refund-process,docs/CognitiveBrain/contracts/synapses/credit-contracts/payment-refund-process/payment-refund-process-credit-check-order.md
payment-refund-process-credit-data-fetch-anaf,pathway,credit-contracts,payment-refund-process,docs/CognitiveBrain/contracts/synapses/credit-contracts/payment-refund-process/payment-refund-process-credit-data-fetch-anaf.md
payment-refund-process-credit-data-fetch-bilant,pathway,credit-contracts,payment-refund-process,docs/CognitiveBrain/contracts/synapses/credit-contracts/payment-refund-process/payment-refund-process-credit-data-fetch-bilant.md
payment-refund-process-credit-data-fetch-dosare,pathway,credit-contracts,payment-refund-process,docs/CognitiveBrain/contracts/synapses/credit-contracts/payment-refund-process/payment-refund-process-credit-data-fetch-dosare.md
payment-refund-process-credit-data-fetch-insolventa,pathway,credit-contracts,payment-refund-process,docs/CognitiveBrain/contracts/synapses/credit-contracts/payment-refund-process/payment-refund-process-credit-data-fetch-insolventa.md
payment-refund-process-credit-limit-calculate,pathway,credit-contracts,payment-refund-process,docs/CognitiveBrain/contracts/synapses/credit-contracts/payment-refund-process/payment-refund-process-credit-limit-calculate.md
payment-refund-process-credit-profile-create,pathway,credit-contracts,payment-refund-process,docs/CognitiveBrain/contracts/synapses/credit-contracts/payment-refund-process/payment-refund-process-credit-profile-create.md
payment-refund-process-credit-release-order,pathway,credit-contracts,payment-refund-process,docs/CognitiveBrain/contracts/synapses/credit-contracts/payment-refund-process/payment-refund-process-credit-release-order.md
payment-refund-process-credit-reserve-expire,pathway,credit-contracts,payment-refund-process,docs/CognitiveBrain/contracts/synapses/credit-contracts/payment-refund-process/payment-refund-process-credit-reserve-expire.md
payment-refund-process-credit-reserve-hold,pathway,credit-contracts,payment-refund-process,docs/CognitiveBrain/contracts/synapses/credit-contracts/payment-refund-process/payment-refund-process-credit-reserve-hold.md
payment-refund-process-credit-score-calculate,pathway,credit-contracts,payment-refund-process,docs/CognitiveBrain/contracts/synapses/credit-contracts/payment-refund-process/payment-refund-process-credit-score-calculate.md
payment-refund-process-family,pathway,credit-contracts,payment-refund-process,docs/CognitiveBrain/contracts/synapses/credit-contracts/payment-refund-process/payment-refund-process-family.md
reconcile-daily-unmatched-credit-check-order,pathway,credit-contracts,reconcile-daily-unmatched,docs/CognitiveBrain/contracts/synapses/credit-contracts/reconcile-daily-unmatched/reconcile-daily-unmatched-credit-check-order.md
reconcile-daily-unmatched-credit-data-fetch-anaf,pathway,credit-contracts,reconcile-daily-unmatched,docs/CognitiveBrain/contracts/synapses/credit-contracts/reconcile-daily-unmatched/reconcile-daily-unmatched-credit-data-fetch-anaf.md
reconcile-daily-unmatched-credit-data-fetch-bilant,pathway,credit-contracts,reconcile-daily-unmatched,docs/CognitiveBrain/contracts/synapses/credit-contracts/reconcile-daily-unmatched/reconcile-daily-unmatched-credit-data-fetch-bilant.md
reconcile-daily-unmatched-credit-data-fetch-dosare,pathway,credit-contracts,reconcile-daily-unmatched,docs/CognitiveBrain/contracts/synapses/credit-contracts/reconcile-daily-unmatched/reconcile-daily-unmatched-credit-data-fetch-dosare.md
reconcile-daily-unmatched-credit-data-fetch-insolventa,pathway,credit-contracts,reconcile-daily-unmatched,docs/CognitiveBrain/contracts/synapses/credit-contracts/reconcile-daily-unmatched/reconcile-daily-unmatched-credit-data-fetch-insolventa.md
reconcile-daily-unmatched-credit-limit-calculate,pathway,credit-contracts,reconcile-daily-unmatched,docs/CognitiveBrain/contracts/synapses/credit-contracts/reconcile-daily-unmatched/reconcile-daily-unmatched-credit-limit-calculate.md
reconcile-daily-unmatched-credit-profile-create,pathway,credit-contracts,reconcile-daily-unmatched,docs/CognitiveBrain/contracts/synapses/credit-contracts/reconcile-daily-unmatched/reconcile-daily-unmatched-credit-profile-create.md
reconcile-daily-unmatched-credit-release-order,pathway,credit-contracts,reconcile-daily-unmatched,docs/CognitiveBrain/contracts/synapses/credit-contracts/reconcile-daily-unmatched/reconcile-daily-unmatched-credit-release-order.md
reconcile-daily-unmatched-credit-reserve-expire,pathway,credit-contracts,reconcile-daily-unmatched,docs/CognitiveBrain/contracts/synapses/credit-contracts/reconcile-daily-unmatched/reconcile-daily-unmatched-credit-reserve-expire.md
reconcile-daily-unmatched-credit-reserve-hold,pathway,credit-contracts,reconcile-daily-unmatched,docs/CognitiveBrain/contracts/synapses/credit-contracts/reconcile-daily-unmatched/reconcile-daily-unmatched-credit-reserve-hold.md
reconcile-daily-unmatched-credit-score-calculate,pathway,credit-contracts,reconcile-daily-unmatched,docs/CognitiveBrain/contracts/synapses/credit-contracts/reconcile-daily-unmatched/reconcile-daily-unmatched-credit-score-calculate.md
reconcile-daily-unmatched-family,pathway,credit-contracts,reconcile-daily-unmatched,docs/CognitiveBrain/contracts/synapses/credit-contracts/reconcile-daily-unmatched/reconcile-daily-unmatched-family.md
reconcile-overdue-check-credit-check-order,pathway,credit-contracts,reconcile-overdue-check,docs/CognitiveBrain/contracts/synapses/credit-contracts/reconcile-overdue-check/reconcile-overdue-check-credit-check-order.md
reconcile-overdue-check-credit-data-fetch-anaf,pathway,credit-contracts,reconcile-overdue-check,docs/CognitiveBrain/contracts/synapses/credit-contracts/reconcile-overdue-check/reconcile-overdue-check-credit-data-fetch-anaf.md
reconcile-overdue-check-credit-data-fetch-bilant,pathway,credit-contracts,reconcile-overdue-check,docs/CognitiveBrain/contracts/synapses/credit-contracts/reconcile-overdue-check/reconcile-overdue-check-credit-data-fetch-bilant.md
reconcile-overdue-check-credit-data-fetch-dosare,pathway,credit-contracts,reconcile-overdue-check,docs/CognitiveBrain/contracts/synapses/credit-contracts/reconcile-overdue-check/reconcile-overdue-check-credit-data-fetch-dosare.md
reconcile-overdue-check-credit-data-fetch-insolventa,pathway,credit-contracts,reconcile-overdue-check,docs/CognitiveBrain/contracts/synapses/credit-contracts/reconcile-overdue-check/reconcile-overdue-check-credit-data-fetch-insolventa.md
reconcile-overdue-check-credit-limit-calculate,pathway,credit-contracts,reconcile-overdue-check,docs/CognitiveBrain/contracts/synapses/credit-contracts/reconcile-overdue-check/reconcile-overdue-check-credit-limit-calculate.md
reconcile-overdue-check-credit-profile-create,pathway,credit-contracts,reconcile-overdue-check,docs/CognitiveBrain/contracts/synapses/credit-contracts/reconcile-overdue-check/reconcile-overdue-check-credit-profile-create.md
reconcile-overdue-check-credit-release-order,pathway,credit-contracts,reconcile-overdue-check,docs/CognitiveBrain/contracts/synapses/credit-contracts/reconcile-overdue-check/reconcile-overdue-check-credit-release-order.md
reconcile-overdue-check-credit-reserve-expire,pathway,credit-contracts,reconcile-overdue-check,docs/CognitiveBrain/contracts/synapses/credit-contracts/reconcile-overdue-check/reconcile-overdue-check-credit-reserve-expire.md
reconcile-overdue-check-credit-reserve-hold,pathway,credit-contracts,reconcile-overdue-check,docs/CognitiveBrain/contracts/synapses/credit-contracts/reconcile-overdue-check/reconcile-overdue-check-credit-reserve-hold.md
reconcile-overdue-check-credit-score-calculate,pathway,credit-contracts,reconcile-overdue-check,docs/CognitiveBrain/contracts/synapses/credit-contracts/reconcile-overdue-check/reconcile-overdue-check-credit-score-calculate.md
reconcile-overdue-check-family,pathway,credit-contracts,reconcile-overdue-check,docs/CognitiveBrain/contracts/synapses/credit-contracts/reconcile-overdue-check/reconcile-overdue-check-family.md
return-process-stock-alert-client-account-blocked,pathway,credit-contracts,return-process-stock,docs/CognitiveBrain/contracts/synapses/credit-contracts/return-process-stock/return-process-stock-alert-client-account-blocked.md
return-process-stock-alert-client-contract-pending,pathway,credit-contracts,return-process-stock,docs/CognitiveBrain/contracts/synapses/credit-contracts/return-process-stock/return-process-stock-alert-client-contract-pending.md
return-process-stock-alert-client-credit-insufficient,pathway,credit-contracts,return-process-stock,docs/CognitiveBrain/contracts/synapses/credit-contracts/return-process-stock/return-process-stock-alert-client-credit-insufficient.md
return-process-stock-alert-client-delivered,pathway,credit-contracts,return-process-stock,docs/CognitiveBrain/contracts/synapses/credit-contracts/return-process-stock/return-process-stock-alert-client-delivered.md
return-process-stock-alert-client-delivery-failed,pathway,credit-contracts,return-process-stock,docs/CognitiveBrain/contracts/synapses/credit-contracts/return-process-stock/return-process-stock-alert-client-delivery-failed.md
return-process-stock-alert-client-out-for-delivery,pathway,credit-contracts,return-process-stock,docs/CognitiveBrain/contracts/synapses/credit-contracts/return-process-stock/return-process-stock-alert-client-out-for-delivery.md
return-process-stock-alert-client-payment-received,pathway,credit-contracts,return-process-stock,docs/CognitiveBrain/contracts/synapses/credit-contracts/return-process-stock/return-process-stock-alert-client-payment-received.md
return-process-stock-alert-client-payment-reminder,pathway,credit-contracts,return-process-stock,docs/CognitiveBrain/contracts/synapses/credit-contracts/return-process-stock/return-process-stock-alert-client-payment-reminder.md
return-process-stock-alert-client-return-created,pathway,credit-contracts,return-process-stock,docs/CognitiveBrain/contracts/synapses/credit-contracts/return-process-stock/return-process-stock-alert-client-return-created.md
return-process-stock-alert-client-shipped,pathway,credit-contracts,return-process-stock,docs/CognitiveBrain/contracts/synapses/credit-contracts/return-process-stock/return-process-stock-alert-client-shipped.md
return-process-stock-alert-internal-compliance-issue,pathway,credit-contracts,return-process-stock,docs/CognitiveBrain/contracts/synapses/credit-contracts/return-process-stock/return-process-stock-alert-internal-compliance-issue.md
return-process-stock-alert-internal-contract-signed,pathway,credit-contracts,return-process-stock,docs/CognitiveBrain/contracts/synapses/credit-contracts/return-process-stock/return-process-stock-alert-internal-contract-signed.md
return-process-stock-alert-internal-credit-blocked,pathway,credit-contracts,return-process-stock,docs/CognitiveBrain/contracts/synapses/credit-contracts/return-process-stock/return-process-stock-alert-internal-credit-blocked.md
return-process-stock-alert-internal-daily-summary,pathway,credit-contracts,return-process-stock,docs/CognitiveBrain/contracts/synapses/credit-contracts/return-process-stock/return-process-stock-alert-internal-daily-summary.md
return-process-stock-alert-internal-insolvency-detected,pathway,credit-contracts,return-process-stock,docs/CognitiveBrain/contracts/synapses/credit-contracts/return-process-stock/return-process-stock-alert-internal-insolvency-detected.md
return-process-stock-alert-internal-oblio-sync-failed,pathway,credit-contracts,return-process-stock,docs/CognitiveBrain/contracts/synapses/credit-contracts/return-process-stock/return-process-stock-alert-internal-oblio-sync-failed.md
return-process-stock-alert-internal-return-received,pathway,credit-contracts,return-process-stock,docs/CognitiveBrain/contracts/synapses/credit-contracts/return-process-stock/return-process-stock-alert-internal-return-received.md
return-process-stock-alert-internal-stock-insufficient,pathway,credit-contracts,return-process-stock,docs/CognitiveBrain/contracts/synapses/credit-contracts/return-process-stock/return-process-stock-alert-internal-stock-insufficient.md
return-process-stock-alert-internal-storno-failed,pathway,credit-contracts,return-process-stock,docs/CognitiveBrain/contracts/synapses/credit-contracts/return-process-stock/return-process-stock-alert-internal-storno-failed.md
return-process-stock-family,pathway,credit-contracts,return-process-stock,docs/CognitiveBrain/contracts/synapses/credit-contracts/return-process-stock/return-process-stock-family.md
return-request-create-alert-client-account-blocked,pathway,credit-contracts,return-request-create,docs/CognitiveBrain/contracts/synapses/credit-contracts/return-request-create/return-request-create-alert-client-account-blocked.md
return-request-create-alert-client-contract-pending,pathway,credit-contracts,return-request-create,docs/CognitiveBrain/contracts/synapses/credit-contracts/return-request-create/return-request-create-alert-client-contract-pending.md
return-request-create-alert-client-credit-insufficient,pathway,credit-contracts,return-request-create,docs/CognitiveBrain/contracts/synapses/credit-contracts/return-request-create/return-request-create-alert-client-credit-insufficient.md
return-request-create-alert-client-delivered,pathway,credit-contracts,return-request-create,docs/CognitiveBrain/contracts/synapses/credit-contracts/return-request-create/return-request-create-alert-client-delivered.md
return-request-create-alert-client-delivery-failed,pathway,credit-contracts,return-request-create,docs/CognitiveBrain/contracts/synapses/credit-contracts/return-request-create/return-request-create-alert-client-delivery-failed.md
return-request-create-alert-client-out-for-delivery,pathway,credit-contracts,return-request-create,docs/CognitiveBrain/contracts/synapses/credit-contracts/return-request-create/return-request-create-alert-client-out-for-delivery.md
return-request-create-alert-client-payment-received,pathway,credit-contracts,return-request-create,docs/CognitiveBrain/contracts/synapses/credit-contracts/return-request-create/return-request-create-alert-client-payment-received.md
return-request-create-alert-client-payment-reminder,pathway,credit-contracts,return-request-create,docs/CognitiveBrain/contracts/synapses/credit-contracts/return-request-create/return-request-create-alert-client-payment-reminder.md
return-request-create-alert-client-return-created,pathway,credit-contracts,return-request-create,docs/CognitiveBrain/contracts/synapses/credit-contracts/return-request-create/return-request-create-alert-client-return-created.md
return-request-create-alert-client-shipped,pathway,credit-contracts,return-request-create,docs/CognitiveBrain/contracts/synapses/credit-contracts/return-request-create/return-request-create-alert-client-shipped.md
return-request-create-alert-internal-compliance-issue,pathway,credit-contracts,return-request-create,docs/CognitiveBrain/contracts/synapses/credit-contracts/return-request-create/return-request-create-alert-internal-compliance-issue.md
return-request-create-alert-internal-contract-signed,pathway,credit-contracts,return-request-create,docs/CognitiveBrain/contracts/synapses/credit-contracts/return-request-create/return-request-create-alert-internal-contract-signed.md
return-request-create-alert-internal-credit-blocked,pathway,credit-contracts,return-request-create,docs/CognitiveBrain/contracts/synapses/credit-contracts/return-request-create/return-request-create-alert-internal-credit-blocked.md
return-request-create-alert-internal-daily-summary,pathway,credit-contracts,return-request-create,docs/CognitiveBrain/contracts/synapses/credit-contracts/return-request-create/return-request-create-alert-internal-daily-summary.md
return-request-create-alert-internal-insolvency-detected,pathway,credit-contracts,return-request-create,docs/CognitiveBrain/contracts/synapses/credit-contracts/return-request-create/return-request-create-alert-internal-insolvency-detected.md
return-request-create-alert-internal-oblio-sync-failed,pathway,credit-contracts,return-request-create,docs/CognitiveBrain/contracts/synapses/credit-contracts/return-request-create/return-request-create-alert-internal-oblio-sync-failed.md
return-request-create-alert-internal-return-received,pathway,credit-contracts,return-request-create,docs/CognitiveBrain/contracts/synapses/credit-contracts/return-request-create/return-request-create-alert-internal-return-received.md
return-request-create-alert-internal-stock-insufficient,pathway,credit-contracts,return-request-create,docs/CognitiveBrain/contracts/synapses/credit-contracts/return-request-create/return-request-create-alert-internal-stock-insufficient.md
return-request-create-alert-internal-storno-failed,pathway,credit-contracts,return-request-create,docs/CognitiveBrain/contracts/synapses/credit-contracts/return-request-create/return-request-create-alert-internal-storno-failed.md
return-request-create-family,pathway,credit-contracts,return-request-create,docs/CognitiveBrain/contracts/synapses/credit-contracts/return-request-create/return-request-create-family.md
association-enrich-termene-family,pathway,enrich-data,association-enrich-termene,docs/CognitiveBrain/contracts/synapses/enrich-data/association-enrich-termene/association-enrich-termene-family.md
association-enrich-termene-geo-cluster-analyze,pathway,enrich-data,association-enrich-termene,docs/CognitiveBrain/contracts/synapses/enrich-data/association-enrich-termene/association-enrich-termene-geo-cluster-analyze.md
association-enrich-termene-geo-delivery-optimize,pathway,enrich-data,association-enrich-termene,docs/CognitiveBrain/contracts/synapses/enrich-data/association-enrich-termene/association-enrich-termene-geo-delivery-optimize.md
association-enrich-termene-geo-neighbor-find,pathway,enrich-data,association-enrich-termene,docs/CognitiveBrain/contracts/synapses/enrich-data/association-enrich-termene/association-enrich-termene-geo-neighbor-find.md
association-enrich-termene-geo-territory-map,pathway,enrich-data,association-enrich-termene,docs/CognitiveBrain/contracts/synapses/enrich-data/association-enrich-termene/association-enrich-termene-geo-territory-map.md
association-enrich-termene-geo-weather-correlate,pathway,enrich-data,association-enrich-termene,docs/CognitiveBrain/contracts/synapses/enrich-data/association-enrich-termene/association-enrich-termene-geo-weather-correlate.md
association-members-link-family,pathway,enrich-data,association-members-link,docs/CognitiveBrain/contracts/synapses/enrich-data/association-members-link/association-members-link-family.md
association-members-link-geo-cluster-analyze,pathway,enrich-data,association-members-link,docs/CognitiveBrain/contracts/synapses/enrich-data/association-members-link/association-members-link-geo-cluster-analyze.md
association-members-link-geo-delivery-optimize,pathway,enrich-data,association-members-link,docs/CognitiveBrain/contracts/synapses/enrich-data/association-members-link/association-members-link-geo-delivery-optimize.md
association-members-link-geo-neighbor-find,pathway,enrich-data,association-members-link,docs/CognitiveBrain/contracts/synapses/enrich-data/association-members-link/association-members-link-geo-neighbor-find.md
association-members-link-geo-territory-map,pathway,enrich-data,association-members-link,docs/CognitiveBrain/contracts/synapses/enrich-data/association-members-link/association-members-link-geo-territory-map.md
association-members-link-geo-weather-correlate,pathway,enrich-data,association-members-link,docs/CognitiveBrain/contracts/synapses/enrich-data/association-members-link/association-members-link-geo-weather-correlate.md
association-pdf-ingest-family,pathway,enrich-data,association-pdf-ingest,docs/CognitiveBrain/contracts/synapses/enrich-data/association-pdf-ingest/association-pdf-ingest-family.md
association-pdf-ingest-geo-cluster-analyze,pathway,enrich-data,association-pdf-ingest,docs/CognitiveBrain/contracts/synapses/enrich-data/association-pdf-ingest/association-pdf-ingest-geo-cluster-analyze.md
association-pdf-ingest-geo-delivery-optimize,pathway,enrich-data,association-pdf-ingest,docs/CognitiveBrain/contracts/synapses/enrich-data/association-pdf-ingest/association-pdf-ingest-geo-delivery-optimize.md
association-pdf-ingest-geo-neighbor-find,pathway,enrich-data,association-pdf-ingest,docs/CognitiveBrain/contracts/synapses/enrich-data/association-pdf-ingest/association-pdf-ingest-geo-neighbor-find.md
association-pdf-ingest-geo-territory-map,pathway,enrich-data,association-pdf-ingest,docs/CognitiveBrain/contracts/synapses/enrich-data/association-pdf-ingest/association-pdf-ingest-geo-territory-map.md
association-pdf-ingest-geo-weather-correlate,pathway,enrich-data,association-pdf-ingest,docs/CognitiveBrain/contracts/synapses/enrich-data/association-pdf-ingest/association-pdf-ingest-geo-weather-correlate.md
association-sync-schedule-family,pathway,enrich-data,association-sync-schedule,docs/CognitiveBrain/contracts/synapses/enrich-data/association-sync-schedule/association-sync-schedule-family.md
association-sync-schedule-geo-cluster-analyze,pathway,enrich-data,association-sync-schedule,docs/CognitiveBrain/contracts/synapses/enrich-data/association-sync-schedule/association-sync-schedule-geo-cluster-analyze.md
association-sync-schedule-geo-delivery-optimize,pathway,enrich-data,association-sync-schedule,docs/CognitiveBrain/contracts/synapses/enrich-data/association-sync-schedule/association-sync-schedule-geo-delivery-optimize.md
association-sync-schedule-geo-neighbor-find,pathway,enrich-data,association-sync-schedule,docs/CognitiveBrain/contracts/synapses/enrich-data/association-sync-schedule/association-sync-schedule-geo-neighbor-find.md
association-sync-schedule-geo-territory-map,pathway,enrich-data,association-sync-schedule,docs/CognitiveBrain/contracts/synapses/enrich-data/association-sync-schedule/association-sync-schedule-geo-territory-map.md
association-sync-schedule-geo-weather-correlate,pathway,enrich-data,association-sync-schedule,docs/CognitiveBrain/contracts/synapses/enrich-data/association-sync-schedule/association-sync-schedule-geo-weather-correlate.md
association-territory-infer-family,pathway,enrich-data,association-territory-infer,docs/CognitiveBrain/contracts/synapses/enrich-data/association-territory-infer/association-territory-infer-family.md
association-territory-infer-geo-cluster-analyze,pathway,enrich-data,association-territory-infer,docs/CognitiveBrain/contracts/synapses/enrich-data/association-territory-infer/association-territory-infer-geo-cluster-analyze.md
association-territory-infer-geo-delivery-optimize,pathway,enrich-data,association-territory-infer,docs/CognitiveBrain/contracts/synapses/enrich-data/association-territory-infer/association-territory-infer-geo-delivery-optimize.md
association-territory-infer-geo-neighbor-find,pathway,enrich-data,association-territory-infer,docs/CognitiveBrain/contracts/synapses/enrich-data/association-territory-infer/association-territory-infer-geo-neighbor-find.md
association-territory-infer-geo-territory-map,pathway,enrich-data,association-territory-infer,docs/CognitiveBrain/contracts/synapses/enrich-data/association-territory-infer/association-territory-infer-geo-territory-map.md
association-territory-infer-geo-weather-correlate,pathway,enrich-data,association-territory-infer,docs/CognitiveBrain/contracts/synapses/enrich-data/association-territory-infer/association-territory-infer-geo-weather-correlate.md
bronze-dedup-hash-checker-bronze-ingest-csv-parser,pathway,enrich-data,bronze-dedup-hash-checker,docs/CognitiveBrain/contracts/synapses/enrich-data/bronze-dedup-hash-checker/bronze-dedup-hash-checker-bronze-ingest-csv-parser.md
bronze-dedup-hash-checker-bronze-ingest-html-scraper,pathway,enrich-data,bronze-dedup-hash-checker,docs/CognitiveBrain/contracts/synapses/enrich-data/bronze-dedup-hash-checker/bronze-dedup-hash-checker-bronze-ingest-html-scraper.md
bronze-dedup-hash-checker-bronze-ingest-json-parser,pathway,enrich-data,bronze-dedup-hash-checker,docs/CognitiveBrain/contracts/synapses/enrich-data/bronze-dedup-hash-checker/bronze-dedup-hash-checker-bronze-ingest-json-parser.md
bronze-dedup-hash-checker-bronze-ingest-pdf-extractor,pathway,enrich-data,bronze-dedup-hash-checker,docs/CognitiveBrain/contracts/synapses/enrich-data/bronze-dedup-hash-checker/bronze-dedup-hash-checker-bronze-ingest-pdf-extractor.md
bronze-dedup-hash-checker-family,pathway,enrich-data,bronze-dedup-hash-checker,docs/CognitiveBrain/contracts/synapses/enrich-data/bronze-dedup-hash-checker/bronze-dedup-hash-checker-family.md
bronze-ingest-csv-parser-family,pathway,enrich-data,bronze-ingest-csv-parser,docs/CognitiveBrain/contracts/synapses/enrich-data/bronze-ingest-csv-parser/bronze-ingest-csv-parser-family.md
bronze-ingest-csv-parser-silver-norm-address,pathway,enrich-data,bronze-ingest-csv-parser,docs/CognitiveBrain/contracts/synapses/enrich-data/bronze-ingest-csv-parser/bronze-ingest-csv-parser-silver-norm-address.md
bronze-ingest-csv-parser-silver-norm-company-name,pathway,enrich-data,bronze-ingest-csv-parser,docs/CognitiveBrain/contracts/synapses/enrich-data/bronze-ingest-csv-parser/bronze-ingest-csv-parser-silver-norm-company-name.md
bronze-ingest-csv-parser-silver-norm-email,pathway,enrich-data,bronze-ingest-csv-parser,docs/CognitiveBrain/contracts/synapses/enrich-data/bronze-ingest-csv-parser/bronze-ingest-csv-parser-silver-norm-email.md
bronze-ingest-csv-parser-silver-norm-phone-e164,pathway,enrich-data,bronze-ingest-csv-parser,docs/CognitiveBrain/contracts/synapses/enrich-data/bronze-ingest-csv-parser/bronze-ingest-csv-parser-silver-norm-phone-e164.md
bronze-ingest-html-scraper-family,pathway,enrich-data,bronze-ingest-html-scraper,docs/CognitiveBrain/contracts/synapses/enrich-data/bronze-ingest-html-scraper/bronze-ingest-html-scraper-family.md
bronze-ingest-html-scraper-silver-norm-address,pathway,enrich-data,bronze-ingest-html-scraper,docs/CognitiveBrain/contracts/synapses/enrich-data/bronze-ingest-html-scraper/bronze-ingest-html-scraper-silver-norm-address.md
bronze-ingest-html-scraper-silver-norm-company-name,pathway,enrich-data,bronze-ingest-html-scraper,docs/CognitiveBrain/contracts/synapses/enrich-data/bronze-ingest-html-scraper/bronze-ingest-html-scraper-silver-norm-company-name.md
bronze-ingest-html-scraper-silver-norm-email,pathway,enrich-data,bronze-ingest-html-scraper,docs/CognitiveBrain/contracts/synapses/enrich-data/bronze-ingest-html-scraper/bronze-ingest-html-scraper-silver-norm-email.md
bronze-ingest-html-scraper-silver-norm-phone-e164,pathway,enrich-data,bronze-ingest-html-scraper,docs/CognitiveBrain/contracts/synapses/enrich-data/bronze-ingest-html-scraper/bronze-ingest-html-scraper-silver-norm-phone-e164.md
bronze-ingest-json-parser-family,pathway,enrich-data,bronze-ingest-json-parser,docs/CognitiveBrain/contracts/synapses/enrich-data/bronze-ingest-json-parser/bronze-ingest-json-parser-family.md
bronze-ingest-json-parser-silver-norm-address,pathway,enrich-data,bronze-ingest-json-parser,docs/CognitiveBrain/contracts/synapses/enrich-data/bronze-ingest-json-parser/bronze-ingest-json-parser-silver-norm-address.md
bronze-ingest-json-parser-silver-norm-company-name,pathway,enrich-data,bronze-ingest-json-parser,docs/CognitiveBrain/contracts/synapses/enrich-data/bronze-ingest-json-parser/bronze-ingest-json-parser-silver-norm-company-name.md
bronze-ingest-json-parser-silver-norm-email,pathway,enrich-data,bronze-ingest-json-parser,docs/CognitiveBrain/contracts/synapses/enrich-data/bronze-ingest-json-parser/bronze-ingest-json-parser-silver-norm-email.md
bronze-ingest-json-parser-silver-norm-phone-e164,pathway,enrich-data,bronze-ingest-json-parser,docs/CognitiveBrain/contracts/synapses/enrich-data/bronze-ingest-json-parser/bronze-ingest-json-parser-silver-norm-phone-e164.md
bronze-ingest-pdf-extractor-association-enrich-termene,pathway,enrich-data,bronze-ingest-pdf-extractor,docs/CognitiveBrain/contracts/synapses/enrich-data/bronze-ingest-pdf-extractor/bronze-ingest-pdf-extractor-association-enrich-termene.md
bronze-ingest-pdf-extractor-association-members-link,pathway,enrich-data,bronze-ingest-pdf-extractor,docs/CognitiveBrain/contracts/synapses/enrich-data/bronze-ingest-pdf-extractor/bronze-ingest-pdf-extractor-association-members-link.md
bronze-ingest-pdf-extractor-association-pdf-ingest,pathway,enrich-data,bronze-ingest-pdf-extractor,docs/CognitiveBrain/contracts/synapses/enrich-data/bronze-ingest-pdf-extractor/bronze-ingest-pdf-extractor-association-pdf-ingest.md
bronze-ingest-pdf-extractor-association-sync-schedule,pathway,enrich-data,bronze-ingest-pdf-extractor,docs/CognitiveBrain/contracts/synapses/enrich-data/bronze-ingest-pdf-extractor/bronze-ingest-pdf-extractor-association-sync-schedule.md
bronze-ingest-pdf-extractor-association-territory-infer,pathway,enrich-data,bronze-ingest-pdf-extractor,docs/CognitiveBrain/contracts/synapses/enrich-data/bronze-ingest-pdf-extractor/bronze-ingest-pdf-extractor-association-territory-infer.md
bronze-ingest-pdf-extractor-family,pathway,enrich-data,bronze-ingest-pdf-extractor,docs/CognitiveBrain/contracts/synapses/enrich-data/bronze-ingest-pdf-extractor/bronze-ingest-pdf-extractor-family.md
bronze-ingest-pdf-extractor-graph-build-full,pathway,enrich-data,bronze-ingest-pdf-extractor,docs/CognitiveBrain/contracts/synapses/enrich-data/bronze-ingest-pdf-extractor/bronze-ingest-pdf-extractor-graph-build-full.md
bronze-ingest-pdf-extractor-graph-centrality-calculate,pathway,enrich-data,bronze-ingest-pdf-extractor,docs/CognitiveBrain/contracts/synapses/enrich-data/bronze-ingest-pdf-extractor/bronze-ingest-pdf-extractor-graph-centrality-calculate.md
bronze-ingest-pdf-extractor-graph-communities-latest,pathway,enrich-data,bronze-ingest-pdf-extractor,docs/CognitiveBrain/contracts/synapses/enrich-data/bronze-ingest-pdf-extractor/bronze-ingest-pdf-extractor-graph-communities-latest.md
bronze-ingest-pdf-extractor-graph-community-detect,pathway,enrich-data,bronze-ingest-pdf-extractor,docs/CognitiveBrain/contracts/synapses/enrich-data/bronze-ingest-pdf-extractor/bronze-ingest-pdf-extractor-graph-community-detect.md
bronze-ingest-pdf-extractor-graph-full-built-at,pathway,enrich-data,bronze-ingest-pdf-extractor,docs/CognitiveBrain/contracts/synapses/enrich-data/bronze-ingest-pdf-extractor/bronze-ingest-pdf-extractor-graph-full-built-at.md
bronze-ingest-pdf-extractor-graph-full-latest,pathway,enrich-data,bronze-ingest-pdf-extractor,docs/CognitiveBrain/contracts/synapses/enrich-data/bronze-ingest-pdf-extractor/bronze-ingest-pdf-extractor-graph-full-latest.md
bronze-ingest-pdf-extractor-graph-full-metrics,pathway,enrich-data,bronze-ingest-pdf-extractor,docs/CognitiveBrain/contracts/synapses/enrich-data/bronze-ingest-pdf-extractor/bronze-ingest-pdf-extractor-graph-full-metrics.md
bronze-ingest-pdf-extractor-graph-kol-identify,pathway,enrich-data,bronze-ingest-pdf-extractor,docs/CognitiveBrain/contracts/synapses/enrich-data/bronze-ingest-pdf-extractor/bronze-ingest-pdf-extractor-graph-kol-identify.md
bronze-ingest-pdf-extractor-graph-path-find,pathway,enrich-data,bronze-ingest-pdf-extractor,docs/CognitiveBrain/contracts/synapses/enrich-data/bronze-ingest-pdf-extractor/bronze-ingest-pdf-extractor-graph-path-find.md
bronze-ingest-pdf-extractor-graph-relationship-create,pathway,enrich-data,bronze-ingest-pdf-extractor,docs/CognitiveBrain/contracts/synapses/enrich-data/bronze-ingest-pdf-extractor/bronze-ingest-pdf-extractor-graph-relationship-create.md
bronze-ingest-pdf-extractor-graph-relationship-infer,pathway,enrich-data,bronze-ingest-pdf-extractor,docs/CognitiveBrain/contracts/synapses/enrich-data/bronze-ingest-pdf-extractor/bronze-ingest-pdf-extractor-graph-relationship-infer.md
bronze-ingest-pdf-extractor-silver-norm-address,pathway,enrich-data,bronze-ingest-pdf-extractor,docs/CognitiveBrain/contracts/synapses/enrich-data/bronze-ingest-pdf-extractor/bronze-ingest-pdf-extractor-silver-norm-address.md
bronze-ingest-pdf-extractor-silver-norm-company-name,pathway,enrich-data,bronze-ingest-pdf-extractor,docs/CognitiveBrain/contracts/synapses/enrich-data/bronze-ingest-pdf-extractor/bronze-ingest-pdf-extractor-silver-norm-company-name.md
bronze-ingest-pdf-extractor-silver-norm-email,pathway,enrich-data,bronze-ingest-pdf-extractor,docs/CognitiveBrain/contracts/synapses/enrich-data/bronze-ingest-pdf-extractor/bronze-ingest-pdf-extractor-silver-norm-email.md
bronze-ingest-pdf-extractor-silver-norm-phone-e164,pathway,enrich-data,bronze-ingest-pdf-extractor,docs/CognitiveBrain/contracts/synapses/enrich-data/bronze-ingest-pdf-extractor/bronze-ingest-pdf-extractor-silver-norm-phone-e164.md
enrich-ai-contact-parse-family,pathway,enrich-data,enrich-ai-contact-parse,docs/CognitiveBrain/contracts/synapses/enrich-data/enrich-ai-contact-parse/enrich-ai-contact-parse-family.md
enrich-ai-contact-parse-silver-dedup-entity-resolve,pathway,enrich-data,enrich-ai-contact-parse,docs/CognitiveBrain/contracts/synapses/enrich-data/enrich-ai-contact-parse/enrich-ai-contact-parse-silver-dedup-entity-resolve.md
enrich-ai-contact-parse-silver-dedup-fuzzy-match,pathway,enrich-data,enrich-ai-contact-parse,docs/CognitiveBrain/contracts/synapses/enrich-data/enrich-ai-contact-parse/enrich-ai-contact-parse-silver-dedup-fuzzy-match.md
enrich-ai-industry-classify-family,pathway,enrich-data,enrich-ai-industry-classify,docs/CognitiveBrain/contracts/synapses/enrich-data/enrich-ai-industry-classify/enrich-ai-industry-classify-family.md
enrich-ai-industry-classify-silver-dedup-entity-resolve,pathway,enrich-data,enrich-ai-industry-classify,docs/CognitiveBrain/contracts/synapses/enrich-data/enrich-ai-industry-classify/enrich-ai-industry-classify-silver-dedup-entity-resolve.md
enrich-ai-industry-classify-silver-dedup-fuzzy-match,pathway,enrich-data,enrich-ai-industry-classify,docs/CognitiveBrain/contracts/synapses/enrich-data/enrich-ai-industry-classify/enrich-ai-industry-classify-silver-dedup-fuzzy-match.md
enrich-ai-text-structure-family,pathway,enrich-data,enrich-ai-text-structure,docs/CognitiveBrain/contracts/synapses/enrich-data/enrich-ai-text-structure/enrich-ai-text-structure-family.md
enrich-ai-text-structure-silver-dedup-entity-resolve,pathway,enrich-data,enrich-ai-text-structure,docs/CognitiveBrain/contracts/synapses/enrich-data/enrich-ai-text-structure/enrich-ai-text-structure-silver-dedup-entity-resolve.md
enrich-ai-text-structure-silver-dedup-fuzzy-match,pathway,enrich-data,enrich-ai-text-structure,docs/CognitiveBrain/contracts/synapses/enrich-data/enrich-ai-text-structure/enrich-ai-text-structure-silver-dedup-fuzzy-match.md
enrich-anaf-address-enrich-ai-contact-parse,pathway,enrich-data,enrich-anaf-address,docs/CognitiveBrain/contracts/synapses/enrich-data/enrich-anaf-address/enrich-anaf-address-enrich-ai-contact-parse.md
enrich-anaf-address-enrich-ai-industry-classify,pathway,enrich-data,enrich-anaf-address,docs/CognitiveBrain/contracts/synapses/enrich-data/enrich-anaf-address/enrich-anaf-address-enrich-ai-industry-classify.md
enrich-anaf-address-enrich-ai-text-structure,pathway,enrich-data,enrich-anaf-address,docs/CognitiveBrain/contracts/synapses/enrich-data/enrich-anaf-address/enrich-anaf-address-enrich-ai-text-structure.md
enrich-anaf-address-family,pathway,enrich-data,enrich-anaf-address,docs/CognitiveBrain/contracts/synapses/enrich-data/enrich-anaf-address/enrich-anaf-address-family.md
enrich-anaf-caen-enrich-ai-contact-parse,pathway,enrich-data,enrich-anaf-caen,docs/CognitiveBrain/contracts/synapses/enrich-data/enrich-anaf-caen/enrich-anaf-caen-enrich-ai-contact-parse.md
enrich-anaf-caen-enrich-ai-industry-classify,pathway,enrich-data,enrich-anaf-caen,docs/CognitiveBrain/contracts/synapses/enrich-data/enrich-anaf-caen/enrich-anaf-caen-enrich-ai-industry-classify.md
enrich-anaf-caen-enrich-ai-text-structure,pathway,enrich-data,enrich-anaf-caen,docs/CognitiveBrain/contracts/synapses/enrich-data/enrich-anaf-caen/enrich-anaf-caen-enrich-ai-text-structure.md
enrich-anaf-caen-family,pathway,enrich-data,enrich-anaf-caen,docs/CognitiveBrain/contracts/synapses/enrich-data/enrich-anaf-caen/enrich-anaf-caen-family.md
enrich-anaf-efactura-enrich-ai-contact-parse,pathway,enrich-data,enrich-anaf-efactura,docs/CognitiveBrain/contracts/synapses/enrich-data/enrich-anaf-efactura/enrich-anaf-efactura-enrich-ai-contact-parse.md
enrich-anaf-efactura-enrich-ai-industry-classify,pathway,enrich-data,enrich-anaf-efactura,docs/CognitiveBrain/contracts/synapses/enrich-data/enrich-anaf-efactura/enrich-anaf-efactura-enrich-ai-industry-classify.md
enrich-anaf-efactura-enrich-ai-text-structure,pathway,enrich-data,enrich-anaf-efactura,docs/CognitiveBrain/contracts/synapses/enrich-data/enrich-anaf-efactura/enrich-anaf-efactura-enrich-ai-text-structure.md
enrich-anaf-efactura-family,pathway,enrich-data,enrich-anaf-efactura,docs/CognitiveBrain/contracts/synapses/enrich-data/enrich-anaf-efactura/enrich-anaf-efactura-family.md
enrich-anaf-fiscal-status-enrich-ai-contact-parse,pathway,enrich-data,enrich-anaf-fiscal-status,docs/CognitiveBrain/contracts/synapses/enrich-data/enrich-anaf-fiscal-status/enrich-anaf-fiscal-status-enrich-ai-contact-parse.md
enrich-anaf-fiscal-status-enrich-ai-industry-classify,pathway,enrich-data,enrich-anaf-fiscal-status,docs/CognitiveBrain/contracts/synapses/enrich-data/enrich-anaf-fiscal-status/enrich-anaf-fiscal-status-enrich-ai-industry-classify.md
enrich-anaf-fiscal-status-enrich-ai-text-structure,pathway,enrich-data,enrich-anaf-fiscal-status,docs/CognitiveBrain/contracts/synapses/enrich-data/enrich-anaf-fiscal-status/enrich-anaf-fiscal-status-enrich-ai-text-structure.md
enrich-anaf-fiscal-status-family,pathway,enrich-data,enrich-anaf-fiscal-status,docs/CognitiveBrain/contracts/synapses/enrich-data/enrich-anaf-fiscal-status/enrich-anaf-fiscal-status-family.md
enrich-anaf-tva-status-enrich-ai-contact-parse,pathway,enrich-data,enrich-anaf-tva-status,docs/CognitiveBrain/contracts/synapses/enrich-data/enrich-anaf-tva-status/enrich-anaf-tva-status-enrich-ai-contact-parse.md
enrich-anaf-tva-status-enrich-ai-industry-classify,pathway,enrich-data,enrich-anaf-tva-status,docs/CognitiveBrain/contracts/synapses/enrich-data/enrich-anaf-tva-status/enrich-anaf-tva-status-enrich-ai-industry-classify.md
enrich-anaf-tva-status-enrich-ai-text-structure,pathway,enrich-data,enrich-anaf-tva-status,docs/CognitiveBrain/contracts/synapses/enrich-data/enrich-anaf-tva-status/enrich-anaf-tva-status-enrich-ai-text-structure.md
enrich-anaf-tva-status-family,pathway,enrich-data,enrich-anaf-tva-status,docs/CognitiveBrain/contracts/synapses/enrich-data/enrich-anaf-tva-status/enrich-anaf-tva-status-family.md
enrich-anif-ouai-lookup-enrich-ai-contact-parse,pathway,enrich-data,enrich-anif-ouai-lookup,docs/CognitiveBrain/contracts/synapses/enrich-data/enrich-anif-ouai-lookup/enrich-anif-ouai-lookup-enrich-ai-contact-parse.md
enrich-anif-ouai-lookup-enrich-ai-industry-classify,pathway,enrich-data,enrich-anif-ouai-lookup,docs/CognitiveBrain/contracts/synapses/enrich-data/enrich-anif-ouai-lookup/enrich-anif-ouai-lookup-enrich-ai-industry-classify.md
enrich-anif-ouai-lookup-enrich-ai-text-structure,pathway,enrich-data,enrich-anif-ouai-lookup,docs/CognitiveBrain/contracts/synapses/enrich-data/enrich-anif-ouai-lookup/enrich-anif-ouai-lookup-enrich-ai-text-structure.md
enrich-anif-ouai-lookup-family,pathway,enrich-data,enrich-anif-ouai-lookup,docs/CognitiveBrain/contracts/synapses/enrich-data/enrich-anif-ouai-lookup/enrich-anif-ouai-lookup-family.md
enrich-apia-farmer-lookup-enrich-ai-contact-parse,pathway,enrich-data,enrich-apia-farmer-lookup,docs/CognitiveBrain/contracts/synapses/enrich-data/enrich-apia-farmer-lookup/enrich-apia-farmer-lookup-enrich-ai-contact-parse.md
enrich-apia-farmer-lookup-enrich-ai-industry-classify,pathway,enrich-data,enrich-apia-farmer-lookup,docs/CognitiveBrain/contracts/synapses/enrich-data/enrich-apia-farmer-lookup/enrich-apia-farmer-lookup-enrich-ai-industry-classify.md
enrich-apia-farmer-lookup-enrich-ai-text-structure,pathway,enrich-data,enrich-apia-farmer-lookup,docs/CognitiveBrain/contracts/synapses/enrich-data/enrich-apia-farmer-lookup/enrich-apia-farmer-lookup-enrich-ai-text-structure.md
enrich-apia-farmer-lookup-family,pathway,enrich-data,enrich-apia-farmer-lookup,docs/CognitiveBrain/contracts/synapses/enrich-data/enrich-apia-farmer-lookup/enrich-apia-farmer-lookup-family.md
enrich-apia-subsidies-enrich-ai-contact-parse,pathway,enrich-data,enrich-apia-subsidies,docs/CognitiveBrain/contracts/synapses/enrich-data/enrich-apia-subsidies/enrich-apia-subsidies-enrich-ai-contact-parse.md
enrich-apia-subsidies-enrich-ai-industry-classify,pathway,enrich-data,enrich-apia-subsidies,docs/CognitiveBrain/contracts/synapses/enrich-data/enrich-apia-subsidies/enrich-apia-subsidies-enrich-ai-industry-classify.md
enrich-apia-subsidies-enrich-ai-text-structure,pathway,enrich-data,enrich-apia-subsidies,docs/CognitiveBrain/contracts/synapses/enrich-data/enrich-apia-subsidies/enrich-apia-subsidies-enrich-ai-text-structure.md
enrich-apia-subsidies-family,pathway,enrich-data,enrich-apia-subsidies,docs/CognitiveBrain/contracts/synapses/enrich-data/enrich-apia-subsidies/enrich-apia-subsidies-family.md
enrich-email-discovery-enrich-ai-contact-parse,pathway,enrich-data,enrich-email-discovery,docs/CognitiveBrain/contracts/synapses/enrich-data/enrich-email-discovery/enrich-email-discovery-enrich-ai-contact-parse.md
enrich-email-discovery-enrich-ai-industry-classify,pathway,enrich-data,enrich-email-discovery,docs/CognitiveBrain/contracts/synapses/enrich-data/enrich-email-discovery/enrich-email-discovery-enrich-ai-industry-classify.md
enrich-email-discovery-enrich-ai-text-structure,pathway,enrich-data,enrich-email-discovery,docs/CognitiveBrain/contracts/synapses/enrich-data/enrich-email-discovery/enrich-email-discovery-enrich-ai-text-structure.md
enrich-email-discovery-family,pathway,enrich-data,enrich-email-discovery,docs/CognitiveBrain/contracts/synapses/enrich-data/enrich-email-discovery/enrich-email-discovery-family.md
enrich-email-mx-check-enrich-ai-contact-parse,pathway,enrich-data,enrich-email-mx-check,docs/CognitiveBrain/contracts/synapses/enrich-data/enrich-email-mx-check/enrich-email-mx-check-enrich-ai-contact-parse.md
enrich-email-mx-check-enrich-ai-industry-classify,pathway,enrich-data,enrich-email-mx-check,docs/CognitiveBrain/contracts/synapses/enrich-data/enrich-email-mx-check/enrich-email-mx-check-enrich-ai-industry-classify.md
enrich-email-mx-check-enrich-ai-text-structure,pathway,enrich-data,enrich-email-mx-check,docs/CognitiveBrain/contracts/synapses/enrich-data/enrich-email-mx-check/enrich-email-mx-check-enrich-ai-text-structure.md
enrich-email-mx-check-family,pathway,enrich-data,enrich-email-mx-check,docs/CognitiveBrain/contracts/synapses/enrich-data/enrich-email-mx-check/enrich-email-mx-check-family.md
enrich-email-provider-detect-enrich-ai-contact-parse,pathway,enrich-data,enrich-email-provider-detect,docs/CognitiveBrain/contracts/synapses/enrich-data/enrich-email-provider-detect/enrich-email-provider-detect-enrich-ai-contact-parse.md
enrich-email-provider-detect-enrich-ai-industry-classify,pathway,enrich-data,enrich-email-provider-detect,docs/CognitiveBrain/contracts/synapses/enrich-data/enrich-email-provider-detect/enrich-email-provider-detect-enrich-ai-industry-classify.md
enrich-email-provider-detect-enrich-ai-text-structure,pathway,enrich-data,enrich-email-provider-detect,docs/CognitiveBrain/contracts/synapses/enrich-data/enrich-email-provider-detect/enrich-email-provider-detect-enrich-ai-text-structure.md
enrich-email-provider-detect-family,pathway,enrich-data,enrich-email-provider-detect,docs/CognitiveBrain/contracts/synapses/enrich-data/enrich-email-provider-detect/enrich-email-provider-detect-family.md
enrich-email-role-check-enrich-ai-contact-parse,pathway,enrich-data,enrich-email-role-check,docs/CognitiveBrain/contracts/synapses/enrich-data/enrich-email-role-check/enrich-email-role-check-enrich-ai-contact-parse.md
enrich-email-role-check-enrich-ai-industry-classify,pathway,enrich-data,enrich-email-role-check,docs/CognitiveBrain/contracts/synapses/enrich-data/enrich-email-role-check/enrich-email-role-check-enrich-ai-industry-classify.md
enrich-email-role-check-enrich-ai-text-structure,pathway,enrich-data,enrich-email-role-check,docs/CognitiveBrain/contracts/synapses/enrich-data/enrich-email-role-check/enrich-email-role-check-enrich-ai-text-structure.md
enrich-email-role-check-family,pathway,enrich-data,enrich-email-role-check,docs/CognitiveBrain/contracts/synapses/enrich-data/enrich-email-role-check/enrich-email-role-check-family.md
enrich-email-smtp-verify-enrich-ai-contact-parse,pathway,enrich-data,enrich-email-smtp-verify,docs/CognitiveBrain/contracts/synapses/enrich-data/enrich-email-smtp-verify/enrich-email-smtp-verify-enrich-ai-contact-parse.md
enrich-email-smtp-verify-enrich-ai-industry-classify,pathway,enrich-data,enrich-email-smtp-verify,docs/CognitiveBrain/contracts/synapses/enrich-data/enrich-email-smtp-verify/enrich-email-smtp-verify-enrich-ai-industry-classify.md
enrich-email-smtp-verify-enrich-ai-text-structure,pathway,enrich-data,enrich-email-smtp-verify,docs/CognitiveBrain/contracts/synapses/enrich-data/enrich-email-smtp-verify/enrich-email-smtp-verify-enrich-ai-text-structure.md
enrich-email-smtp-verify-family,pathway,enrich-data,enrich-email-smtp-verify,docs/CognitiveBrain/contracts/synapses/enrich-data/enrich-email-smtp-verify/enrich-email-smtp-verify-family.md
enrich-geo-geocode-enrich-ai-contact-parse,pathway,enrich-data,enrich-geo-geocode,docs/CognitiveBrain/contracts/synapses/enrich-data/enrich-geo-geocode/enrich-geo-geocode-enrich-ai-contact-parse.md
enrich-geo-geocode-enrich-ai-industry-classify,pathway,enrich-data,enrich-geo-geocode,docs/CognitiveBrain/contracts/synapses/enrich-data/enrich-geo-geocode/enrich-geo-geocode-enrich-ai-industry-classify.md
enrich-geo-geocode-enrich-ai-text-structure,pathway,enrich-data,enrich-geo-geocode,docs/CognitiveBrain/contracts/synapses/enrich-data/enrich-geo-geocode/enrich-geo-geocode-enrich-ai-text-structure.md
enrich-geo-geocode-family,pathway,enrich-data,enrich-geo-geocode,docs/CognitiveBrain/contracts/synapses/enrich-data/enrich-geo-geocode/enrich-geo-geocode-family.md
enrich-geo-siruta-lookup-enrich-ai-contact-parse,pathway,enrich-data,enrich-geo-siruta-lookup,docs/CognitiveBrain/contracts/synapses/enrich-data/enrich-geo-siruta-lookup/enrich-geo-siruta-lookup-enrich-ai-contact-parse.md
enrich-geo-siruta-lookup-enrich-ai-industry-classify,pathway,enrich-data,enrich-geo-siruta-lookup,docs/CognitiveBrain/contracts/synapses/enrich-data/enrich-geo-siruta-lookup/enrich-geo-siruta-lookup-enrich-ai-industry-classify.md
enrich-geo-siruta-lookup-enrich-ai-text-structure,pathway,enrich-data,enrich-geo-siruta-lookup,docs/CognitiveBrain/contracts/synapses/enrich-data/enrich-geo-siruta-lookup/enrich-geo-siruta-lookup-enrich-ai-text-structure.md
enrich-geo-siruta-lookup-family,pathway,enrich-data,enrich-geo-siruta-lookup,docs/CognitiveBrain/contracts/synapses/enrich-data/enrich-geo-siruta-lookup/enrich-geo-siruta-lookup-family.md
enrich-madr-cooperative-enrich-ai-contact-parse,pathway,enrich-data,enrich-madr-cooperative,docs/CognitiveBrain/contracts/synapses/enrich-data/enrich-madr-cooperative/enrich-madr-cooperative-enrich-ai-contact-parse.md
enrich-madr-cooperative-enrich-ai-industry-classify,pathway,enrich-data,enrich-madr-cooperative,docs/CognitiveBrain/contracts/synapses/enrich-data/enrich-madr-cooperative/enrich-madr-cooperative-enrich-ai-industry-classify.md
enrich-madr-cooperative-enrich-ai-text-structure,pathway,enrich-data,enrich-madr-cooperative,docs/CognitiveBrain/contracts/synapses/enrich-data/enrich-madr-cooperative/enrich-madr-cooperative-enrich-ai-text-structure.md
enrich-madr-cooperative-family,pathway,enrich-data,enrich-madr-cooperative,docs/CognitiveBrain/contracts/synapses/enrich-data/enrich-madr-cooperative/enrich-madr-cooperative-family.md
enrich-madr-producer-groups-enrich-ai-contact-parse,pathway,enrich-data,enrich-madr-producer-groups,docs/CognitiveBrain/contracts/synapses/enrich-data/enrich-madr-producer-groups/enrich-madr-producer-groups-enrich-ai-contact-parse.md
enrich-madr-producer-groups-enrich-ai-industry-classify,pathway,enrich-data,enrich-madr-producer-groups,docs/CognitiveBrain/contracts/synapses/enrich-data/enrich-madr-producer-groups/enrich-madr-producer-groups-enrich-ai-industry-classify.md
enrich-madr-producer-groups-enrich-ai-text-structure,pathway,enrich-data,enrich-madr-producer-groups,docs/CognitiveBrain/contracts/synapses/enrich-data/enrich-madr-producer-groups/enrich-madr-producer-groups-enrich-ai-text-structure.md
enrich-madr-producer-groups-family,pathway,enrich-data,enrich-madr-producer-groups,docs/CognitiveBrain/contracts/synapses/enrich-data/enrich-madr-producer-groups/enrich-madr-producer-groups-family.md
enrich-onrc-capital-enrich-ai-contact-parse,pathway,enrich-data,enrich-onrc-capital,docs/CognitiveBrain/contracts/synapses/enrich-data/enrich-onrc-capital/enrich-onrc-capital-enrich-ai-contact-parse.md
enrich-onrc-capital-enrich-ai-industry-classify,pathway,enrich-data,enrich-onrc-capital,docs/CognitiveBrain/contracts/synapses/enrich-data/enrich-onrc-capital/enrich-onrc-capital-enrich-ai-industry-classify.md
enrich-onrc-capital-enrich-ai-text-structure,pathway,enrich-data,enrich-onrc-capital,docs/CognitiveBrain/contracts/synapses/enrich-data/enrich-onrc-capital/enrich-onrc-capital-enrich-ai-text-structure.md
enrich-onrc-capital-family,pathway,enrich-data,enrich-onrc-capital,docs/CognitiveBrain/contracts/synapses/enrich-data/enrich-onrc-capital/enrich-onrc-capital-family.md
enrich-onrc-registration-enrich-ai-contact-parse,pathway,enrich-data,enrich-onrc-registration,docs/CognitiveBrain/contracts/synapses/enrich-data/enrich-onrc-registration/enrich-onrc-registration-enrich-ai-contact-parse.md
enrich-onrc-registration-enrich-ai-industry-classify,pathway,enrich-data,enrich-onrc-registration,docs/CognitiveBrain/contracts/synapses/enrich-data/enrich-onrc-registration/enrich-onrc-registration-enrich-ai-industry-classify.md
enrich-onrc-registration-enrich-ai-text-structure,pathway,enrich-data,enrich-onrc-registration,docs/CognitiveBrain/contracts/synapses/enrich-data/enrich-onrc-registration/enrich-onrc-registration-enrich-ai-text-structure.md
enrich-onrc-registration-family,pathway,enrich-data,enrich-onrc-registration,docs/CognitiveBrain/contracts/synapses/enrich-data/enrich-onrc-registration/enrich-onrc-registration-family.md
enrich-phone-carrier-detect-enrich-ai-contact-parse,pathway,enrich-data,enrich-phone-carrier-detect,docs/CognitiveBrain/contracts/synapses/enrich-data/enrich-phone-carrier-detect/enrich-phone-carrier-detect-enrich-ai-contact-parse.md
enrich-phone-carrier-detect-enrich-ai-industry-classify,pathway,enrich-data,enrich-phone-carrier-detect,docs/CognitiveBrain/contracts/synapses/enrich-data/enrich-phone-carrier-detect/enrich-phone-carrier-detect-enrich-ai-industry-classify.md
enrich-phone-carrier-detect-enrich-ai-text-structure,pathway,enrich-data,enrich-phone-carrier-detect,docs/CognitiveBrain/contracts/synapses/enrich-data/enrich-phone-carrier-detect/enrich-phone-carrier-detect-enrich-ai-text-structure.md
enrich-phone-carrier-detect-family,pathway,enrich-data,enrich-phone-carrier-detect,docs/CognitiveBrain/contracts/synapses/enrich-data/enrich-phone-carrier-detect/enrich-phone-carrier-detect-family.md
enrich-phone-hlr-lookup-enrich-ai-contact-parse,pathway,enrich-data,enrich-phone-hlr-lookup,docs/CognitiveBrain/contracts/synapses/enrich-data/enrich-phone-hlr-lookup/enrich-phone-hlr-lookup-enrich-ai-contact-parse.md
enrich-phone-hlr-lookup-enrich-ai-industry-classify,pathway,enrich-data,enrich-phone-hlr-lookup,docs/CognitiveBrain/contracts/synapses/enrich-data/enrich-phone-hlr-lookup/enrich-phone-hlr-lookup-enrich-ai-industry-classify.md
enrich-phone-hlr-lookup-enrich-ai-text-structure,pathway,enrich-data,enrich-phone-hlr-lookup,docs/CognitiveBrain/contracts/synapses/enrich-data/enrich-phone-hlr-lookup/enrich-phone-hlr-lookup-enrich-ai-text-structure.md
enrich-phone-hlr-lookup-family,pathway,enrich-data,enrich-phone-hlr-lookup,docs/CognitiveBrain/contracts/synapses/enrich-data/enrich-phone-hlr-lookup/enrich-phone-hlr-lookup-family.md
enrich-phone-type-detect-enrich-ai-contact-parse,pathway,enrich-data,enrich-phone-type-detect,docs/CognitiveBrain/contracts/synapses/enrich-data/enrich-phone-type-detect/enrich-phone-type-detect-enrich-ai-contact-parse.md
enrich-phone-type-detect-enrich-ai-industry-classify,pathway,enrich-data,enrich-phone-type-detect,docs/CognitiveBrain/contracts/synapses/enrich-data/enrich-phone-type-detect/enrich-phone-type-detect-enrich-ai-industry-classify.md
enrich-phone-type-detect-enrich-ai-text-structure,pathway,enrich-data,enrich-phone-type-detect,docs/CognitiveBrain/contracts/synapses/enrich-data/enrich-phone-type-detect/enrich-phone-type-detect-enrich-ai-text-structure.md
enrich-phone-type-detect-family,pathway,enrich-data,enrich-phone-type-detect,docs/CognitiveBrain/contracts/synapses/enrich-data/enrich-phone-type-detect/enrich-phone-type-detect-family.md
enrich-phone-whatsapp-check-enrich-ai-contact-parse,pathway,enrich-data,enrich-phone-whatsapp-check,docs/CognitiveBrain/contracts/synapses/enrich-data/enrich-phone-whatsapp-check/enrich-phone-whatsapp-check-enrich-ai-contact-parse.md
enrich-phone-whatsapp-check-enrich-ai-industry-classify,pathway,enrich-data,enrich-phone-whatsapp-check,docs/CognitiveBrain/contracts/synapses/enrich-data/enrich-phone-whatsapp-check/enrich-phone-whatsapp-check-enrich-ai-industry-classify.md
enrich-phone-whatsapp-check-enrich-ai-text-structure,pathway,enrich-data,enrich-phone-whatsapp-check,docs/CognitiveBrain/contracts/synapses/enrich-data/enrich-phone-whatsapp-check/enrich-phone-whatsapp-check-enrich-ai-text-structure.md
enrich-phone-whatsapp-check-family,pathway,enrich-data,enrich-phone-whatsapp-check,docs/CognitiveBrain/contracts/synapses/enrich-data/enrich-phone-whatsapp-check/enrich-phone-whatsapp-check-family.md
enrich-termene-anaf-debts-enrich-ai-contact-parse,pathway,enrich-data,enrich-termene-anaf-debts,docs/CognitiveBrain/contracts/synapses/enrich-data/enrich-termene-anaf-debts/enrich-termene-anaf-debts-enrich-ai-contact-parse.md
enrich-termene-anaf-debts-enrich-ai-industry-classify,pathway,enrich-data,enrich-termene-anaf-debts,docs/CognitiveBrain/contracts/synapses/enrich-data/enrich-termene-anaf-debts/enrich-termene-anaf-debts-enrich-ai-industry-classify.md
enrich-termene-anaf-debts-enrich-ai-text-structure,pathway,enrich-data,enrich-termene-anaf-debts,docs/CognitiveBrain/contracts/synapses/enrich-data/enrich-termene-anaf-debts/enrich-termene-anaf-debts-enrich-ai-text-structure.md
enrich-termene-anaf-debts-family,pathway,enrich-data,enrich-termene-anaf-debts,docs/CognitiveBrain/contracts/synapses/enrich-data/enrich-termene-anaf-debts/enrich-termene-anaf-debts-family.md
enrich-termene-balance-sheet-enrich-ai-contact-parse,pathway,enrich-data,enrich-termene-balance-sheet,docs/CognitiveBrain/contracts/synapses/enrich-data/enrich-termene-balance-sheet/enrich-termene-balance-sheet-enrich-ai-contact-parse.md
enrich-termene-balance-sheet-enrich-ai-industry-classify,pathway,enrich-data,enrich-termene-balance-sheet,docs/CognitiveBrain/contracts/synapses/enrich-data/enrich-termene-balance-sheet/enrich-termene-balance-sheet-enrich-ai-industry-classify.md
enrich-termene-balance-sheet-enrich-ai-text-structure,pathway,enrich-data,enrich-termene-balance-sheet,docs/CognitiveBrain/contracts/synapses/enrich-data/enrich-termene-balance-sheet/enrich-termene-balance-sheet-enrich-ai-text-structure.md
enrich-termene-balance-sheet-family,pathway,enrich-data,enrich-termene-balance-sheet,docs/CognitiveBrain/contracts/synapses/enrich-data/enrich-termene-balance-sheet/enrich-termene-balance-sheet-family.md
enrich-termene-company-base-enrich-ai-contact-parse,pathway,enrich-data,enrich-termene-company-base,docs/CognitiveBrain/contracts/synapses/enrich-data/enrich-termene-company-base/enrich-termene-company-base-enrich-ai-contact-parse.md
enrich-termene-company-base-enrich-ai-industry-classify,pathway,enrich-data,enrich-termene-company-base,docs/CognitiveBrain/contracts/synapses/enrich-data/enrich-termene-company-base/enrich-termene-company-base-enrich-ai-industry-classify.md
enrich-termene-company-base-enrich-ai-text-structure,pathway,enrich-data,enrich-termene-company-base,docs/CognitiveBrain/contracts/synapses/enrich-data/enrich-termene-company-base/enrich-termene-company-base-enrich-ai-text-structure.md
enrich-termene-company-base-family,pathway,enrich-data,enrich-termene-company-base,docs/CognitiveBrain/contracts/synapses/enrich-data/enrich-termene-company-base/enrich-termene-company-base-family.md
enrich-termene-court-cases-enrich-ai-contact-parse,pathway,enrich-data,enrich-termene-court-cases,docs/CognitiveBrain/contracts/synapses/enrich-data/enrich-termene-court-cases/enrich-termene-court-cases-enrich-ai-contact-parse.md
enrich-termene-court-cases-enrich-ai-industry-classify,pathway,enrich-data,enrich-termene-court-cases,docs/CognitiveBrain/contracts/synapses/enrich-data/enrich-termene-court-cases/enrich-termene-court-cases-enrich-ai-industry-classify.md
enrich-termene-court-cases-enrich-ai-text-structure,pathway,enrich-data,enrich-termene-court-cases,docs/CognitiveBrain/contracts/synapses/enrich-data/enrich-termene-court-cases/enrich-termene-court-cases-enrich-ai-text-structure.md
enrich-termene-court-cases-family,pathway,enrich-data,enrich-termene-court-cases,docs/CognitiveBrain/contracts/synapses/enrich-data/enrich-termene-court-cases/enrich-termene-court-cases-family.md
enrich-termene-financials-enrich-ai-contact-parse,pathway,enrich-data,enrich-termene-financials,docs/CognitiveBrain/contracts/synapses/enrich-data/enrich-termene-financials/enrich-termene-financials-enrich-ai-contact-parse.md
enrich-termene-financials-enrich-ai-industry-classify,pathway,enrich-data,enrich-termene-financials,docs/CognitiveBrain/contracts/synapses/enrich-data/enrich-termene-financials/enrich-termene-financials-enrich-ai-industry-classify.md
enrich-termene-financials-enrich-ai-text-structure,pathway,enrich-data,enrich-termene-financials,docs/CognitiveBrain/contracts/synapses/enrich-data/enrich-termene-financials/enrich-termene-financials-enrich-ai-text-structure.md
enrich-termene-financials-family,pathway,enrich-data,enrich-termene-financials,docs/CognitiveBrain/contracts/synapses/enrich-data/enrich-termene-financials/enrich-termene-financials-family.md
enrich-termene-insolvency-enrich-ai-contact-parse,pathway,enrich-data,enrich-termene-insolvency,docs/CognitiveBrain/contracts/synapses/enrich-data/enrich-termene-insolvency/enrich-termene-insolvency-enrich-ai-contact-parse.md
enrich-termene-insolvency-enrich-ai-industry-classify,pathway,enrich-data,enrich-termene-insolvency,docs/CognitiveBrain/contracts/synapses/enrich-data/enrich-termene-insolvency/enrich-termene-insolvency-enrich-ai-industry-classify.md
enrich-termene-insolvency-enrich-ai-text-structure,pathway,enrich-data,enrich-termene-insolvency,docs/CognitiveBrain/contracts/synapses/enrich-data/enrich-termene-insolvency/enrich-termene-insolvency-enrich-ai-text-structure.md
enrich-termene-insolvency-family,pathway,enrich-data,enrich-termene-insolvency,docs/CognitiveBrain/contracts/synapses/enrich-data/enrich-termene-insolvency/enrich-termene-insolvency-family.md
enrich-termene-risk-score-enrich-ai-contact-parse,pathway,enrich-data,enrich-termene-risk-score,docs/CognitiveBrain/contracts/synapses/enrich-data/enrich-termene-risk-score/enrich-termene-risk-score-enrich-ai-contact-parse.md
enrich-termene-risk-score-enrich-ai-industry-classify,pathway,enrich-data,enrich-termene-risk-score,docs/CognitiveBrain/contracts/synapses/enrich-data/enrich-termene-risk-score/enrich-termene-risk-score-enrich-ai-industry-classify.md
enrich-termene-risk-score-enrich-ai-text-structure,pathway,enrich-data,enrich-termene-risk-score,docs/CognitiveBrain/contracts/synapses/enrich-data/enrich-termene-risk-score/enrich-termene-risk-score-enrich-ai-text-structure.md
enrich-termene-risk-score-family,pathway,enrich-data,enrich-termene-risk-score,docs/CognitiveBrain/contracts/synapses/enrich-data/enrich-termene-risk-score/enrich-termene-risk-score-family.md
enrich-termene-shareholders-enrich-ai-contact-parse,pathway,enrich-data,enrich-termene-shareholders,docs/CognitiveBrain/contracts/synapses/enrich-data/enrich-termene-shareholders/enrich-termene-shareholders-enrich-ai-contact-parse.md
enrich-termene-shareholders-enrich-ai-industry-classify,pathway,enrich-data,enrich-termene-shareholders,docs/CognitiveBrain/contracts/synapses/enrich-data/enrich-termene-shareholders/enrich-termene-shareholders-enrich-ai-industry-classify.md
enrich-termene-shareholders-enrich-ai-text-structure,pathway,enrich-data,enrich-termene-shareholders,docs/CognitiveBrain/contracts/synapses/enrich-data/enrich-termene-shareholders/enrich-termene-shareholders-enrich-ai-text-structure.md
enrich-termene-shareholders-family,pathway,enrich-data,enrich-termene-shareholders,docs/CognitiveBrain/contracts/synapses/enrich-data/enrich-termene-shareholders/enrich-termene-shareholders-family.md
enrich-web-contact-extract-enrich-ai-contact-parse,pathway,enrich-data,enrich-web-contact-extract,docs/CognitiveBrain/contracts/synapses/enrich-data/enrich-web-contact-extract/enrich-web-contact-extract-enrich-ai-contact-parse.md
enrich-web-contact-extract-enrich-ai-industry-classify,pathway,enrich-data,enrich-web-contact-extract,docs/CognitiveBrain/contracts/synapses/enrich-data/enrich-web-contact-extract/enrich-web-contact-extract-enrich-ai-industry-classify.md
enrich-web-contact-extract-enrich-ai-text-structure,pathway,enrich-data,enrich-web-contact-extract,docs/CognitiveBrain/contracts/synapses/enrich-data/enrich-web-contact-extract/enrich-web-contact-extract-enrich-ai-text-structure.md
enrich-web-contact-extract-family,pathway,enrich-data,enrich-web-contact-extract,docs/CognitiveBrain/contracts/synapses/enrich-data/enrich-web-contact-extract/enrich-web-contact-extract-family.md
enrich-web-fetch-enrich-ai-contact-parse,pathway,enrich-data,enrich-web-fetch,docs/CognitiveBrain/contracts/synapses/enrich-data/enrich-web-fetch/enrich-web-fetch-enrich-ai-contact-parse.md
enrich-web-fetch-enrich-ai-industry-classify,pathway,enrich-data,enrich-web-fetch,docs/CognitiveBrain/contracts/synapses/enrich-data/enrich-web-fetch/enrich-web-fetch-enrich-ai-industry-classify.md
enrich-web-fetch-enrich-ai-text-structure,pathway,enrich-data,enrich-web-fetch,docs/CognitiveBrain/contracts/synapses/enrich-data/enrich-web-fetch/enrich-web-fetch-enrich-ai-text-structure.md
enrich-web-fetch-family,pathway,enrich-data,enrich-web-fetch,docs/CognitiveBrain/contracts/synapses/enrich-data/enrich-web-fetch/enrich-web-fetch-family.md
enrich-web-meta-extract-enrich-ai-contact-parse,pathway,enrich-data,enrich-web-meta-extract,docs/CognitiveBrain/contracts/synapses/enrich-data/enrich-web-meta-extract/enrich-web-meta-extract-enrich-ai-contact-parse.md
enrich-web-meta-extract-enrich-ai-industry-classify,pathway,enrich-data,enrich-web-meta-extract,docs/CognitiveBrain/contracts/synapses/enrich-data/enrich-web-meta-extract/enrich-web-meta-extract-enrich-ai-industry-classify.md
enrich-web-meta-extract-enrich-ai-text-structure,pathway,enrich-data,enrich-web-meta-extract,docs/CognitiveBrain/contracts/synapses/enrich-data/enrich-web-meta-extract/enrich-web-meta-extract-enrich-ai-text-structure.md
enrich-web-meta-extract-family,pathway,enrich-data,enrich-web-meta-extract,docs/CognitiveBrain/contracts/synapses/enrich-data/enrich-web-meta-extract/enrich-web-meta-extract-family.md
enrich-web-social-links-enrich-ai-contact-parse,pathway,enrich-data,enrich-web-social-links,docs/CognitiveBrain/contracts/synapses/enrich-data/enrich-web-social-links/enrich-web-social-links-enrich-ai-contact-parse.md
enrich-web-social-links-enrich-ai-industry-classify,pathway,enrich-data,enrich-web-social-links,docs/CognitiveBrain/contracts/synapses/enrich-data/enrich-web-social-links/enrich-web-social-links-enrich-ai-industry-classify.md
enrich-web-social-links-enrich-ai-text-structure,pathway,enrich-data,enrich-web-social-links,docs/CognitiveBrain/contracts/synapses/enrich-data/enrich-web-social-links/enrich-web-social-links-enrich-ai-text-structure.md
enrich-web-social-links-family,pathway,enrich-data,enrich-web-social-links,docs/CognitiveBrain/contracts/synapses/enrich-data/enrich-web-social-links/enrich-web-social-links-family.md
enrich-web-tech-detect-enrich-ai-contact-parse,pathway,enrich-data,enrich-web-tech-detect,docs/CognitiveBrain/contracts/synapses/enrich-data/enrich-web-tech-detect/enrich-web-tech-detect-enrich-ai-contact-parse.md
enrich-web-tech-detect-enrich-ai-industry-classify,pathway,enrich-data,enrich-web-tech-detect,docs/CognitiveBrain/contracts/synapses/enrich-data/enrich-web-tech-detect/enrich-web-tech-detect-enrich-ai-industry-classify.md
enrich-web-tech-detect-enrich-ai-text-structure,pathway,enrich-data,enrich-web-tech-detect,docs/CognitiveBrain/contracts/synapses/enrich-data/enrich-web-tech-detect/enrich-web-tech-detect-enrich-ai-text-structure.md
enrich-web-tech-detect-family,pathway,enrich-data,enrich-web-tech-detect,docs/CognitiveBrain/contracts/synapses/enrich-data/enrich-web-tech-detect/enrich-web-tech-detect-family.md
graph-build-full-family,pathway,enrich-data,graph-build-full,docs/CognitiveBrain/contracts/synapses/enrich-data/graph-build-full/graph-build-full-family.md
graph-build-full-geo-cluster-analyze,pathway,enrich-data,graph-build-full,docs/CognitiveBrain/contracts/synapses/enrich-data/graph-build-full/graph-build-full-geo-cluster-analyze.md
graph-build-full-geo-delivery-optimize,pathway,enrich-data,graph-build-full,docs/CognitiveBrain/contracts/synapses/enrich-data/graph-build-full/graph-build-full-geo-delivery-optimize.md
graph-build-full-geo-neighbor-find,pathway,enrich-data,graph-build-full,docs/CognitiveBrain/contracts/synapses/enrich-data/graph-build-full/graph-build-full-geo-neighbor-find.md
graph-build-full-geo-territory-map,pathway,enrich-data,graph-build-full,docs/CognitiveBrain/contracts/synapses/enrich-data/graph-build-full/graph-build-full-geo-territory-map.md
graph-build-full-geo-weather-correlate,pathway,enrich-data,graph-build-full,docs/CognitiveBrain/contracts/synapses/enrich-data/graph-build-full/graph-build-full-geo-weather-correlate.md
graph-centrality-calculate-family,pathway,enrich-data,graph-centrality-calculate,docs/CognitiveBrain/contracts/synapses/enrich-data/graph-centrality-calculate/graph-centrality-calculate-family.md
graph-centrality-calculate-geo-cluster-analyze,pathway,enrich-data,graph-centrality-calculate,docs/CognitiveBrain/contracts/synapses/enrich-data/graph-centrality-calculate/graph-centrality-calculate-geo-cluster-analyze.md
graph-centrality-calculate-geo-delivery-optimize,pathway,enrich-data,graph-centrality-calculate,docs/CognitiveBrain/contracts/synapses/enrich-data/graph-centrality-calculate/graph-centrality-calculate-geo-delivery-optimize.md
graph-centrality-calculate-geo-neighbor-find,pathway,enrich-data,graph-centrality-calculate,docs/CognitiveBrain/contracts/synapses/enrich-data/graph-centrality-calculate/graph-centrality-calculate-geo-neighbor-find.md
graph-centrality-calculate-geo-territory-map,pathway,enrich-data,graph-centrality-calculate,docs/CognitiveBrain/contracts/synapses/enrich-data/graph-centrality-calculate/graph-centrality-calculate-geo-territory-map.md
graph-centrality-calculate-geo-weather-correlate,pathway,enrich-data,graph-centrality-calculate,docs/CognitiveBrain/contracts/synapses/enrich-data/graph-centrality-calculate/graph-centrality-calculate-geo-weather-correlate.md
graph-communities-latest-family,pathway,enrich-data,graph-communities-latest,docs/CognitiveBrain/contracts/synapses/enrich-data/graph-communities-latest/graph-communities-latest-family.md
graph-communities-latest-geo-cluster-analyze,pathway,enrich-data,graph-communities-latest,docs/CognitiveBrain/contracts/synapses/enrich-data/graph-communities-latest/graph-communities-latest-geo-cluster-analyze.md
graph-communities-latest-geo-delivery-optimize,pathway,enrich-data,graph-communities-latest,docs/CognitiveBrain/contracts/synapses/enrich-data/graph-communities-latest/graph-communities-latest-geo-delivery-optimize.md
graph-communities-latest-geo-neighbor-find,pathway,enrich-data,graph-communities-latest,docs/CognitiveBrain/contracts/synapses/enrich-data/graph-communities-latest/graph-communities-latest-geo-neighbor-find.md
graph-communities-latest-geo-territory-map,pathway,enrich-data,graph-communities-latest,docs/CognitiveBrain/contracts/synapses/enrich-data/graph-communities-latest/graph-communities-latest-geo-territory-map.md
graph-communities-latest-geo-weather-correlate,pathway,enrich-data,graph-communities-latest,docs/CognitiveBrain/contracts/synapses/enrich-data/graph-communities-latest/graph-communities-latest-geo-weather-correlate.md
graph-community-detect-family,pathway,enrich-data,graph-community-detect,docs/CognitiveBrain/contracts/synapses/enrich-data/graph-community-detect/graph-community-detect-family.md
graph-community-detect-geo-cluster-analyze,pathway,enrich-data,graph-community-detect,docs/CognitiveBrain/contracts/synapses/enrich-data/graph-community-detect/graph-community-detect-geo-cluster-analyze.md
graph-community-detect-geo-delivery-optimize,pathway,enrich-data,graph-community-detect,docs/CognitiveBrain/contracts/synapses/enrich-data/graph-community-detect/graph-community-detect-geo-delivery-optimize.md
graph-community-detect-geo-neighbor-find,pathway,enrich-data,graph-community-detect,docs/CognitiveBrain/contracts/synapses/enrich-data/graph-community-detect/graph-community-detect-geo-neighbor-find.md
graph-community-detect-geo-territory-map,pathway,enrich-data,graph-community-detect,docs/CognitiveBrain/contracts/synapses/enrich-data/graph-community-detect/graph-community-detect-geo-territory-map.md
graph-community-detect-geo-weather-correlate,pathway,enrich-data,graph-community-detect,docs/CognitiveBrain/contracts/synapses/enrich-data/graph-community-detect/graph-community-detect-geo-weather-correlate.md
graph-full-built-at-family,pathway,enrich-data,graph-full-built-at,docs/CognitiveBrain/contracts/synapses/enrich-data/graph-full-built-at/graph-full-built-at-family.md
graph-full-built-at-geo-cluster-analyze,pathway,enrich-data,graph-full-built-at,docs/CognitiveBrain/contracts/synapses/enrich-data/graph-full-built-at/graph-full-built-at-geo-cluster-analyze.md
graph-full-built-at-geo-delivery-optimize,pathway,enrich-data,graph-full-built-at,docs/CognitiveBrain/contracts/synapses/enrich-data/graph-full-built-at/graph-full-built-at-geo-delivery-optimize.md
graph-full-built-at-geo-neighbor-find,pathway,enrich-data,graph-full-built-at,docs/CognitiveBrain/contracts/synapses/enrich-data/graph-full-built-at/graph-full-built-at-geo-neighbor-find.md
graph-full-built-at-geo-territory-map,pathway,enrich-data,graph-full-built-at,docs/CognitiveBrain/contracts/synapses/enrich-data/graph-full-built-at/graph-full-built-at-geo-territory-map.md
graph-full-built-at-geo-weather-correlate,pathway,enrich-data,graph-full-built-at,docs/CognitiveBrain/contracts/synapses/enrich-data/graph-full-built-at/graph-full-built-at-geo-weather-correlate.md
graph-full-latest-family,pathway,enrich-data,graph-full-latest,docs/CognitiveBrain/contracts/synapses/enrich-data/graph-full-latest/graph-full-latest-family.md
graph-full-latest-geo-cluster-analyze,pathway,enrich-data,graph-full-latest,docs/CognitiveBrain/contracts/synapses/enrich-data/graph-full-latest/graph-full-latest-geo-cluster-analyze.md
graph-full-latest-geo-delivery-optimize,pathway,enrich-data,graph-full-latest,docs/CognitiveBrain/contracts/synapses/enrich-data/graph-full-latest/graph-full-latest-geo-delivery-optimize.md
graph-full-latest-geo-neighbor-find,pathway,enrich-data,graph-full-latest,docs/CognitiveBrain/contracts/synapses/enrich-data/graph-full-latest/graph-full-latest-geo-neighbor-find.md
graph-full-latest-geo-territory-map,pathway,enrich-data,graph-full-latest,docs/CognitiveBrain/contracts/synapses/enrich-data/graph-full-latest/graph-full-latest-geo-territory-map.md
graph-full-latest-geo-weather-correlate,pathway,enrich-data,graph-full-latest,docs/CognitiveBrain/contracts/synapses/enrich-data/graph-full-latest/graph-full-latest-geo-weather-correlate.md
graph-full-metrics-family,pathway,enrich-data,graph-full-metrics,docs/CognitiveBrain/contracts/synapses/enrich-data/graph-full-metrics/graph-full-metrics-family.md
graph-full-metrics-geo-cluster-analyze,pathway,enrich-data,graph-full-metrics,docs/CognitiveBrain/contracts/synapses/enrich-data/graph-full-metrics/graph-full-metrics-geo-cluster-analyze.md
graph-full-metrics-geo-delivery-optimize,pathway,enrich-data,graph-full-metrics,docs/CognitiveBrain/contracts/synapses/enrich-data/graph-full-metrics/graph-full-metrics-geo-delivery-optimize.md
graph-full-metrics-geo-neighbor-find,pathway,enrich-data,graph-full-metrics,docs/CognitiveBrain/contracts/synapses/enrich-data/graph-full-metrics/graph-full-metrics-geo-neighbor-find.md
graph-full-metrics-geo-territory-map,pathway,enrich-data,graph-full-metrics,docs/CognitiveBrain/contracts/synapses/enrich-data/graph-full-metrics/graph-full-metrics-geo-territory-map.md
graph-full-metrics-geo-weather-correlate,pathway,enrich-data,graph-full-metrics,docs/CognitiveBrain/contracts/synapses/enrich-data/graph-full-metrics/graph-full-metrics-geo-weather-correlate.md
graph-kol-identify-family,pathway,enrich-data,graph-kol-identify,docs/CognitiveBrain/contracts/synapses/enrich-data/graph-kol-identify/graph-kol-identify-family.md
graph-kol-identify-geo-cluster-analyze,pathway,enrich-data,graph-kol-identify,docs/CognitiveBrain/contracts/synapses/enrich-data/graph-kol-identify/graph-kol-identify-geo-cluster-analyze.md
graph-kol-identify-geo-delivery-optimize,pathway,enrich-data,graph-kol-identify,docs/CognitiveBrain/contracts/synapses/enrich-data/graph-kol-identify/graph-kol-identify-geo-delivery-optimize.md
graph-kol-identify-geo-neighbor-find,pathway,enrich-data,graph-kol-identify,docs/CognitiveBrain/contracts/synapses/enrich-data/graph-kol-identify/graph-kol-identify-geo-neighbor-find.md
graph-kol-identify-geo-territory-map,pathway,enrich-data,graph-kol-identify,docs/CognitiveBrain/contracts/synapses/enrich-data/graph-kol-identify/graph-kol-identify-geo-territory-map.md
graph-kol-identify-geo-weather-correlate,pathway,enrich-data,graph-kol-identify,docs/CognitiveBrain/contracts/synapses/enrich-data/graph-kol-identify/graph-kol-identify-geo-weather-correlate.md
graph-path-find-family,pathway,enrich-data,graph-path-find,docs/CognitiveBrain/contracts/synapses/enrich-data/graph-path-find/graph-path-find-family.md
graph-path-find-geo-cluster-analyze,pathway,enrich-data,graph-path-find,docs/CognitiveBrain/contracts/synapses/enrich-data/graph-path-find/graph-path-find-geo-cluster-analyze.md
graph-path-find-geo-delivery-optimize,pathway,enrich-data,graph-path-find,docs/CognitiveBrain/contracts/synapses/enrich-data/graph-path-find/graph-path-find-geo-delivery-optimize.md
graph-path-find-geo-neighbor-find,pathway,enrich-data,graph-path-find,docs/CognitiveBrain/contracts/synapses/enrich-data/graph-path-find/graph-path-find-geo-neighbor-find.md
graph-path-find-geo-territory-map,pathway,enrich-data,graph-path-find,docs/CognitiveBrain/contracts/synapses/enrich-data/graph-path-find/graph-path-find-geo-territory-map.md
graph-path-find-geo-weather-correlate,pathway,enrich-data,graph-path-find,docs/CognitiveBrain/contracts/synapses/enrich-data/graph-path-find/graph-path-find-geo-weather-correlate.md
graph-relationship-create-family,pathway,enrich-data,graph-relationship-create,docs/CognitiveBrain/contracts/synapses/enrich-data/graph-relationship-create/graph-relationship-create-family.md
graph-relationship-create-geo-cluster-analyze,pathway,enrich-data,graph-relationship-create,docs/CognitiveBrain/contracts/synapses/enrich-data/graph-relationship-create/graph-relationship-create-geo-cluster-analyze.md
graph-relationship-create-geo-delivery-optimize,pathway,enrich-data,graph-relationship-create,docs/CognitiveBrain/contracts/synapses/enrich-data/graph-relationship-create/graph-relationship-create-geo-delivery-optimize.md
graph-relationship-create-geo-neighbor-find,pathway,enrich-data,graph-relationship-create,docs/CognitiveBrain/contracts/synapses/enrich-data/graph-relationship-create/graph-relationship-create-geo-neighbor-find.md
graph-relationship-create-geo-territory-map,pathway,enrich-data,graph-relationship-create,docs/CognitiveBrain/contracts/synapses/enrich-data/graph-relationship-create/graph-relationship-create-geo-territory-map.md
graph-relationship-create-geo-weather-correlate,pathway,enrich-data,graph-relationship-create,docs/CognitiveBrain/contracts/synapses/enrich-data/graph-relationship-create/graph-relationship-create-geo-weather-correlate.md
graph-relationship-infer-family,pathway,enrich-data,graph-relationship-infer,docs/CognitiveBrain/contracts/synapses/enrich-data/graph-relationship-infer/graph-relationship-infer-family.md
graph-relationship-infer-geo-cluster-analyze,pathway,enrich-data,graph-relationship-infer,docs/CognitiveBrain/contracts/synapses/enrich-data/graph-relationship-infer/graph-relationship-infer-geo-cluster-analyze.md
graph-relationship-infer-geo-delivery-optimize,pathway,enrich-data,graph-relationship-infer,docs/CognitiveBrain/contracts/synapses/enrich-data/graph-relationship-infer/graph-relationship-infer-geo-delivery-optimize.md
graph-relationship-infer-geo-neighbor-find,pathway,enrich-data,graph-relationship-infer,docs/CognitiveBrain/contracts/synapses/enrich-data/graph-relationship-infer/graph-relationship-infer-geo-neighbor-find.md
graph-relationship-infer-geo-territory-map,pathway,enrich-data,graph-relationship-infer,docs/CognitiveBrain/contracts/synapses/enrich-data/graph-relationship-infer/graph-relationship-infer-geo-territory-map.md
graph-relationship-infer-geo-weather-correlate,pathway,enrich-data,graph-relationship-infer,docs/CognitiveBrain/contracts/synapses/enrich-data/graph-relationship-infer/graph-relationship-infer-geo-weather-correlate.md
silver-dedup-entity-resolve-family,pathway,enrich-data,silver-dedup-entity-resolve,docs/CognitiveBrain/contracts/synapses/enrich-data/silver-dedup-entity-resolve/silver-dedup-entity-resolve-family.md
silver-dedup-entity-resolve-silver-merge-company,pathway,enrich-data,silver-dedup-entity-resolve,docs/CognitiveBrain/contracts/synapses/enrich-data/silver-dedup-entity-resolve/silver-dedup-entity-resolve-silver-merge-company.md
silver-dedup-entity-resolve-silver-merge-contact,pathway,enrich-data,silver-dedup-entity-resolve,docs/CognitiveBrain/contracts/synapses/enrich-data/silver-dedup-entity-resolve/silver-dedup-entity-resolve-silver-merge-contact.md
silver-dedup-fuzzy-match-family,pathway,enrich-data,silver-dedup-fuzzy-match,docs/CognitiveBrain/contracts/synapses/enrich-data/silver-dedup-fuzzy-match/silver-dedup-fuzzy-match-family.md
silver-dedup-fuzzy-match-silver-merge-company,pathway,enrich-data,silver-dedup-fuzzy-match,docs/CognitiveBrain/contracts/synapses/enrich-data/silver-dedup-fuzzy-match/silver-dedup-fuzzy-match-silver-merge-company.md
silver-dedup-fuzzy-match-silver-merge-contact,pathway,enrich-data,silver-dedup-fuzzy-match,docs/CognitiveBrain/contracts/synapses/enrich-data/silver-dedup-fuzzy-match/silver-dedup-fuzzy-match-silver-merge-contact.md
silver-merge-company-family,pathway,enrich-data,silver-merge-company,docs/CognitiveBrain/contracts/synapses/enrich-data/silver-merge-company/silver-merge-company-family.md
silver-merge-company-silver-quality-completeness,pathway,enrich-data,silver-merge-company,docs/CognitiveBrain/contracts/synapses/enrich-data/silver-merge-company/silver-merge-company-silver-quality-completeness.md
silver-merge-company-silver-quality-tier-assign,pathway,enrich-data,silver-merge-company,docs/CognitiveBrain/contracts/synapses/enrich-data/silver-merge-company/silver-merge-company-silver-quality-tier-assign.md
silver-merge-company-silver-quality-validation-sum,pathway,enrich-data,silver-merge-company,docs/CognitiveBrain/contracts/synapses/enrich-data/silver-merge-company/silver-merge-company-silver-quality-validation-sum.md
silver-merge-contact-family,pathway,enrich-data,silver-merge-contact,docs/CognitiveBrain/contracts/synapses/enrich-data/silver-merge-contact/silver-merge-contact-family.md
silver-merge-contact-silver-quality-completeness,pathway,enrich-data,silver-merge-contact,docs/CognitiveBrain/contracts/synapses/enrich-data/silver-merge-contact/silver-merge-contact-silver-quality-completeness.md
silver-merge-contact-silver-quality-tier-assign,pathway,enrich-data,silver-merge-contact,docs/CognitiveBrain/contracts/synapses/enrich-data/silver-merge-contact/silver-merge-contact-silver-quality-tier-assign.md
silver-merge-contact-silver-quality-validation-sum,pathway,enrich-data,silver-merge-contact,docs/CognitiveBrain/contracts/synapses/enrich-data/silver-merge-contact/silver-merge-contact-silver-quality-validation-sum.md
silver-norm-address-enrich-anaf-address,pathway,enrich-data,silver-norm-address,docs/CognitiveBrain/contracts/synapses/enrich-data/silver-norm-address/silver-norm-address-enrich-anaf-address.md
silver-norm-address-enrich-anaf-caen,pathway,enrich-data,silver-norm-address,docs/CognitiveBrain/contracts/synapses/enrich-data/silver-norm-address/silver-norm-address-enrich-anaf-caen.md
silver-norm-address-enrich-anaf-efactura,pathway,enrich-data,silver-norm-address,docs/CognitiveBrain/contracts/synapses/enrich-data/silver-norm-address/silver-norm-address-enrich-anaf-efactura.md
silver-norm-address-enrich-anaf-fiscal-status,pathway,enrich-data,silver-norm-address,docs/CognitiveBrain/contracts/synapses/enrich-data/silver-norm-address/silver-norm-address-enrich-anaf-fiscal-status.md
silver-norm-address-enrich-anaf-tva-status,pathway,enrich-data,silver-norm-address,docs/CognitiveBrain/contracts/synapses/enrich-data/silver-norm-address/silver-norm-address-enrich-anaf-tva-status.md
silver-norm-address-enrich-anif-ouai-lookup,pathway,enrich-data,silver-norm-address,docs/CognitiveBrain/contracts/synapses/enrich-data/silver-norm-address/silver-norm-address-enrich-anif-ouai-lookup.md
silver-norm-address-enrich-apia-farmer-lookup,pathway,enrich-data,silver-norm-address,docs/CognitiveBrain/contracts/synapses/enrich-data/silver-norm-address/silver-norm-address-enrich-apia-farmer-lookup.md
silver-norm-address-enrich-apia-subsidies,pathway,enrich-data,silver-norm-address,docs/CognitiveBrain/contracts/synapses/enrich-data/silver-norm-address/silver-norm-address-enrich-apia-subsidies.md
silver-norm-address-enrich-email-discovery,pathway,enrich-data,silver-norm-address,docs/CognitiveBrain/contracts/synapses/enrich-data/silver-norm-address/silver-norm-address-enrich-email-discovery.md
silver-norm-address-enrich-email-mx-check,pathway,enrich-data,silver-norm-address,docs/CognitiveBrain/contracts/synapses/enrich-data/silver-norm-address/silver-norm-address-enrich-email-mx-check.md
silver-norm-address-enrich-email-provider-detect,pathway,enrich-data,silver-norm-address,docs/CognitiveBrain/contracts/synapses/enrich-data/silver-norm-address/silver-norm-address-enrich-email-provider-detect.md
silver-norm-address-enrich-email-role-check,pathway,enrich-data,silver-norm-address,docs/CognitiveBrain/contracts/synapses/enrich-data/silver-norm-address/silver-norm-address-enrich-email-role-check.md
silver-norm-address-enrich-email-smtp-verify,pathway,enrich-data,silver-norm-address,docs/CognitiveBrain/contracts/synapses/enrich-data/silver-norm-address/silver-norm-address-enrich-email-smtp-verify.md
silver-norm-address-enrich-geo-geocode,pathway,enrich-data,silver-norm-address,docs/CognitiveBrain/contracts/synapses/enrich-data/silver-norm-address/silver-norm-address-enrich-geo-geocode.md
silver-norm-address-enrich-geo-siruta-lookup,pathway,enrich-data,silver-norm-address,docs/CognitiveBrain/contracts/synapses/enrich-data/silver-norm-address/silver-norm-address-enrich-geo-siruta-lookup.md
silver-norm-address-enrich-madr-cooperative,pathway,enrich-data,silver-norm-address,docs/CognitiveBrain/contracts/synapses/enrich-data/silver-norm-address/silver-norm-address-enrich-madr-cooperative.md
silver-norm-address-enrich-madr-producer-groups,pathway,enrich-data,silver-norm-address,docs/CognitiveBrain/contracts/synapses/enrich-data/silver-norm-address/silver-norm-address-enrich-madr-producer-groups.md
silver-norm-address-enrich-onrc-capital,pathway,enrich-data,silver-norm-address,docs/CognitiveBrain/contracts/synapses/enrich-data/silver-norm-address/silver-norm-address-enrich-onrc-capital.md
silver-norm-address-enrich-onrc-registration,pathway,enrich-data,silver-norm-address,docs/CognitiveBrain/contracts/synapses/enrich-data/silver-norm-address/silver-norm-address-enrich-onrc-registration.md
silver-norm-address-enrich-phone-carrier-detect,pathway,enrich-data,silver-norm-address,docs/CognitiveBrain/contracts/synapses/enrich-data/silver-norm-address/silver-norm-address-enrich-phone-carrier-detect.md
silver-norm-address-enrich-phone-hlr-lookup,pathway,enrich-data,silver-norm-address,docs/CognitiveBrain/contracts/synapses/enrich-data/silver-norm-address/silver-norm-address-enrich-phone-hlr-lookup.md
silver-norm-address-enrich-phone-type-detect,pathway,enrich-data,silver-norm-address,docs/CognitiveBrain/contracts/synapses/enrich-data/silver-norm-address/silver-norm-address-enrich-phone-type-detect.md
silver-norm-address-enrich-phone-whatsapp-check,pathway,enrich-data,silver-norm-address,docs/CognitiveBrain/contracts/synapses/enrich-data/silver-norm-address/silver-norm-address-enrich-phone-whatsapp-check.md
silver-norm-address-enrich-termene-anaf-debts,pathway,enrich-data,silver-norm-address,docs/CognitiveBrain/contracts/synapses/enrich-data/silver-norm-address/silver-norm-address-enrich-termene-anaf-debts.md
silver-norm-address-enrich-termene-balance-sheet,pathway,enrich-data,silver-norm-address,docs/CognitiveBrain/contracts/synapses/enrich-data/silver-norm-address/silver-norm-address-enrich-termene-balance-sheet.md
silver-norm-address-enrich-termene-company-base,pathway,enrich-data,silver-norm-address,docs/CognitiveBrain/contracts/synapses/enrich-data/silver-norm-address/silver-norm-address-enrich-termene-company-base.md
silver-norm-address-enrich-termene-court-cases,pathway,enrich-data,silver-norm-address,docs/CognitiveBrain/contracts/synapses/enrich-data/silver-norm-address/silver-norm-address-enrich-termene-court-cases.md
silver-norm-address-enrich-termene-financials,pathway,enrich-data,silver-norm-address,docs/CognitiveBrain/contracts/synapses/enrich-data/silver-norm-address/silver-norm-address-enrich-termene-financials.md
silver-norm-address-enrich-termene-insolvency,pathway,enrich-data,silver-norm-address,docs/CognitiveBrain/contracts/synapses/enrich-data/silver-norm-address/silver-norm-address-enrich-termene-insolvency.md
silver-norm-address-enrich-termene-risk-score,pathway,enrich-data,silver-norm-address,docs/CognitiveBrain/contracts/synapses/enrich-data/silver-norm-address/silver-norm-address-enrich-termene-risk-score.md
silver-norm-address-enrich-termene-shareholders,pathway,enrich-data,silver-norm-address,docs/CognitiveBrain/contracts/synapses/enrich-data/silver-norm-address/silver-norm-address-enrich-termene-shareholders.md
silver-norm-address-enrich-web-contact-extract,pathway,enrich-data,silver-norm-address,docs/CognitiveBrain/contracts/synapses/enrich-data/silver-norm-address/silver-norm-address-enrich-web-contact-extract.md
silver-norm-address-enrich-web-fetch,pathway,enrich-data,silver-norm-address,docs/CognitiveBrain/contracts/synapses/enrich-data/silver-norm-address/silver-norm-address-enrich-web-fetch.md
silver-norm-address-enrich-web-meta-extract,pathway,enrich-data,silver-norm-address,docs/CognitiveBrain/contracts/synapses/enrich-data/silver-norm-address/silver-norm-address-enrich-web-meta-extract.md
silver-norm-address-enrich-web-social-links,pathway,enrich-data,silver-norm-address,docs/CognitiveBrain/contracts/synapses/enrich-data/silver-norm-address/silver-norm-address-enrich-web-social-links.md
silver-norm-address-enrich-web-tech-detect,pathway,enrich-data,silver-norm-address,docs/CognitiveBrain/contracts/synapses/enrich-data/silver-norm-address/silver-norm-address-enrich-web-tech-detect.md
silver-norm-address-family,pathway,enrich-data,silver-norm-address,docs/CognitiveBrain/contracts/synapses/enrich-data/silver-norm-address/silver-norm-address-family.md
silver-norm-company-name-enrich-anaf-address,pathway,enrich-data,silver-norm-company-name,docs/CognitiveBrain/contracts/synapses/enrich-data/silver-norm-company-name/silver-norm-company-name-enrich-anaf-address.md
silver-norm-company-name-enrich-anaf-caen,pathway,enrich-data,silver-norm-company-name,docs/CognitiveBrain/contracts/synapses/enrich-data/silver-norm-company-name/silver-norm-company-name-enrich-anaf-caen.md
silver-norm-company-name-enrich-anaf-efactura,pathway,enrich-data,silver-norm-company-name,docs/CognitiveBrain/contracts/synapses/enrich-data/silver-norm-company-name/silver-norm-company-name-enrich-anaf-efactura.md
silver-norm-company-name-enrich-anaf-fiscal-status,pathway,enrich-data,silver-norm-company-name,docs/CognitiveBrain/contracts/synapses/enrich-data/silver-norm-company-name/silver-norm-company-name-enrich-anaf-fiscal-status.md
silver-norm-company-name-enrich-anaf-tva-status,pathway,enrich-data,silver-norm-company-name,docs/CognitiveBrain/contracts/synapses/enrich-data/silver-norm-company-name/silver-norm-company-name-enrich-anaf-tva-status.md
silver-norm-company-name-enrich-anif-ouai-lookup,pathway,enrich-data,silver-norm-company-name,docs/CognitiveBrain/contracts/synapses/enrich-data/silver-norm-company-name/silver-norm-company-name-enrich-anif-ouai-lookup.md
silver-norm-company-name-enrich-apia-farmer-lookup,pathway,enrich-data,silver-norm-company-name,docs/CognitiveBrain/contracts/synapses/enrich-data/silver-norm-company-name/silver-norm-company-name-enrich-apia-farmer-lookup.md
silver-norm-company-name-enrich-apia-subsidies,pathway,enrich-data,silver-norm-company-name,docs/CognitiveBrain/contracts/synapses/enrich-data/silver-norm-company-name/silver-norm-company-name-enrich-apia-subsidies.md
silver-norm-company-name-enrich-email-discovery,pathway,enrich-data,silver-norm-company-name,docs/CognitiveBrain/contracts/synapses/enrich-data/silver-norm-company-name/silver-norm-company-name-enrich-email-discovery.md
silver-norm-company-name-enrich-email-mx-check,pathway,enrich-data,silver-norm-company-name,docs/CognitiveBrain/contracts/synapses/enrich-data/silver-norm-company-name/silver-norm-company-name-enrich-email-mx-check.md
silver-norm-company-name-enrich-email-provider-detect,pathway,enrich-data,silver-norm-company-name,docs/CognitiveBrain/contracts/synapses/enrich-data/silver-norm-company-name/silver-norm-company-name-enrich-email-provider-detect.md
silver-norm-company-name-enrich-email-role-check,pathway,enrich-data,silver-norm-company-name,docs/CognitiveBrain/contracts/synapses/enrich-data/silver-norm-company-name/silver-norm-company-name-enrich-email-role-check.md
silver-norm-company-name-enrich-email-smtp-verify,pathway,enrich-data,silver-norm-company-name,docs/CognitiveBrain/contracts/synapses/enrich-data/silver-norm-company-name/silver-norm-company-name-enrich-email-smtp-verify.md
silver-norm-company-name-enrich-geo-geocode,pathway,enrich-data,silver-norm-company-name,docs/CognitiveBrain/contracts/synapses/enrich-data/silver-norm-company-name/silver-norm-company-name-enrich-geo-geocode.md
silver-norm-company-name-enrich-geo-siruta-lookup,pathway,enrich-data,silver-norm-company-name,docs/CognitiveBrain/contracts/synapses/enrich-data/silver-norm-company-name/silver-norm-company-name-enrich-geo-siruta-lookup.md
silver-norm-company-name-enrich-madr-cooperative,pathway,enrich-data,silver-norm-company-name,docs/CognitiveBrain/contracts/synapses/enrich-data/silver-norm-company-name/silver-norm-company-name-enrich-madr-cooperative.md
silver-norm-company-name-enrich-madr-producer-groups,pathway,enrich-data,silver-norm-company-name,docs/CognitiveBrain/contracts/synapses/enrich-data/silver-norm-company-name/silver-norm-company-name-enrich-madr-producer-groups.md
silver-norm-company-name-enrich-onrc-capital,pathway,enrich-data,silver-norm-company-name,docs/CognitiveBrain/contracts/synapses/enrich-data/silver-norm-company-name/silver-norm-company-name-enrich-onrc-capital.md
silver-norm-company-name-enrich-onrc-registration,pathway,enrich-data,silver-norm-company-name,docs/CognitiveBrain/contracts/synapses/enrich-data/silver-norm-company-name/silver-norm-company-name-enrich-onrc-registration.md
silver-norm-company-name-enrich-phone-carrier-detect,pathway,enrich-data,silver-norm-company-name,docs/CognitiveBrain/contracts/synapses/enrich-data/silver-norm-company-name/silver-norm-company-name-enrich-phone-carrier-detect.md
silver-norm-company-name-enrich-phone-hlr-lookup,pathway,enrich-data,silver-norm-company-name,docs/CognitiveBrain/contracts/synapses/enrich-data/silver-norm-company-name/silver-norm-company-name-enrich-phone-hlr-lookup.md
silver-norm-company-name-enrich-phone-type-detect,pathway,enrich-data,silver-norm-company-name,docs/CognitiveBrain/contracts/synapses/enrich-data/silver-norm-company-name/silver-norm-company-name-enrich-phone-type-detect.md
silver-norm-company-name-enrich-phone-whatsapp-check,pathway,enrich-data,silver-norm-company-name,docs/CognitiveBrain/contracts/synapses/enrich-data/silver-norm-company-name/silver-norm-company-name-enrich-phone-whatsapp-check.md
silver-norm-company-name-enrich-termene-anaf-debts,pathway,enrich-data,silver-norm-company-name,docs/CognitiveBrain/contracts/synapses/enrich-data/silver-norm-company-name/silver-norm-company-name-enrich-termene-anaf-debts.md
silver-norm-company-name-enrich-termene-balance-sheet,pathway,enrich-data,silver-norm-company-name,docs/CognitiveBrain/contracts/synapses/enrich-data/silver-norm-company-name/silver-norm-company-name-enrich-termene-balance-sheet.md
silver-norm-company-name-enrich-termene-company-base,pathway,enrich-data,silver-norm-company-name,docs/CognitiveBrain/contracts/synapses/enrich-data/silver-norm-company-name/silver-norm-company-name-enrich-termene-company-base.md
silver-norm-company-name-enrich-termene-court-cases,pathway,enrich-data,silver-norm-company-name,docs/CognitiveBrain/contracts/synapses/enrich-data/silver-norm-company-name/silver-norm-company-name-enrich-termene-court-cases.md
silver-norm-company-name-enrich-termene-financials,pathway,enrich-data,silver-norm-company-name,docs/CognitiveBrain/contracts/synapses/enrich-data/silver-norm-company-name/silver-norm-company-name-enrich-termene-financials.md
silver-norm-company-name-enrich-termene-insolvency,pathway,enrich-data,silver-norm-company-name,docs/CognitiveBrain/contracts/synapses/enrich-data/silver-norm-company-name/silver-norm-company-name-enrich-termene-insolvency.md
silver-norm-company-name-enrich-termene-risk-score,pathway,enrich-data,silver-norm-company-name,docs/CognitiveBrain/contracts/synapses/enrich-data/silver-norm-company-name/silver-norm-company-name-enrich-termene-risk-score.md
silver-norm-company-name-enrich-termene-shareholders,pathway,enrich-data,silver-norm-company-name,docs/CognitiveBrain/contracts/synapses/enrich-data/silver-norm-company-name/silver-norm-company-name-enrich-termene-shareholders.md
silver-norm-company-name-enrich-web-contact-extract,pathway,enrich-data,silver-norm-company-name,docs/CognitiveBrain/contracts/synapses/enrich-data/silver-norm-company-name/silver-norm-company-name-enrich-web-contact-extract.md
silver-norm-company-name-enrich-web-fetch,pathway,enrich-data,silver-norm-company-name,docs/CognitiveBrain/contracts/synapses/enrich-data/silver-norm-company-name/silver-norm-company-name-enrich-web-fetch.md
silver-norm-company-name-enrich-web-meta-extract,pathway,enrich-data,silver-norm-company-name,docs/CognitiveBrain/contracts/synapses/enrich-data/silver-norm-company-name/silver-norm-company-name-enrich-web-meta-extract.md
silver-norm-company-name-enrich-web-social-links,pathway,enrich-data,silver-norm-company-name,docs/CognitiveBrain/contracts/synapses/enrich-data/silver-norm-company-name/silver-norm-company-name-enrich-web-social-links.md
silver-norm-company-name-enrich-web-tech-detect,pathway,enrich-data,silver-norm-company-name,docs/CognitiveBrain/contracts/synapses/enrich-data/silver-norm-company-name/silver-norm-company-name-enrich-web-tech-detect.md
silver-norm-company-name-family,pathway,enrich-data,silver-norm-company-name,docs/CognitiveBrain/contracts/synapses/enrich-data/silver-norm-company-name/silver-norm-company-name-family.md
silver-norm-email-enrich-anaf-address,pathway,enrich-data,silver-norm-email,docs/CognitiveBrain/contracts/synapses/enrich-data/silver-norm-email/silver-norm-email-enrich-anaf-address.md
silver-norm-email-enrich-anaf-caen,pathway,enrich-data,silver-norm-email,docs/CognitiveBrain/contracts/synapses/enrich-data/silver-norm-email/silver-norm-email-enrich-anaf-caen.md
silver-norm-email-enrich-anaf-efactura,pathway,enrich-data,silver-norm-email,docs/CognitiveBrain/contracts/synapses/enrich-data/silver-norm-email/silver-norm-email-enrich-anaf-efactura.md
silver-norm-email-enrich-anaf-fiscal-status,pathway,enrich-data,silver-norm-email,docs/CognitiveBrain/contracts/synapses/enrich-data/silver-norm-email/silver-norm-email-enrich-anaf-fiscal-status.md
silver-norm-email-enrich-anaf-tva-status,pathway,enrich-data,silver-norm-email,docs/CognitiveBrain/contracts/synapses/enrich-data/silver-norm-email/silver-norm-email-enrich-anaf-tva-status.md
silver-norm-email-enrich-anif-ouai-lookup,pathway,enrich-data,silver-norm-email,docs/CognitiveBrain/contracts/synapses/enrich-data/silver-norm-email/silver-norm-email-enrich-anif-ouai-lookup.md
silver-norm-email-enrich-apia-farmer-lookup,pathway,enrich-data,silver-norm-email,docs/CognitiveBrain/contracts/synapses/enrich-data/silver-norm-email/silver-norm-email-enrich-apia-farmer-lookup.md
silver-norm-email-enrich-apia-subsidies,pathway,enrich-data,silver-norm-email,docs/CognitiveBrain/contracts/synapses/enrich-data/silver-norm-email/silver-norm-email-enrich-apia-subsidies.md
silver-norm-email-enrich-email-discovery,pathway,enrich-data,silver-norm-email,docs/CognitiveBrain/contracts/synapses/enrich-data/silver-norm-email/silver-norm-email-enrich-email-discovery.md
silver-norm-email-enrich-email-mx-check,pathway,enrich-data,silver-norm-email,docs/CognitiveBrain/contracts/synapses/enrich-data/silver-norm-email/silver-norm-email-enrich-email-mx-check.md
silver-norm-email-enrich-email-provider-detect,pathway,enrich-data,silver-norm-email,docs/CognitiveBrain/contracts/synapses/enrich-data/silver-norm-email/silver-norm-email-enrich-email-provider-detect.md
silver-norm-email-enrich-email-role-check,pathway,enrich-data,silver-norm-email,docs/CognitiveBrain/contracts/synapses/enrich-data/silver-norm-email/silver-norm-email-enrich-email-role-check.md
silver-norm-email-enrich-email-smtp-verify,pathway,enrich-data,silver-norm-email,docs/CognitiveBrain/contracts/synapses/enrich-data/silver-norm-email/silver-norm-email-enrich-email-smtp-verify.md
silver-norm-email-enrich-geo-geocode,pathway,enrich-data,silver-norm-email,docs/CognitiveBrain/contracts/synapses/enrich-data/silver-norm-email/silver-norm-email-enrich-geo-geocode.md
silver-norm-email-enrich-geo-siruta-lookup,pathway,enrich-data,silver-norm-email,docs/CognitiveBrain/contracts/synapses/enrich-data/silver-norm-email/silver-norm-email-enrich-geo-siruta-lookup.md
silver-norm-email-enrich-madr-cooperative,pathway,enrich-data,silver-norm-email,docs/CognitiveBrain/contracts/synapses/enrich-data/silver-norm-email/silver-norm-email-enrich-madr-cooperative.md
silver-norm-email-enrich-madr-producer-groups,pathway,enrich-data,silver-norm-email,docs/CognitiveBrain/contracts/synapses/enrich-data/silver-norm-email/silver-norm-email-enrich-madr-producer-groups.md
silver-norm-email-enrich-onrc-capital,pathway,enrich-data,silver-norm-email,docs/CognitiveBrain/contracts/synapses/enrich-data/silver-norm-email/silver-norm-email-enrich-onrc-capital.md
silver-norm-email-enrich-onrc-registration,pathway,enrich-data,silver-norm-email,docs/CognitiveBrain/contracts/synapses/enrich-data/silver-norm-email/silver-norm-email-enrich-onrc-registration.md
silver-norm-email-enrich-phone-carrier-detect,pathway,enrich-data,silver-norm-email,docs/CognitiveBrain/contracts/synapses/enrich-data/silver-norm-email/silver-norm-email-enrich-phone-carrier-detect.md
silver-norm-email-enrich-phone-hlr-lookup,pathway,enrich-data,silver-norm-email,docs/CognitiveBrain/contracts/synapses/enrich-data/silver-norm-email/silver-norm-email-enrich-phone-hlr-lookup.md
silver-norm-email-enrich-phone-type-detect,pathway,enrich-data,silver-norm-email,docs/CognitiveBrain/contracts/synapses/enrich-data/silver-norm-email/silver-norm-email-enrich-phone-type-detect.md
silver-norm-email-enrich-phone-whatsapp-check,pathway,enrich-data,silver-norm-email,docs/CognitiveBrain/contracts/synapses/enrich-data/silver-norm-email/silver-norm-email-enrich-phone-whatsapp-check.md
silver-norm-email-enrich-termene-anaf-debts,pathway,enrich-data,silver-norm-email,docs/CognitiveBrain/contracts/synapses/enrich-data/silver-norm-email/silver-norm-email-enrich-termene-anaf-debts.md
silver-norm-email-enrich-termene-balance-sheet,pathway,enrich-data,silver-norm-email,docs/CognitiveBrain/contracts/synapses/enrich-data/silver-norm-email/silver-norm-email-enrich-termene-balance-sheet.md
silver-norm-email-enrich-termene-company-base,pathway,enrich-data,silver-norm-email,docs/CognitiveBrain/contracts/synapses/enrich-data/silver-norm-email/silver-norm-email-enrich-termene-company-base.md
silver-norm-email-enrich-termene-court-cases,pathway,enrich-data,silver-norm-email,docs/CognitiveBrain/contracts/synapses/enrich-data/silver-norm-email/silver-norm-email-enrich-termene-court-cases.md
silver-norm-email-enrich-termene-financials,pathway,enrich-data,silver-norm-email,docs/CognitiveBrain/contracts/synapses/enrich-data/silver-norm-email/silver-norm-email-enrich-termene-financials.md
silver-norm-email-enrich-termene-insolvency,pathway,enrich-data,silver-norm-email,docs/CognitiveBrain/contracts/synapses/enrich-data/silver-norm-email/silver-norm-email-enrich-termene-insolvency.md
silver-norm-email-enrich-termene-risk-score,pathway,enrich-data,silver-norm-email,docs/CognitiveBrain/contracts/synapses/enrich-data/silver-norm-email/silver-norm-email-enrich-termene-risk-score.md
silver-norm-email-enrich-termene-shareholders,pathway,enrich-data,silver-norm-email,docs/CognitiveBrain/contracts/synapses/enrich-data/silver-norm-email/silver-norm-email-enrich-termene-shareholders.md
silver-norm-email-enrich-web-contact-extract,pathway,enrich-data,silver-norm-email,docs/CognitiveBrain/contracts/synapses/enrich-data/silver-norm-email/silver-norm-email-enrich-web-contact-extract.md
silver-norm-email-enrich-web-fetch,pathway,enrich-data,silver-norm-email,docs/CognitiveBrain/contracts/synapses/enrich-data/silver-norm-email/silver-norm-email-enrich-web-fetch.md
silver-norm-email-enrich-web-meta-extract,pathway,enrich-data,silver-norm-email,docs/CognitiveBrain/contracts/synapses/enrich-data/silver-norm-email/silver-norm-email-enrich-web-meta-extract.md
silver-norm-email-enrich-web-social-links,pathway,enrich-data,silver-norm-email,docs/CognitiveBrain/contracts/synapses/enrich-data/silver-norm-email/silver-norm-email-enrich-web-social-links.md
silver-norm-email-enrich-web-tech-detect,pathway,enrich-data,silver-norm-email,docs/CognitiveBrain/contracts/synapses/enrich-data/silver-norm-email/silver-norm-email-enrich-web-tech-detect.md
silver-norm-email-family,pathway,enrich-data,silver-norm-email,docs/CognitiveBrain/contracts/synapses/enrich-data/silver-norm-email/silver-norm-email-family.md
silver-norm-phone-e164-enrich-anaf-address,pathway,enrich-data,silver-norm-phone-e164,docs/CognitiveBrain/contracts/synapses/enrich-data/silver-norm-phone-e164/silver-norm-phone-e164-enrich-anaf-address.md
silver-norm-phone-e164-enrich-anaf-caen,pathway,enrich-data,silver-norm-phone-e164,docs/CognitiveBrain/contracts/synapses/enrich-data/silver-norm-phone-e164/silver-norm-phone-e164-enrich-anaf-caen.md
silver-norm-phone-e164-enrich-anaf-efactura,pathway,enrich-data,silver-norm-phone-e164,docs/CognitiveBrain/contracts/synapses/enrich-data/silver-norm-phone-e164/silver-norm-phone-e164-enrich-anaf-efactura.md
silver-norm-phone-e164-enrich-anaf-fiscal-status,pathway,enrich-data,silver-norm-phone-e164,docs/CognitiveBrain/contracts/synapses/enrich-data/silver-norm-phone-e164/silver-norm-phone-e164-enrich-anaf-fiscal-status.md
silver-norm-phone-e164-enrich-anaf-tva-status,pathway,enrich-data,silver-norm-phone-e164,docs/CognitiveBrain/contracts/synapses/enrich-data/silver-norm-phone-e164/silver-norm-phone-e164-enrich-anaf-tva-status.md
silver-norm-phone-e164-enrich-anif-ouai-lookup,pathway,enrich-data,silver-norm-phone-e164,docs/CognitiveBrain/contracts/synapses/enrich-data/silver-norm-phone-e164/silver-norm-phone-e164-enrich-anif-ouai-lookup.md
silver-norm-phone-e164-enrich-apia-farmer-lookup,pathway,enrich-data,silver-norm-phone-e164,docs/CognitiveBrain/contracts/synapses/enrich-data/silver-norm-phone-e164/silver-norm-phone-e164-enrich-apia-farmer-lookup.md
silver-norm-phone-e164-enrich-apia-subsidies,pathway,enrich-data,silver-norm-phone-e164,docs/CognitiveBrain/contracts/synapses/enrich-data/silver-norm-phone-e164/silver-norm-phone-e164-enrich-apia-subsidies.md
silver-norm-phone-e164-enrich-email-discovery,pathway,enrich-data,silver-norm-phone-e164,docs/CognitiveBrain/contracts/synapses/enrich-data/silver-norm-phone-e164/silver-norm-phone-e164-enrich-email-discovery.md
silver-norm-phone-e164-enrich-email-mx-check,pathway,enrich-data,silver-norm-phone-e164,docs/CognitiveBrain/contracts/synapses/enrich-data/silver-norm-phone-e164/silver-norm-phone-e164-enrich-email-mx-check.md
silver-norm-phone-e164-enrich-email-provider-detect,pathway,enrich-data,silver-norm-phone-e164,docs/CognitiveBrain/contracts/synapses/enrich-data/silver-norm-phone-e164/silver-norm-phone-e164-enrich-email-provider-detect.md
silver-norm-phone-e164-enrich-email-role-check,pathway,enrich-data,silver-norm-phone-e164,docs/CognitiveBrain/contracts/synapses/enrich-data/silver-norm-phone-e164/silver-norm-phone-e164-enrich-email-role-check.md
silver-norm-phone-e164-enrich-email-smtp-verify,pathway,enrich-data,silver-norm-phone-e164,docs/CognitiveBrain/contracts/synapses/enrich-data/silver-norm-phone-e164/silver-norm-phone-e164-enrich-email-smtp-verify.md
silver-norm-phone-e164-enrich-geo-geocode,pathway,enrich-data,silver-norm-phone-e164,docs/CognitiveBrain/contracts/synapses/enrich-data/silver-norm-phone-e164/silver-norm-phone-e164-enrich-geo-geocode.md
silver-norm-phone-e164-enrich-geo-siruta-lookup,pathway,enrich-data,silver-norm-phone-e164,docs/CognitiveBrain/contracts/synapses/enrich-data/silver-norm-phone-e164/silver-norm-phone-e164-enrich-geo-siruta-lookup.md
silver-norm-phone-e164-enrich-madr-cooperative,pathway,enrich-data,silver-norm-phone-e164,docs/CognitiveBrain/contracts/synapses/enrich-data/silver-norm-phone-e164/silver-norm-phone-e164-enrich-madr-cooperative.md
silver-norm-phone-e164-enrich-madr-producer-groups,pathway,enrich-data,silver-norm-phone-e164,docs/CognitiveBrain/contracts/synapses/enrich-data/silver-norm-phone-e164/silver-norm-phone-e164-enrich-madr-producer-groups.md
silver-norm-phone-e164-enrich-onrc-capital,pathway,enrich-data,silver-norm-phone-e164,docs/CognitiveBrain/contracts/synapses/enrich-data/silver-norm-phone-e164/silver-norm-phone-e164-enrich-onrc-capital.md
silver-norm-phone-e164-enrich-onrc-registration,pathway,enrich-data,silver-norm-phone-e164,docs/CognitiveBrain/contracts/synapses/enrich-data/silver-norm-phone-e164/silver-norm-phone-e164-enrich-onrc-registration.md
silver-norm-phone-e164-enrich-phone-carrier-detect,pathway,enrich-data,silver-norm-phone-e164,docs/CognitiveBrain/contracts/synapses/enrich-data/silver-norm-phone-e164/silver-norm-phone-e164-enrich-phone-carrier-detect.md
silver-norm-phone-e164-enrich-phone-hlr-lookup,pathway,enrich-data,silver-norm-phone-e164,docs/CognitiveBrain/contracts/synapses/enrich-data/silver-norm-phone-e164/silver-norm-phone-e164-enrich-phone-hlr-lookup.md
silver-norm-phone-e164-enrich-phone-type-detect,pathway,enrich-data,silver-norm-phone-e164,docs/CognitiveBrain/contracts/synapses/enrich-data/silver-norm-phone-e164/silver-norm-phone-e164-enrich-phone-type-detect.md
silver-norm-phone-e164-enrich-phone-whatsapp-check,pathway,enrich-data,silver-norm-phone-e164,docs/CognitiveBrain/contracts/synapses/enrich-data/silver-norm-phone-e164/silver-norm-phone-e164-enrich-phone-whatsapp-check.md
silver-norm-phone-e164-enrich-termene-anaf-debts,pathway,enrich-data,silver-norm-phone-e164,docs/CognitiveBrain/contracts/synapses/enrich-data/silver-norm-phone-e164/silver-norm-phone-e164-enrich-termene-anaf-debts.md
silver-norm-phone-e164-enrich-termene-balance-sheet,pathway,enrich-data,silver-norm-phone-e164,docs/CognitiveBrain/contracts/synapses/enrich-data/silver-norm-phone-e164/silver-norm-phone-e164-enrich-termene-balance-sheet.md
silver-norm-phone-e164-enrich-termene-company-base,pathway,enrich-data,silver-norm-phone-e164,docs/CognitiveBrain/contracts/synapses/enrich-data/silver-norm-phone-e164/silver-norm-phone-e164-enrich-termene-company-base.md
silver-norm-phone-e164-enrich-termene-court-cases,pathway,enrich-data,silver-norm-phone-e164,docs/CognitiveBrain/contracts/synapses/enrich-data/silver-norm-phone-e164/silver-norm-phone-e164-enrich-termene-court-cases.md
silver-norm-phone-e164-enrich-termene-financials,pathway,enrich-data,silver-norm-phone-e164,docs/CognitiveBrain/contracts/synapses/enrich-data/silver-norm-phone-e164/silver-norm-phone-e164-enrich-termene-financials.md
silver-norm-phone-e164-enrich-termene-insolvency,pathway,enrich-data,silver-norm-phone-e164,docs/CognitiveBrain/contracts/synapses/enrich-data/silver-norm-phone-e164/silver-norm-phone-e164-enrich-termene-insolvency.md
silver-norm-phone-e164-enrich-termene-risk-score,pathway,enrich-data,silver-norm-phone-e164,docs/CognitiveBrain/contracts/synapses/enrich-data/silver-norm-phone-e164/silver-norm-phone-e164-enrich-termene-risk-score.md
silver-norm-phone-e164-enrich-termene-shareholders,pathway,enrich-data,silver-norm-phone-e164,docs/CognitiveBrain/contracts/synapses/enrich-data/silver-norm-phone-e164/silver-norm-phone-e164-enrich-termene-shareholders.md
silver-norm-phone-e164-enrich-web-contact-extract,pathway,enrich-data,silver-norm-phone-e164,docs/CognitiveBrain/contracts/synapses/enrich-data/silver-norm-phone-e164/silver-norm-phone-e164-enrich-web-contact-extract.md
silver-norm-phone-e164-enrich-web-fetch,pathway,enrich-data,silver-norm-phone-e164,docs/CognitiveBrain/contracts/synapses/enrich-data/silver-norm-phone-e164/silver-norm-phone-e164-enrich-web-fetch.md
silver-norm-phone-e164-enrich-web-meta-extract,pathway,enrich-data,silver-norm-phone-e164,docs/CognitiveBrain/contracts/synapses/enrich-data/silver-norm-phone-e164/silver-norm-phone-e164-enrich-web-meta-extract.md
silver-norm-phone-e164-enrich-web-social-links,pathway,enrich-data,silver-norm-phone-e164,docs/CognitiveBrain/contracts/synapses/enrich-data/silver-norm-phone-e164/silver-norm-phone-e164-enrich-web-social-links.md
silver-norm-phone-e164-enrich-web-tech-detect,pathway,enrich-data,silver-norm-phone-e164,docs/CognitiveBrain/contracts/synapses/enrich-data/silver-norm-phone-e164/silver-norm-phone-e164-enrich-web-tech-detect.md
silver-norm-phone-e164-family,pathway,enrich-data,silver-norm-phone-e164,docs/CognitiveBrain/contracts/synapses/enrich-data/silver-norm-phone-e164/silver-norm-phone-e164-family.md
silver-quality-completeness-family,pathway,enrich-data,silver-quality-completeness,docs/CognitiveBrain/contracts/synapses/enrich-data/silver-quality-completeness/silver-quality-completeness-family.md
silver-quality-completeness-pipeline-orchestrator-advance,pathway,enrich-data,silver-quality-completeness,docs/CognitiveBrain/contracts/synapses/enrich-data/silver-quality-completeness/silver-quality-completeness-pipeline-orchestrator-advance.md
silver-quality-completeness-pipeline-orchestrator-start,pathway,enrich-data,silver-quality-completeness,docs/CognitiveBrain/contracts/synapses/enrich-data/silver-quality-completeness/silver-quality-completeness-pipeline-orchestrator-start.md
silver-quality-tier-assign-family,pathway,enrich-data,silver-quality-tier-assign,docs/CognitiveBrain/contracts/synapses/enrich-data/silver-quality-tier-assign/silver-quality-tier-assign-family.md
silver-quality-tier-assign-pipeline-orchestrator-advance,pathway,enrich-data,silver-quality-tier-assign,docs/CognitiveBrain/contracts/synapses/enrich-data/silver-quality-tier-assign/silver-quality-tier-assign-pipeline-orchestrator-advance.md
silver-quality-tier-assign-pipeline-orchestrator-start,pathway,enrich-data,silver-quality-tier-assign,docs/CognitiveBrain/contracts/synapses/enrich-data/silver-quality-tier-assign/silver-quality-tier-assign-pipeline-orchestrator-start.md
silver-quality-validation-sum-family,pathway,enrich-data,silver-quality-validation-sum,docs/CognitiveBrain/contracts/synapses/enrich-data/silver-quality-validation-sum/silver-quality-validation-sum-family.md
silver-quality-validation-sum-pipeline-orchestrator-advance,pathway,enrich-data,silver-quality-validation-sum,docs/CognitiveBrain/contracts/synapses/enrich-data/silver-quality-validation-sum/silver-quality-validation-sum-pipeline-orchestrator-advance.md
silver-quality-validation-sum-pipeline-orchestrator-start,pathway,enrich-data,silver-quality-validation-sum,docs/CognitiveBrain/contracts/synapses/enrich-data/silver-quality-validation-sum/silver-quality-validation-sum-pipeline-orchestrator-start.md
e1-enrichment-e5-geo-cross,graph_cross,graph-plan,,docs/CognitiveBrain/contracts/synapses/graph-plan/cross/e1-enrichment-e5-geo-cross.md
e1-quality-e2-orchestrator-cross,graph_cross,graph-plan,,docs/CognitiveBrain/contracts/synapses/graph-plan/cross/e1-quality-e2-orchestrator-cross.md
e2-human-e3-ai-core-cross,graph_cross,graph-plan,,docs/CognitiveBrain/contracts/synapses/graph-plan/cross/e2-human-e3-ai-core-cross.md
e2-lead-fsm-e3-negotiation-cross,graph_cross,graph-plan,,docs/CognitiveBrain/contracts/synapses/graph-plan/cross/e2-lead-fsm-e3-negotiation-cross.md
e3-fiscal-docs-e4-cash-cross,graph_cross,graph-plan,,docs/CognitiveBrain/contracts/synapses/graph-plan/cross/e3-fiscal-docs-e4-cash-cross.md
e3-stock-e4-logistics-cross,graph_cross,graph-plan,,docs/CognitiveBrain/contracts/synapses/graph-plan/cross/e3-stock-e4-logistics-cross.md
e4-alerts-e5-lifecycle-cross,graph_cross,graph-plan,,docs/CognitiveBrain/contracts/synapses/graph-plan/cross/e4-alerts-e5-lifecycle-cross.md
e4-credit-e5-churn-cross,graph_cross,graph-plan,,docs/CognitiveBrain/contracts/synapses/graph-plan/cross/e4-credit-e5-churn-cross.md
e4-logistics-e5-feedback-cross,graph_cross,graph-plan,,docs/CognitiveBrain/contracts/synapses/graph-plan/cross/e4-logistics-e5-feedback-cross.md
e1-ai-enrichment-dedup-familyflow,graph_familyflow,graph-plan,,docs/CognitiveBrain/contracts/synapses/graph-plan/familyflow/e1-ai-enrichment-dedup-familyflow.md
e1-bronze-dedup-ingest-familyflow,graph_familyflow,graph-plan,,docs/CognitiveBrain/contracts/synapses/graph-plan/familyflow/e1-bronze-dedup-ingest-familyflow.md
e1-dedup-merge-familyflow,graph_familyflow,graph-plan,,docs/CognitiveBrain/contracts/synapses/graph-plan/familyflow/e1-dedup-merge-familyflow.md
e1-enrichment-ai-enrichment-familyflow,graph_familyflow,graph-plan,,docs/CognitiveBrain/contracts/synapses/graph-plan/familyflow/e1-enrichment-ai-enrichment-familyflow.md
e1-ingest-normalize-familyflow,graph_familyflow,graph-plan,,docs/CognitiveBrain/contracts/synapses/graph-plan/familyflow/e1-ingest-normalize-familyflow.md
e1-merge-quality-familyflow,graph_familyflow,graph-plan,,docs/CognitiveBrain/contracts/synapses/graph-plan/familyflow/e1-merge-quality-familyflow.md
e1-monitor-hitl-familyflow,graph_familyflow,graph-plan,,docs/CognitiveBrain/contracts/synapses/graph-plan/familyflow/e1-monitor-hitl-familyflow.md
e1-normalize-enrichment-familyflow,graph_familyflow,graph-plan,,docs/CognitiveBrain/contracts/synapses/graph-plan/familyflow/e1-normalize-enrichment-familyflow.md
e1-orchestrator-monitor-familyflow,graph_familyflow,graph-plan,,docs/CognitiveBrain/contracts/synapses/graph-plan/familyflow/e1-orchestrator-monitor-familyflow.md
e1-quality-orchestrator-familyflow,graph_familyflow,graph-plan,,docs/CognitiveBrain/contracts/synapses/graph-plan/familyflow/e1-quality-orchestrator-familyflow.md
e2-ai-analysis-monitoring-familyflow,graph_familyflow,graph-plan,,docs/CognitiveBrain/contracts/synapses/graph-plan/familyflow/e2-ai-analysis-monitoring-familyflow.md
e2-email-cold-email-warm-familyflow,graph_familyflow,graph-plan,,docs/CognitiveBrain/contracts/synapses/graph-plan/familyflow/e2-email-cold-email-warm-familyflow.md
e2-email-warm-webhooks-familyflow,graph_familyflow,graph-plan,,docs/CognitiveBrain/contracts/synapses/graph-plan/familyflow/e2-email-warm-webhooks-familyflow.md
e2-lead-fsm-ai-analysis-familyflow,graph_familyflow,graph-plan,,docs/CognitiveBrain/contracts/synapses/graph-plan/familyflow/e2-lead-fsm-ai-analysis-familyflow.md
e2-monitoring-human-familyflow,graph_familyflow,graph-plan,,docs/CognitiveBrain/contracts/synapses/graph-plan/familyflow/e2-monitoring-human-familyflow.md
e2-orchestrator-templates-familyflow,graph_familyflow,graph-plan,,docs/CognitiveBrain/contracts/synapses/graph-plan/familyflow/e2-orchestrator-templates-familyflow.md
e2-quota-orchestrator-familyflow,graph_familyflow,graph-plan,,docs/CognitiveBrain/contracts/synapses/graph-plan/familyflow/e2-quota-orchestrator-familyflow.md
e2-templates-whatsapp-familyflow,graph_familyflow,graph-plan,,docs/CognitiveBrain/contracts/synapses/graph-plan/familyflow/e2-templates-whatsapp-familyflow.md
e2-webhooks-lead-fsm-familyflow,graph_familyflow,graph-plan,,docs/CognitiveBrain/contracts/synapses/graph-plan/familyflow/e2-webhooks-lead-fsm-familyflow.md
e2-whatsapp-email-cold-familyflow,graph_familyflow,graph-plan,,docs/CognitiveBrain/contracts/synapses/graph-plan/familyflow/e2-whatsapp-email-cold-familyflow.md
e3-ai-core-negotiation-familyflow,graph_familyflow,graph-plan,,docs/CognitiveBrain/contracts/synapses/graph-plan/familyflow/e3-ai-core-negotiation-familyflow.md
e3-channels-human-familyflow,graph_familyflow,graph-plan,,docs/CognitiveBrain/contracts/synapses/graph-plan/familyflow/e3-channels-human-familyflow.md
e3-fiscal-docs-channels-familyflow,graph_familyflow,graph-plan,,docs/CognitiveBrain/contracts/synapses/graph-plan/familyflow/e3-fiscal-docs-channels-familyflow.md
e3-guardrails-fiscal-docs-familyflow,graph_familyflow,graph-plan,,docs/CognitiveBrain/contracts/synapses/graph-plan/familyflow/e3-guardrails-fiscal-docs-familyflow.md
e3-human-ops-familyflow,graph_familyflow,graph-plan,,docs/CognitiveBrain/contracts/synapses/graph-plan/familyflow/e3-human-ops-familyflow.md
e3-negotiation-pricing-familyflow,graph_familyflow,graph-plan,,docs/CognitiveBrain/contracts/synapses/graph-plan/familyflow/e3-negotiation-pricing-familyflow.md
e3-pricing-stock-familyflow,graph_familyflow,graph-plan,,docs/CognitiveBrain/contracts/synapses/graph-plan/familyflow/e3-pricing-stock-familyflow.md
e3-product-search-ai-core-familyflow,graph_familyflow,graph-plan,,docs/CognitiveBrain/contracts/synapses/graph-plan/familyflow/e3-product-search-ai-core-familyflow.md
e3-stock-guardrails-familyflow,graph_familyflow,graph-plan,,docs/CognitiveBrain/contracts/synapses/graph-plan/familyflow/e3-stock-guardrails-familyflow.md
e4-alerts-audit-familyflow,graph_familyflow,graph-plan,,docs/CognitiveBrain/contracts/synapses/graph-plan/familyflow/e4-alerts-audit-familyflow.md
e4-audit-hitl-familyflow,graph_familyflow,graph-plan,,docs/CognitiveBrain/contracts/synapses/graph-plan/familyflow/e4-audit-hitl-familyflow.md
e4-cash-credit-familyflow,graph_familyflow,graph-plan,,docs/CognitiveBrain/contracts/synapses/graph-plan/familyflow/e4-cash-credit-familyflow.md
e4-contracts-logistics-familyflow,graph_familyflow,graph-plan,,docs/CognitiveBrain/contracts/synapses/graph-plan/familyflow/e4-contracts-logistics-familyflow.md
e4-credit-contracts-familyflow,graph_familyflow,graph-plan,,docs/CognitiveBrain/contracts/synapses/graph-plan/familyflow/e4-credit-contracts-familyflow.md
e4-logistics-alerts-familyflow,graph_familyflow,graph-plan,,docs/CognitiveBrain/contracts/synapses/graph-plan/familyflow/e4-logistics-alerts-familyflow.md
e5-alerts-compliance-familyflow,graph_familyflow,graph-plan,,docs/CognitiveBrain/contracts/synapses/graph-plan/familyflow/e5-alerts-compliance-familyflow.md
e5-association-ingest-graph-community-familyflow,graph_familyflow,graph-plan,,docs/CognitiveBrain/contracts/synapses/graph-plan/familyflow/e5-association-ingest-graph-community-familyflow.md
e5-churn-referral-familyflow,graph_familyflow,graph-plan,,docs/CognitiveBrain/contracts/synapses/graph-plan/familyflow/e5-churn-referral-familyflow.md
e5-compliance-winback-familyflow,graph_familyflow,graph-plan,,docs/CognitiveBrain/contracts/synapses/graph-plan/familyflow/e5-compliance-winback-familyflow.md
e5-content-alerts-familyflow,graph_familyflow,graph-plan,,docs/CognitiveBrain/contracts/synapses/graph-plan/familyflow/e5-content-alerts-familyflow.md
e5-feedback-churn-familyflow,graph_familyflow,graph-plan,,docs/CognitiveBrain/contracts/synapses/graph-plan/familyflow/e5-feedback-churn-familyflow.md
e5-geo-lifecycle-familyflow,graph_familyflow,graph-plan,,docs/CognitiveBrain/contracts/synapses/graph-plan/familyflow/e5-geo-lifecycle-familyflow.md
e5-graph-community-geo-familyflow,graph_familyflow,graph-plan,,docs/CognitiveBrain/contracts/synapses/graph-plan/familyflow/e5-graph-community-geo-familyflow.md
e5-lifecycle-feedback-familyflow,graph_familyflow,graph-plan,,docs/CognitiveBrain/contracts/synapses/graph-plan/familyflow/e5-lifecycle-feedback-familyflow.md
e5-referral-content-familyflow,graph_familyflow,graph-plan,,docs/CognitiveBrain/contracts/synapses/graph-plan/familyflow/e5-referral-content-familyflow.md
e5-winback-hitl-familyflow,graph_familyflow,graph-plan,,docs/CognitiveBrain/contracts/synapses/graph-plan/familyflow/e5-winback-hitl-familyflow.md
e1-ai-enrichment-stage,graph_stage,graph-plan,,docs/CognitiveBrain/contracts/synapses/graph-plan/stage/e1-ai-enrichment-stage.md
e1-bronze-dedup-stage,graph_stage,graph-plan,,docs/CognitiveBrain/contracts/synapses/graph-plan/stage/e1-bronze-dedup-stage.md
e1-dedup-stage,graph_stage,graph-plan,,docs/CognitiveBrain/contracts/synapses/graph-plan/stage/e1-dedup-stage.md
e1-enrichment-stage,graph_stage,graph-plan,,docs/CognitiveBrain/contracts/synapses/graph-plan/stage/e1-enrichment-stage.md
e1-hitl-stage,graph_stage,graph-plan,,docs/CognitiveBrain/contracts/synapses/graph-plan/stage/e1-hitl-stage.md
e1-ingest-stage,graph_stage,graph-plan,,docs/CognitiveBrain/contracts/synapses/graph-plan/stage/e1-ingest-stage.md
e1-merge-stage,graph_stage,graph-plan,,docs/CognitiveBrain/contracts/synapses/graph-plan/stage/e1-merge-stage.md
e1-monitor-stage,graph_stage,graph-plan,,docs/CognitiveBrain/contracts/synapses/graph-plan/stage/e1-monitor-stage.md
e1-normalize-stage,graph_stage,graph-plan,,docs/CognitiveBrain/contracts/synapses/graph-plan/stage/e1-normalize-stage.md
e1-orchestrator-stage,graph_stage,graph-plan,,docs/CognitiveBrain/contracts/synapses/graph-plan/stage/e1-orchestrator-stage.md
e1-quality-stage,graph_stage,graph-plan,,docs/CognitiveBrain/contracts/synapses/graph-plan/stage/e1-quality-stage.md
e2-ai-analysis-stage,graph_stage,graph-plan,,docs/CognitiveBrain/contracts/synapses/graph-plan/stage/e2-ai-analysis-stage.md
e2-email-cold-stage,graph_stage,graph-plan,,docs/CognitiveBrain/contracts/synapses/graph-plan/stage/e2-email-cold-stage.md
e2-email-warm-stage,graph_stage,graph-plan,,docs/CognitiveBrain/contracts/synapses/graph-plan/stage/e2-email-warm-stage.md
e2-human-stage,graph_stage,graph-plan,,docs/CognitiveBrain/contracts/synapses/graph-plan/stage/e2-human-stage.md
e2-lead-fsm-stage,graph_stage,graph-plan,,docs/CognitiveBrain/contracts/synapses/graph-plan/stage/e2-lead-fsm-stage.md
e2-monitoring-stage,graph_stage,graph-plan,,docs/CognitiveBrain/contracts/synapses/graph-plan/stage/e2-monitoring-stage.md
e2-orchestrator-stage,graph_stage,graph-plan,,docs/CognitiveBrain/contracts/synapses/graph-plan/stage/e2-orchestrator-stage.md
e2-quota-stage,graph_stage,graph-plan,,docs/CognitiveBrain/contracts/synapses/graph-plan/stage/e2-quota-stage.md
e2-templates-stage,graph_stage,graph-plan,,docs/CognitiveBrain/contracts/synapses/graph-plan/stage/e2-templates-stage.md
e2-webhooks-stage,graph_stage,graph-plan,,docs/CognitiveBrain/contracts/synapses/graph-plan/stage/e2-webhooks-stage.md
e2-whatsapp-stage,graph_stage,graph-plan,,docs/CognitiveBrain/contracts/synapses/graph-plan/stage/e2-whatsapp-stage.md
e3-ai-core-stage,graph_stage,graph-plan,,docs/CognitiveBrain/contracts/synapses/graph-plan/stage/e3-ai-core-stage.md
e3-channels-stage,graph_stage,graph-plan,,docs/CognitiveBrain/contracts/synapses/graph-plan/stage/e3-channels-stage.md
e3-fiscal-docs-stage,graph_stage,graph-plan,,docs/CognitiveBrain/contracts/synapses/graph-plan/stage/e3-fiscal-docs-stage.md
e3-guardrails-stage,graph_stage,graph-plan,,docs/CognitiveBrain/contracts/synapses/graph-plan/stage/e3-guardrails-stage.md
e3-human-stage,graph_stage,graph-plan,,docs/CognitiveBrain/contracts/synapses/graph-plan/stage/e3-human-stage.md
e3-negotiation-stage,graph_stage,graph-plan,,docs/CognitiveBrain/contracts/synapses/graph-plan/stage/e3-negotiation-stage.md
e3-ops-stage,graph_stage,graph-plan,,docs/CognitiveBrain/contracts/synapses/graph-plan/stage/e3-ops-stage.md
e3-pricing-stage,graph_stage,graph-plan,,docs/CognitiveBrain/contracts/synapses/graph-plan/stage/e3-pricing-stage.md
e3-product-search-stage,graph_stage,graph-plan,,docs/CognitiveBrain/contracts/synapses/graph-plan/stage/e3-product-search-stage.md
e3-stock-stage,graph_stage,graph-plan,,docs/CognitiveBrain/contracts/synapses/graph-plan/stage/e3-stock-stage.md
e4-alerts-stage,graph_stage,graph-plan,,docs/CognitiveBrain/contracts/synapses/graph-plan/stage/e4-alerts-stage.md
e4-audit-stage,graph_stage,graph-plan,,docs/CognitiveBrain/contracts/synapses/graph-plan/stage/e4-audit-stage.md
e4-cash-stage,graph_stage,graph-plan,,docs/CognitiveBrain/contracts/synapses/graph-plan/stage/e4-cash-stage.md
e4-contracts-stage,graph_stage,graph-plan,,docs/CognitiveBrain/contracts/synapses/graph-plan/stage/e4-contracts-stage.md
e4-credit-stage,graph_stage,graph-plan,,docs/CognitiveBrain/contracts/synapses/graph-plan/stage/e4-credit-stage.md
e4-hitl-stage,graph_stage,graph-plan,,docs/CognitiveBrain/contracts/synapses/graph-plan/stage/e4-hitl-stage.md
e4-logistics-stage,graph_stage,graph-plan,,docs/CognitiveBrain/contracts/synapses/graph-plan/stage/e4-logistics-stage.md
e5-alerts-stage,graph_stage,graph-plan,,docs/CognitiveBrain/contracts/synapses/graph-plan/stage/e5-alerts-stage.md
e5-association-ingest-stage,graph_stage,graph-plan,,docs/CognitiveBrain/contracts/synapses/graph-plan/stage/e5-association-ingest-stage.md
e5-churn-stage,graph_stage,graph-plan,,docs/CognitiveBrain/contracts/synapses/graph-plan/stage/e5-churn-stage.md
e5-compliance-stage,graph_stage,graph-plan,,docs/CognitiveBrain/contracts/synapses/graph-plan/stage/e5-compliance-stage.md
e5-content-stage,graph_stage,graph-plan,,docs/CognitiveBrain/contracts/synapses/graph-plan/stage/e5-content-stage.md
e5-feedback-stage,graph_stage,graph-plan,,docs/CognitiveBrain/contracts/synapses/graph-plan/stage/e5-feedback-stage.md
e5-geo-stage,graph_stage,graph-plan,,docs/CognitiveBrain/contracts/synapses/graph-plan/stage/e5-geo-stage.md
e5-graph-community-stage,graph_stage,graph-plan,,docs/CognitiveBrain/contracts/synapses/graph-plan/stage/e5-graph-community-stage.md
e5-hitl-stage,graph_stage,graph-plan,,docs/CognitiveBrain/contracts/synapses/graph-plan/stage/e5-hitl-stage.md
e5-lifecycle-stage,graph_stage,graph-plan,,docs/CognitiveBrain/contracts/synapses/graph-plan/stage/e5-lifecycle-stage.md
e5-referral-stage,graph_stage,graph-plan,,docs/CognitiveBrain/contracts/synapses/graph-plan/stage/e5-referral-stage.md
e5-winback-stage,graph_stage,graph-plan,,docs/CognitiveBrain/contracts/synapses/graph-plan/stage/e5-winback-stage.md
hitl-approval-contract-clause-family,pathway,hitl-human,hitl-approval-contract-clause,docs/CognitiveBrain/contracts/synapses/hitl-human/hitl-approval-contract-clause/hitl-approval-contract-clause-family.md
hitl-approval-credit-limit-family,pathway,hitl-human,hitl-approval-credit-limit,docs/CognitiveBrain/contracts/synapses/hitl-human/hitl-approval-credit-limit/hitl-approval-credit-limit-family.md
hitl-approval-credit-override-family,pathway,hitl-human,hitl-approval-credit-override,docs/CognitiveBrain/contracts/synapses/hitl-human/hitl-approval-credit-override/hitl-approval-credit-override-family.md
hitl-approval-refund-large-family,pathway,hitl-human,hitl-approval-refund-large,docs/CognitiveBrain/contracts/synapses/hitl-human/hitl-approval-refund-large/hitl-approval-refund-large-family.md
hitl-approval-return-family,pathway,hitl-human,hitl-approval-return,docs/CognitiveBrain/contracts/synapses/hitl-human/hitl-approval-return/hitl-approval-return-family.md
hitl-dashboard-metrics-family,pathway,hitl-human,hitl-dashboard-metrics,docs/CognitiveBrain/contracts/synapses/hitl-human/hitl-dashboard-metrics/hitl-dashboard-metrics-family.md
hitl-dashboard-sync-family,pathway,hitl-human,hitl-dashboard-sync,docs/CognitiveBrain/contracts/synapses/hitl-human/hitl-dashboard-sync/hitl-dashboard-sync-family.md
hitl-escalation-overdue-family,pathway,hitl-human,hitl-escalation-overdue,docs/CognitiveBrain/contracts/synapses/hitl-human/hitl-escalation-overdue/hitl-escalation-overdue-family.md
hitl-investigation-payment-family,pathway,hitl-human,hitl-investigation-payment,docs/CognitiveBrain/contracts/synapses/hitl-human/hitl-investigation-payment/hitl-investigation-payment-family.md
hitl-task-call-client-family,pathway,hitl-human,hitl-task-call-client,docs/CognitiveBrain/contracts/synapses/hitl-human/hitl-task-call-client/hitl-task-call-client-family.md
hitl-task-create-family,pathway,hitl-human,hitl-task-create,docs/CognitiveBrain/contracts/synapses/hitl-human/hitl-task-create/hitl-task-create-family.md
hitl-task-expire-check-family,pathway,hitl-human,hitl-task-expire-check,docs/CognitiveBrain/contracts/synapses/hitl-human/hitl-task-expire-check/hitl-task-expire-check-family.md
hitl-task-nps-followup-family,pathway,hitl-human,hitl-task-nps-followup,docs/CognitiveBrain/contracts/synapses/hitl-human/hitl-task-nps-followup/hitl-task-nps-followup-family.md
hitl-task-resolve-family,pathway,hitl-human,hitl-task-resolve,docs/CognitiveBrain/contracts/synapses/hitl-human/hitl-task-resolve/hitl-task-resolve-family.md
human-approve-message-family,pathway,hitl-human,human-approve-message,docs/CognitiveBrain/contracts/synapses/hitl-human/human-approve-message/human-approve-message-family.md
human-notification-send-backup-conversations-export,pathway,hitl-human,human-notification-send,docs/CognitiveBrain/contracts/synapses/hitl-human/human-notification-send/human-notification-send-backup-conversations-export.md
human-notification-send-family,pathway,hitl-human,human-notification-send,docs/CognitiveBrain/contracts/synapses/hitl-human/human-notification-send/human-notification-send-family.md
human-notification-send-metrics-llm-usage-aggregate,pathway,hitl-human,human-notification-send,docs/CognitiveBrain/contracts/synapses/hitl-human/human-notification-send/human-notification-send-metrics-llm-usage-aggregate.md
human-notification-send-pipeline-ai-sales-cleanup,pathway,hitl-human,human-notification-send,docs/CognitiveBrain/contracts/synapses/hitl-human/human-notification-send/human-notification-send-pipeline-ai-sales-cleanup.md
human-notification-send-pipeline-ai-sales-health,pathway,hitl-human,human-notification-send,docs/CognitiveBrain/contracts/synapses/hitl-human/human-notification-send/human-notification-send-pipeline-ai-sales-health.md
human-notification-send-pipeline-ai-sales-metrics,pathway,hitl-human,human-notification-send,docs/CognitiveBrain/contracts/synapses/hitl-human/human-notification-send/human-notification-send-pipeline-ai-sales-metrics.md
human-notification-send-report-conversion-analyze,pathway,hitl-human,human-notification-send,docs/CognitiveBrain/contracts/synapses/hitl-human/human-notification-send/human-notification-send-report-conversion-analyze.md
human-notification-send-report-daily-generate,pathway,hitl-human,human-notification-send,docs/CognitiveBrain/contracts/synapses/hitl-human/human-notification-send/human-notification-send-report-daily-generate.md
human-queue-prioritize-backup-conversations-export,pathway,hitl-human,human-queue-prioritize,docs/CognitiveBrain/contracts/synapses/hitl-human/human-queue-prioritize/human-queue-prioritize-backup-conversations-export.md
human-queue-prioritize-family,pathway,hitl-human,human-queue-prioritize,docs/CognitiveBrain/contracts/synapses/hitl-human/human-queue-prioritize/human-queue-prioritize-family.md
human-queue-prioritize-metrics-llm-usage-aggregate,pathway,hitl-human,human-queue-prioritize,docs/CognitiveBrain/contracts/synapses/hitl-human/human-queue-prioritize/human-queue-prioritize-metrics-llm-usage-aggregate.md
human-queue-prioritize-pipeline-ai-sales-cleanup,pathway,hitl-human,human-queue-prioritize,docs/CognitiveBrain/contracts/synapses/hitl-human/human-queue-prioritize/human-queue-prioritize-pipeline-ai-sales-cleanup.md
human-queue-prioritize-pipeline-ai-sales-health,pathway,hitl-human,human-queue-prioritize,docs/CognitiveBrain/contracts/synapses/hitl-human/human-queue-prioritize/human-queue-prioritize-pipeline-ai-sales-health.md
human-queue-prioritize-pipeline-ai-sales-metrics,pathway,hitl-human,human-queue-prioritize,docs/CognitiveBrain/contracts/synapses/hitl-human/human-queue-prioritize/human-queue-prioritize-pipeline-ai-sales-metrics.md
human-queue-prioritize-report-conversion-analyze,pathway,hitl-human,human-queue-prioritize,docs/CognitiveBrain/contracts/synapses/hitl-human/human-queue-prioritize/human-queue-prioritize-report-conversion-analyze.md
human-queue-prioritize-report-daily-generate,pathway,hitl-human,human-queue-prioritize,docs/CognitiveBrain/contracts/synapses/hitl-human/human-queue-prioritize/human-queue-prioritize-report-daily-generate.md
human-review-queue-family,pathway,hitl-human,human-review-queue,docs/CognitiveBrain/contracts/synapses/hitl-human/human-review-queue/human-review-queue-family.md
human-takeover-complete-family,pathway,hitl-human,human-takeover-complete,docs/CognitiveBrain/contracts/synapses/hitl-human/human-takeover-complete/human-takeover-complete-family.md
human-takeover-initiate-family,pathway,hitl-human,human-takeover-initiate,docs/CognitiveBrain/contracts/synapses/hitl-human/human-takeover-initiate/human-takeover-initiate-family.md
churn-alert-escalate-campaign-cluster-launch,pathway,lifecycle-growth,churn-alert-escalate,docs/CognitiveBrain/contracts/synapses/lifecycle-growth/churn-alert-escalate/churn-alert-escalate-campaign-cluster-launch.md
churn-alert-escalate-family,pathway,lifecycle-growth,churn-alert-escalate,docs/CognitiveBrain/contracts/synapses/lifecycle-growth/churn-alert-escalate/churn-alert-escalate-family.md
churn-alert-escalate-referral-consent-expire,pathway,lifecycle-growth,churn-alert-escalate,docs/CognitiveBrain/contracts/synapses/lifecycle-growth/churn-alert-escalate/churn-alert-escalate-referral-consent-expire.md
churn-alert-escalate-referral-consent-request,pathway,lifecycle-growth,churn-alert-escalate,docs/CognitiveBrain/contracts/synapses/lifecycle-growth/churn-alert-escalate/churn-alert-escalate-referral-consent-request.md
churn-alert-escalate-referral-eligibility-check,pathway,lifecycle-growth,churn-alert-escalate,docs/CognitiveBrain/contracts/synapses/lifecycle-growth/churn-alert-escalate/churn-alert-escalate-referral-eligibility-check.md
churn-alert-escalate-referral-neighbor-approach,pathway,lifecycle-growth,churn-alert-escalate,docs/CognitiveBrain/contracts/synapses/lifecycle-growth/churn-alert-escalate/churn-alert-escalate-referral-neighbor-approach.md
churn-alert-escalate-referral-potential-tag,pathway,lifecycle-growth,churn-alert-escalate,docs/CognitiveBrain/contracts/synapses/lifecycle-growth/churn-alert-escalate/churn-alert-escalate-referral-potential-tag.md
churn-alert-escalate-referral-request-prepare,pathway,lifecycle-growth,churn-alert-escalate,docs/CognitiveBrain/contracts/synapses/lifecycle-growth/churn-alert-escalate/churn-alert-escalate-referral-request-prepare.md
churn-alert-escalate-referral-request-send,pathway,lifecycle-growth,churn-alert-escalate,docs/CognitiveBrain/contracts/synapses/lifecycle-growth/churn-alert-escalate/churn-alert-escalate-referral-request-send.md
churn-alert-escalate-referral-response-process,pathway,lifecycle-growth,churn-alert-escalate,docs/CognitiveBrain/contracts/synapses/lifecycle-growth/churn-alert-escalate/churn-alert-escalate-referral-response-process.md
churn-alert-escalate-referral-reward-process,pathway,lifecycle-growth,churn-alert-escalate,docs/CognitiveBrain/contracts/synapses/lifecycle-growth/churn-alert-escalate/churn-alert-escalate-referral-reward-process.md
churn-behavior-detect-campaign-cluster-launch,pathway,lifecycle-growth,churn-behavior-detect,docs/CognitiveBrain/contracts/synapses/lifecycle-growth/churn-behavior-detect/churn-behavior-detect-campaign-cluster-launch.md
churn-behavior-detect-family,pathway,lifecycle-growth,churn-behavior-detect,docs/CognitiveBrain/contracts/synapses/lifecycle-growth/churn-behavior-detect/churn-behavior-detect-family.md
churn-behavior-detect-referral-consent-expire,pathway,lifecycle-growth,churn-behavior-detect,docs/CognitiveBrain/contracts/synapses/lifecycle-growth/churn-behavior-detect/churn-behavior-detect-referral-consent-expire.md
churn-behavior-detect-referral-consent-request,pathway,lifecycle-growth,churn-behavior-detect,docs/CognitiveBrain/contracts/synapses/lifecycle-growth/churn-behavior-detect/churn-behavior-detect-referral-consent-request.md
churn-behavior-detect-referral-eligibility-check,pathway,lifecycle-growth,churn-behavior-detect,docs/CognitiveBrain/contracts/synapses/lifecycle-growth/churn-behavior-detect/churn-behavior-detect-referral-eligibility-check.md
churn-behavior-detect-referral-neighbor-approach,pathway,lifecycle-growth,churn-behavior-detect,docs/CognitiveBrain/contracts/synapses/lifecycle-growth/churn-behavior-detect/churn-behavior-detect-referral-neighbor-approach.md
churn-behavior-detect-referral-potential-tag,pathway,lifecycle-growth,churn-behavior-detect,docs/CognitiveBrain/contracts/synapses/lifecycle-growth/churn-behavior-detect/churn-behavior-detect-referral-potential-tag.md
churn-behavior-detect-referral-request-prepare,pathway,lifecycle-growth,churn-behavior-detect,docs/CognitiveBrain/contracts/synapses/lifecycle-growth/churn-behavior-detect/churn-behavior-detect-referral-request-prepare.md
churn-behavior-detect-referral-request-send,pathway,lifecycle-growth,churn-behavior-detect,docs/CognitiveBrain/contracts/synapses/lifecycle-growth/churn-behavior-detect/churn-behavior-detect-referral-request-send.md
churn-behavior-detect-referral-response-process,pathway,lifecycle-growth,churn-behavior-detect,docs/CognitiveBrain/contracts/synapses/lifecycle-growth/churn-behavior-detect/churn-behavior-detect-referral-response-process.md
churn-behavior-detect-referral-reward-process,pathway,lifecycle-growth,churn-behavior-detect,docs/CognitiveBrain/contracts/synapses/lifecycle-growth/churn-behavior-detect/churn-behavior-detect-referral-reward-process.md
churn-recovery-attempt-campaign-cluster-launch,pathway,lifecycle-growth,churn-recovery-attempt,docs/CognitiveBrain/contracts/synapses/lifecycle-growth/churn-recovery-attempt/churn-recovery-attempt-campaign-cluster-launch.md
churn-recovery-attempt-family,pathway,lifecycle-growth,churn-recovery-attempt,docs/CognitiveBrain/contracts/synapses/lifecycle-growth/churn-recovery-attempt/churn-recovery-attempt-family.md
churn-recovery-attempt-referral-consent-expire,pathway,lifecycle-growth,churn-recovery-attempt,docs/CognitiveBrain/contracts/synapses/lifecycle-growth/churn-recovery-attempt/churn-recovery-attempt-referral-consent-expire.md
churn-recovery-attempt-referral-consent-request,pathway,lifecycle-growth,churn-recovery-attempt,docs/CognitiveBrain/contracts/synapses/lifecycle-growth/churn-recovery-attempt/churn-recovery-attempt-referral-consent-request.md
churn-recovery-attempt-referral-eligibility-check,pathway,lifecycle-growth,churn-recovery-attempt,docs/CognitiveBrain/contracts/synapses/lifecycle-growth/churn-recovery-attempt/churn-recovery-attempt-referral-eligibility-check.md
churn-recovery-attempt-referral-neighbor-approach,pathway,lifecycle-growth,churn-recovery-attempt,docs/CognitiveBrain/contracts/synapses/lifecycle-growth/churn-recovery-attempt/churn-recovery-attempt-referral-neighbor-approach.md
churn-recovery-attempt-referral-potential-tag,pathway,lifecycle-growth,churn-recovery-attempt,docs/CognitiveBrain/contracts/synapses/lifecycle-growth/churn-recovery-attempt/churn-recovery-attempt-referral-potential-tag.md
churn-recovery-attempt-referral-request-prepare,pathway,lifecycle-growth,churn-recovery-attempt,docs/CognitiveBrain/contracts/synapses/lifecycle-growth/churn-recovery-attempt/churn-recovery-attempt-referral-request-prepare.md
churn-recovery-attempt-referral-request-send,pathway,lifecycle-growth,churn-recovery-attempt,docs/CognitiveBrain/contracts/synapses/lifecycle-growth/churn-recovery-attempt/churn-recovery-attempt-referral-request-send.md
churn-recovery-attempt-referral-response-process,pathway,lifecycle-growth,churn-recovery-attempt,docs/CognitiveBrain/contracts/synapses/lifecycle-growth/churn-recovery-attempt/churn-recovery-attempt-referral-response-process.md
churn-recovery-attempt-referral-reward-process,pathway,lifecycle-growth,churn-recovery-attempt,docs/CognitiveBrain/contracts/synapses/lifecycle-growth/churn-recovery-attempt/churn-recovery-attempt-referral-reward-process.md
churn-recovery-check-campaign-cluster-launch,pathway,lifecycle-growth,churn-recovery-check,docs/CognitiveBrain/contracts/synapses/lifecycle-growth/churn-recovery-check/churn-recovery-check-campaign-cluster-launch.md
churn-recovery-check-family,pathway,lifecycle-growth,churn-recovery-check,docs/CognitiveBrain/contracts/synapses/lifecycle-growth/churn-recovery-check/churn-recovery-check-family.md
churn-recovery-check-referral-consent-expire,pathway,lifecycle-growth,churn-recovery-check,docs/CognitiveBrain/contracts/synapses/lifecycle-growth/churn-recovery-check/churn-recovery-check-referral-consent-expire.md
churn-recovery-check-referral-consent-request,pathway,lifecycle-growth,churn-recovery-check,docs/CognitiveBrain/contracts/synapses/lifecycle-growth/churn-recovery-check/churn-recovery-check-referral-consent-request.md
churn-recovery-check-referral-eligibility-check,pathway,lifecycle-growth,churn-recovery-check,docs/CognitiveBrain/contracts/synapses/lifecycle-growth/churn-recovery-check/churn-recovery-check-referral-eligibility-check.md
churn-recovery-check-referral-neighbor-approach,pathway,lifecycle-growth,churn-recovery-check,docs/CognitiveBrain/contracts/synapses/lifecycle-growth/churn-recovery-check/churn-recovery-check-referral-neighbor-approach.md
churn-recovery-check-referral-potential-tag,pathway,lifecycle-growth,churn-recovery-check,docs/CognitiveBrain/contracts/synapses/lifecycle-growth/churn-recovery-check/churn-recovery-check-referral-potential-tag.md
churn-recovery-check-referral-request-prepare,pathway,lifecycle-growth,churn-recovery-check,docs/CognitiveBrain/contracts/synapses/lifecycle-growth/churn-recovery-check/churn-recovery-check-referral-request-prepare.md
churn-recovery-check-referral-request-send,pathway,lifecycle-growth,churn-recovery-check,docs/CognitiveBrain/contracts/synapses/lifecycle-growth/churn-recovery-check/churn-recovery-check-referral-request-send.md
churn-recovery-check-referral-response-process,pathway,lifecycle-growth,churn-recovery-check,docs/CognitiveBrain/contracts/synapses/lifecycle-growth/churn-recovery-check/churn-recovery-check-referral-response-process.md
churn-recovery-check-referral-reward-process,pathway,lifecycle-growth,churn-recovery-check,docs/CognitiveBrain/contracts/synapses/lifecycle-growth/churn-recovery-check/churn-recovery-check-referral-reward-process.md
churn-sentiment-analyze-campaign-cluster-launch,pathway,lifecycle-growth,churn-sentiment-analyze,docs/CognitiveBrain/contracts/synapses/lifecycle-growth/churn-sentiment-analyze/churn-sentiment-analyze-campaign-cluster-launch.md
churn-sentiment-analyze-family,pathway,lifecycle-growth,churn-sentiment-analyze,docs/CognitiveBrain/contracts/synapses/lifecycle-growth/churn-sentiment-analyze/churn-sentiment-analyze-family.md
churn-sentiment-analyze-referral-consent-expire,pathway,lifecycle-growth,churn-sentiment-analyze,docs/CognitiveBrain/contracts/synapses/lifecycle-growth/churn-sentiment-analyze/churn-sentiment-analyze-referral-consent-expire.md
churn-sentiment-analyze-referral-consent-request,pathway,lifecycle-growth,churn-sentiment-analyze,docs/CognitiveBrain/contracts/synapses/lifecycle-growth/churn-sentiment-analyze/churn-sentiment-analyze-referral-consent-request.md
churn-sentiment-analyze-referral-eligibility-check,pathway,lifecycle-growth,churn-sentiment-analyze,docs/CognitiveBrain/contracts/synapses/lifecycle-growth/churn-sentiment-analyze/churn-sentiment-analyze-referral-eligibility-check.md
churn-sentiment-analyze-referral-neighbor-approach,pathway,lifecycle-growth,churn-sentiment-analyze,docs/CognitiveBrain/contracts/synapses/lifecycle-growth/churn-sentiment-analyze/churn-sentiment-analyze-referral-neighbor-approach.md
churn-sentiment-analyze-referral-potential-tag,pathway,lifecycle-growth,churn-sentiment-analyze,docs/CognitiveBrain/contracts/synapses/lifecycle-growth/churn-sentiment-analyze/churn-sentiment-analyze-referral-potential-tag.md
churn-sentiment-analyze-referral-request-prepare,pathway,lifecycle-growth,churn-sentiment-analyze,docs/CognitiveBrain/contracts/synapses/lifecycle-growth/churn-sentiment-analyze/churn-sentiment-analyze-referral-request-prepare.md
churn-sentiment-analyze-referral-request-send,pathway,lifecycle-growth,churn-sentiment-analyze,docs/CognitiveBrain/contracts/synapses/lifecycle-growth/churn-sentiment-analyze/churn-sentiment-analyze-referral-request-send.md
churn-sentiment-analyze-referral-response-process,pathway,lifecycle-growth,churn-sentiment-analyze,docs/CognitiveBrain/contracts/synapses/lifecycle-growth/churn-sentiment-analyze/churn-sentiment-analyze-referral-response-process.md
churn-sentiment-analyze-referral-reward-process,pathway,lifecycle-growth,churn-sentiment-analyze,docs/CognitiveBrain/contracts/synapses/lifecycle-growth/churn-sentiment-analyze/churn-sentiment-analyze-referral-reward-process.md
churn-signal-create-campaign-cluster-launch,pathway,lifecycle-growth,churn-signal-create,docs/CognitiveBrain/contracts/synapses/lifecycle-growth/churn-signal-create/churn-signal-create-campaign-cluster-launch.md
churn-signal-create-family,pathway,lifecycle-growth,churn-signal-create,docs/CognitiveBrain/contracts/synapses/lifecycle-growth/churn-signal-create/churn-signal-create-family.md
churn-signal-create-referral-consent-expire,pathway,lifecycle-growth,churn-signal-create,docs/CognitiveBrain/contracts/synapses/lifecycle-growth/churn-signal-create/churn-signal-create-referral-consent-expire.md
churn-signal-create-referral-consent-request,pathway,lifecycle-growth,churn-signal-create,docs/CognitiveBrain/contracts/synapses/lifecycle-growth/churn-signal-create/churn-signal-create-referral-consent-request.md
churn-signal-create-referral-eligibility-check,pathway,lifecycle-growth,churn-signal-create,docs/CognitiveBrain/contracts/synapses/lifecycle-growth/churn-signal-create/churn-signal-create-referral-eligibility-check.md
churn-signal-create-referral-neighbor-approach,pathway,lifecycle-growth,churn-signal-create,docs/CognitiveBrain/contracts/synapses/lifecycle-growth/churn-signal-create/churn-signal-create-referral-neighbor-approach.md
churn-signal-create-referral-potential-tag,pathway,lifecycle-growth,churn-signal-create,docs/CognitiveBrain/contracts/synapses/lifecycle-growth/churn-signal-create/churn-signal-create-referral-potential-tag.md
churn-signal-create-referral-request-prepare,pathway,lifecycle-growth,churn-signal-create,docs/CognitiveBrain/contracts/synapses/lifecycle-growth/churn-signal-create/churn-signal-create-referral-request-prepare.md
churn-signal-create-referral-request-send,pathway,lifecycle-growth,churn-signal-create,docs/CognitiveBrain/contracts/synapses/lifecycle-growth/churn-signal-create/churn-signal-create-referral-request-send.md
churn-signal-create-referral-response-process,pathway,lifecycle-growth,churn-signal-create,docs/CognitiveBrain/contracts/synapses/lifecycle-growth/churn-signal-create/churn-signal-create-referral-response-process.md
churn-signal-create-referral-reward-process,pathway,lifecycle-growth,churn-signal-create,docs/CognitiveBrain/contracts/synapses/lifecycle-growth/churn-signal-create/churn-signal-create-referral-reward-process.md
compliance-audit-generate-family,pathway,lifecycle-growth,compliance-audit-generate,docs/CognitiveBrain/contracts/synapses/lifecycle-growth/compliance-audit-generate/compliance-audit-generate-family.md
compliance-audit-generate-winback-campaign-enroll,pathway,lifecycle-growth,compliance-audit-generate,docs/CognitiveBrain/contracts/synapses/lifecycle-growth/compliance-audit-generate/compliance-audit-generate-winback-campaign-enroll.md
compliance-audit-generate-winback-step-execute,pathway,lifecycle-growth,compliance-audit-generate,docs/CognitiveBrain/contracts/synapses/lifecycle-growth/compliance-audit-generate/compliance-audit-generate-winback-step-execute.md
compliance-audit-generate-winback-trigger-subsidy,pathway,lifecycle-growth,compliance-audit-generate,docs/CognitiveBrain/contracts/synapses/lifecycle-growth/compliance-audit-generate/compliance-audit-generate-winback-trigger-subsidy.md
compliance-audit-generate-winback-trigger-weather,pathway,lifecycle-growth,compliance-audit-generate,docs/CognitiveBrain/contracts/synapses/lifecycle-growth/compliance-audit-generate/compliance-audit-generate-winback-trigger-weather.md
compliance-consent-check-family,pathway,lifecycle-growth,compliance-consent-check,docs/CognitiveBrain/contracts/synapses/lifecycle-growth/compliance-consent-check/compliance-consent-check-family.md
compliance-consent-check-winback-campaign-enroll,pathway,lifecycle-growth,compliance-consent-check,docs/CognitiveBrain/contracts/synapses/lifecycle-growth/compliance-consent-check/compliance-consent-check-winback-campaign-enroll.md
compliance-consent-check-winback-step-execute,pathway,lifecycle-growth,compliance-consent-check,docs/CognitiveBrain/contracts/synapses/lifecycle-growth/compliance-consent-check/compliance-consent-check-winback-step-execute.md
compliance-consent-check-winback-trigger-subsidy,pathway,lifecycle-growth,compliance-consent-check,docs/CognitiveBrain/contracts/synapses/lifecycle-growth/compliance-consent-check/compliance-consent-check-winback-trigger-subsidy.md
compliance-consent-check-winback-trigger-weather,pathway,lifecycle-growth,compliance-consent-check,docs/CognitiveBrain/contracts/synapses/lifecycle-growth/compliance-consent-check/compliance-consent-check-winback-trigger-weather.md
compliance-data-anonymize-family,pathway,lifecycle-growth,compliance-data-anonymize,docs/CognitiveBrain/contracts/synapses/lifecycle-growth/compliance-data-anonymize/compliance-data-anonymize-family.md
compliance-data-anonymize-winback-campaign-enroll,pathway,lifecycle-growth,compliance-data-anonymize,docs/CognitiveBrain/contracts/synapses/lifecycle-growth/compliance-data-anonymize/compliance-data-anonymize-winback-campaign-enroll.md
compliance-data-anonymize-winback-step-execute,pathway,lifecycle-growth,compliance-data-anonymize,docs/CognitiveBrain/contracts/synapses/lifecycle-growth/compliance-data-anonymize/compliance-data-anonymize-winback-step-execute.md
compliance-data-anonymize-winback-trigger-subsidy,pathway,lifecycle-growth,compliance-data-anonymize,docs/CognitiveBrain/contracts/synapses/lifecycle-growth/compliance-data-anonymize/compliance-data-anonymize-winback-trigger-subsidy.md
compliance-data-anonymize-winback-trigger-weather,pathway,lifecycle-growth,compliance-data-anonymize,docs/CognitiveBrain/contracts/synapses/lifecycle-growth/compliance-data-anonymize/compliance-data-anonymize-winback-trigger-weather.md
compliance-optout-process-family,pathway,lifecycle-growth,compliance-optout-process,docs/CognitiveBrain/contracts/synapses/lifecycle-growth/compliance-optout-process/compliance-optout-process-family.md
compliance-optout-process-winback-campaign-enroll,pathway,lifecycle-growth,compliance-optout-process,docs/CognitiveBrain/contracts/synapses/lifecycle-growth/compliance-optout-process/compliance-optout-process-winback-campaign-enroll.md
compliance-optout-process-winback-step-execute,pathway,lifecycle-growth,compliance-optout-process,docs/CognitiveBrain/contracts/synapses/lifecycle-growth/compliance-optout-process/compliance-optout-process-winback-step-execute.md
compliance-optout-process-winback-trigger-subsidy,pathway,lifecycle-growth,compliance-optout-process,docs/CognitiveBrain/contracts/synapses/lifecycle-growth/compliance-optout-process/compliance-optout-process-winback-trigger-subsidy.md
compliance-optout-process-winback-trigger-weather,pathway,lifecycle-growth,compliance-optout-process,docs/CognitiveBrain/contracts/synapses/lifecycle-growth/compliance-optout-process/compliance-optout-process-winback-trigger-weather.md
content-drip-schedule-alert-client-referral-reward,pathway,lifecycle-growth,content-drip-schedule,docs/CognitiveBrain/contracts/synapses/lifecycle-growth/content-drip-schedule/content-drip-schedule-alert-client-referral-reward.md
content-drip-schedule-alert-client-welcome,pathway,lifecycle-growth,content-drip-schedule,docs/CognitiveBrain/contracts/synapses/lifecycle-growth/content-drip-schedule/content-drip-schedule-alert-client-welcome.md
content-drip-schedule-alert-internal-campaign-launched,pathway,lifecycle-growth,content-drip-schedule,docs/CognitiveBrain/contracts/synapses/lifecycle-growth/content-drip-schedule/content-drip-schedule-alert-internal-campaign-launched.md
content-drip-schedule-alert-internal-churn-daily,pathway,lifecycle-growth,content-drip-schedule,docs/CognitiveBrain/contracts/synapses/lifecycle-growth/content-drip-schedule/content-drip-schedule-alert-internal-churn-daily.md
content-drip-schedule-alert-internal-competitor-price,pathway,lifecycle-growth,content-drip-schedule,docs/CognitiveBrain/contracts/synapses/lifecycle-growth/content-drip-schedule/content-drip-schedule-alert-internal-competitor-price.md
content-drip-schedule-alert-internal-delivery-cluster,pathway,lifecycle-growth,content-drip-schedule,docs/CognitiveBrain/contracts/synapses/lifecycle-growth/content-drip-schedule/content-drip-schedule-alert-internal-delivery-cluster.md
content-drip-schedule-alert-internal-nps-drop,pathway,lifecycle-growth,content-drip-schedule,docs/CognitiveBrain/contracts/synapses/lifecycle-growth/content-drip-schedule/content-drip-schedule-alert-internal-nps-drop.md
content-drip-schedule-family,pathway,lifecycle-growth,content-drip-schedule,docs/CognitiveBrain/contracts/synapses/lifecycle-growth/content-drip-schedule/content-drip-schedule-family.md
content-drip-schedule-trigger-subsidy-calendar,pathway,lifecycle-growth,content-drip-schedule,docs/CognitiveBrain/contracts/synapses/lifecycle-growth/content-drip-schedule/content-drip-schedule-trigger-subsidy-calendar.md
content-drip-send-alert-client-referral-reward,pathway,lifecycle-growth,content-drip-send,docs/CognitiveBrain/contracts/synapses/lifecycle-growth/content-drip-send/content-drip-send-alert-client-referral-reward.md
content-drip-send-alert-client-welcome,pathway,lifecycle-growth,content-drip-send,docs/CognitiveBrain/contracts/synapses/lifecycle-growth/content-drip-send/content-drip-send-alert-client-welcome.md
content-drip-send-alert-internal-campaign-launched,pathway,lifecycle-growth,content-drip-send,docs/CognitiveBrain/contracts/synapses/lifecycle-growth/content-drip-send/content-drip-send-alert-internal-campaign-launched.md
content-drip-send-alert-internal-churn-daily,pathway,lifecycle-growth,content-drip-send,docs/CognitiveBrain/contracts/synapses/lifecycle-growth/content-drip-send/content-drip-send-alert-internal-churn-daily.md
content-drip-send-alert-internal-competitor-price,pathway,lifecycle-growth,content-drip-send,docs/CognitiveBrain/contracts/synapses/lifecycle-growth/content-drip-send/content-drip-send-alert-internal-competitor-price.md
content-drip-send-alert-internal-delivery-cluster,pathway,lifecycle-growth,content-drip-send,docs/CognitiveBrain/contracts/synapses/lifecycle-growth/content-drip-send/content-drip-send-alert-internal-delivery-cluster.md
content-drip-send-alert-internal-nps-drop,pathway,lifecycle-growth,content-drip-send,docs/CognitiveBrain/contracts/synapses/lifecycle-growth/content-drip-send/content-drip-send-alert-internal-nps-drop.md
content-drip-send-family,pathway,lifecycle-growth,content-drip-send,docs/CognitiveBrain/contracts/synapses/lifecycle-growth/content-drip-send/content-drip-send-family.md
content-drip-send-trigger-subsidy-calendar,pathway,lifecycle-growth,content-drip-send,docs/CognitiveBrain/contracts/synapses/lifecycle-growth/content-drip-send/content-drip-send-trigger-subsidy-calendar.md
content-personalize-ai-alert-client-referral-reward,pathway,lifecycle-growth,content-personalize-ai,docs/CognitiveBrain/contracts/synapses/lifecycle-growth/content-personalize-ai/content-personalize-ai-alert-client-referral-reward.md
content-personalize-ai-alert-client-welcome,pathway,lifecycle-growth,content-personalize-ai,docs/CognitiveBrain/contracts/synapses/lifecycle-growth/content-personalize-ai/content-personalize-ai-alert-client-welcome.md
content-personalize-ai-alert-internal-campaign-launched,pathway,lifecycle-growth,content-personalize-ai,docs/CognitiveBrain/contracts/synapses/lifecycle-growth/content-personalize-ai/content-personalize-ai-alert-internal-campaign-launched.md
content-personalize-ai-alert-internal-churn-daily,pathway,lifecycle-growth,content-personalize-ai,docs/CognitiveBrain/contracts/synapses/lifecycle-growth/content-personalize-ai/content-personalize-ai-alert-internal-churn-daily.md
content-personalize-ai-alert-internal-competitor-price,pathway,lifecycle-growth,content-personalize-ai,docs/CognitiveBrain/contracts/synapses/lifecycle-growth/content-personalize-ai/content-personalize-ai-alert-internal-competitor-price.md
content-personalize-ai-alert-internal-delivery-cluster,pathway,lifecycle-growth,content-personalize-ai,docs/CognitiveBrain/contracts/synapses/lifecycle-growth/content-personalize-ai/content-personalize-ai-alert-internal-delivery-cluster.md
content-personalize-ai-alert-internal-nps-drop,pathway,lifecycle-growth,content-personalize-ai,docs/CognitiveBrain/contracts/synapses/lifecycle-growth/content-personalize-ai/content-personalize-ai-alert-internal-nps-drop.md
content-personalize-ai-family,pathway,lifecycle-growth,content-personalize-ai,docs/CognitiveBrain/contracts/synapses/lifecycle-growth/content-personalize-ai/content-personalize-ai-family.md
content-personalize-ai-trigger-subsidy-calendar,pathway,lifecycle-growth,content-personalize-ai,docs/CognitiveBrain/contracts/synapses/lifecycle-growth/content-personalize-ai/content-personalize-ai-trigger-subsidy-calendar.md
content-seasonal-generate-alert-client-referral-reward,pathway,lifecycle-growth,content-seasonal-generate,docs/CognitiveBrain/contracts/synapses/lifecycle-growth/content-seasonal-generate/content-seasonal-generate-alert-client-referral-reward.md
content-seasonal-generate-alert-client-welcome,pathway,lifecycle-growth,content-seasonal-generate,docs/CognitiveBrain/contracts/synapses/lifecycle-growth/content-seasonal-generate/content-seasonal-generate-alert-client-welcome.md
content-seasonal-generate-alert-internal-campaign-launched,pathway,lifecycle-growth,content-seasonal-generate,docs/CognitiveBrain/contracts/synapses/lifecycle-growth/content-seasonal-generate/content-seasonal-generate-alert-internal-campaign-launched.md
content-seasonal-generate-alert-internal-churn-daily,pathway,lifecycle-growth,content-seasonal-generate,docs/CognitiveBrain/contracts/synapses/lifecycle-growth/content-seasonal-generate/content-seasonal-generate-alert-internal-churn-daily.md
content-seasonal-generate-alert-internal-competitor-price,pathway,lifecycle-growth,content-seasonal-generate,docs/CognitiveBrain/contracts/synapses/lifecycle-growth/content-seasonal-generate/content-seasonal-generate-alert-internal-competitor-price.md
content-seasonal-generate-alert-internal-delivery-cluster,pathway,lifecycle-growth,content-seasonal-generate,docs/CognitiveBrain/contracts/synapses/lifecycle-growth/content-seasonal-generate/content-seasonal-generate-alert-internal-delivery-cluster.md
content-seasonal-generate-alert-internal-nps-drop,pathway,lifecycle-growth,content-seasonal-generate,docs/CognitiveBrain/contracts/synapses/lifecycle-growth/content-seasonal-generate/content-seasonal-generate-alert-internal-nps-drop.md
content-seasonal-generate-family,pathway,lifecycle-growth,content-seasonal-generate,docs/CognitiveBrain/contracts/synapses/lifecycle-growth/content-seasonal-generate/content-seasonal-generate-family.md
content-seasonal-generate-trigger-subsidy-calendar,pathway,lifecycle-growth,content-seasonal-generate,docs/CognitiveBrain/contracts/synapses/lifecycle-growth/content-seasonal-generate/content-seasonal-generate-trigger-subsidy-calendar.md
feedback-competitor-log-churn-alert-escalate,pathway,lifecycle-growth,feedback-competitor-log,docs/CognitiveBrain/contracts/synapses/lifecycle-growth/feedback-competitor-log/feedback-competitor-log-churn-alert-escalate.md
feedback-competitor-log-churn-behavior-detect,pathway,lifecycle-growth,feedback-competitor-log,docs/CognitiveBrain/contracts/synapses/lifecycle-growth/feedback-competitor-log/feedback-competitor-log-churn-behavior-detect.md
feedback-competitor-log-churn-recovery-attempt,pathway,lifecycle-growth,feedback-competitor-log,docs/CognitiveBrain/contracts/synapses/lifecycle-growth/feedback-competitor-log/feedback-competitor-log-churn-recovery-attempt.md
feedback-competitor-log-churn-recovery-check,pathway,lifecycle-growth,feedback-competitor-log,docs/CognitiveBrain/contracts/synapses/lifecycle-growth/feedback-competitor-log/feedback-competitor-log-churn-recovery-check.md
feedback-competitor-log-churn-sentiment-analyze,pathway,lifecycle-growth,feedback-competitor-log,docs/CognitiveBrain/contracts/synapses/lifecycle-growth/feedback-competitor-log/feedback-competitor-log-churn-sentiment-analyze.md
feedback-competitor-log-churn-signal-create,pathway,lifecycle-growth,feedback-competitor-log,docs/CognitiveBrain/contracts/synapses/lifecycle-growth/feedback-competitor-log/feedback-competitor-log-churn-signal-create.md
feedback-competitor-log-family,pathway,lifecycle-growth,feedback-competitor-log,docs/CognitiveBrain/contracts/synapses/lifecycle-growth/feedback-competitor-log/feedback-competitor-log-family.md
feedback-conversation-analyze-churn-alert-escalate,pathway,lifecycle-growth,feedback-conversation-analyze,docs/CognitiveBrain/contracts/synapses/lifecycle-growth/feedback-conversation-analyze/feedback-conversation-analyze-churn-alert-escalate.md
feedback-conversation-analyze-churn-behavior-detect,pathway,lifecycle-growth,feedback-conversation-analyze,docs/CognitiveBrain/contracts/synapses/lifecycle-growth/feedback-conversation-analyze/feedback-conversation-analyze-churn-behavior-detect.md
feedback-conversation-analyze-churn-recovery-attempt,pathway,lifecycle-growth,feedback-conversation-analyze,docs/CognitiveBrain/contracts/synapses/lifecycle-growth/feedback-conversation-analyze/feedback-conversation-analyze-churn-recovery-attempt.md
feedback-conversation-analyze-churn-recovery-check,pathway,lifecycle-growth,feedback-conversation-analyze,docs/CognitiveBrain/contracts/synapses/lifecycle-growth/feedback-conversation-analyze/feedback-conversation-analyze-churn-recovery-check.md
feedback-conversation-analyze-churn-sentiment-analyze,pathway,lifecycle-growth,feedback-conversation-analyze,docs/CognitiveBrain/contracts/synapses/lifecycle-growth/feedback-conversation-analyze/feedback-conversation-analyze-churn-sentiment-analyze.md
feedback-conversation-analyze-churn-signal-create,pathway,lifecycle-growth,feedback-conversation-analyze,docs/CognitiveBrain/contracts/synapses/lifecycle-growth/feedback-conversation-analyze/feedback-conversation-analyze-churn-signal-create.md
feedback-conversation-analyze-family,pathway,lifecycle-growth,feedback-conversation-analyze,docs/CognitiveBrain/contracts/synapses/lifecycle-growth/feedback-conversation-analyze/feedback-conversation-analyze-family.md
feedback-entity-store-churn-alert-escalate,pathway,lifecycle-growth,feedback-entity-store,docs/CognitiveBrain/contracts/synapses/lifecycle-growth/feedback-entity-store/feedback-entity-store-churn-alert-escalate.md
feedback-entity-store-churn-behavior-detect,pathway,lifecycle-growth,feedback-entity-store,docs/CognitiveBrain/contracts/synapses/lifecycle-growth/feedback-entity-store/feedback-entity-store-churn-behavior-detect.md
feedback-entity-store-churn-recovery-attempt,pathway,lifecycle-growth,feedback-entity-store,docs/CognitiveBrain/contracts/synapses/lifecycle-growth/feedback-entity-store/feedback-entity-store-churn-recovery-attempt.md
feedback-entity-store-churn-recovery-check,pathway,lifecycle-growth,feedback-entity-store,docs/CognitiveBrain/contracts/synapses/lifecycle-growth/feedback-entity-store/feedback-entity-store-churn-recovery-check.md
feedback-entity-store-churn-sentiment-analyze,pathway,lifecycle-growth,feedback-entity-store,docs/CognitiveBrain/contracts/synapses/lifecycle-growth/feedback-entity-store/feedback-entity-store-churn-sentiment-analyze.md
feedback-entity-store-churn-signal-create,pathway,lifecycle-growth,feedback-entity-store,docs/CognitiveBrain/contracts/synapses/lifecycle-growth/feedback-entity-store/feedback-entity-store-churn-signal-create.md
feedback-entity-store-family,pathway,lifecycle-growth,feedback-entity-store,docs/CognitiveBrain/contracts/synapses/lifecycle-growth/feedback-entity-store/feedback-entity-store-family.md
feedback-nps-aggregate-churn-alert-escalate,pathway,lifecycle-growth,feedback-nps-aggregate,docs/CognitiveBrain/contracts/synapses/lifecycle-growth/feedback-nps-aggregate/feedback-nps-aggregate-churn-alert-escalate.md
feedback-nps-aggregate-churn-behavior-detect,pathway,lifecycle-growth,feedback-nps-aggregate,docs/CognitiveBrain/contracts/synapses/lifecycle-growth/feedback-nps-aggregate/feedback-nps-aggregate-churn-behavior-detect.md
feedback-nps-aggregate-churn-recovery-attempt,pathway,lifecycle-growth,feedback-nps-aggregate,docs/CognitiveBrain/contracts/synapses/lifecycle-growth/feedback-nps-aggregate/feedback-nps-aggregate-churn-recovery-attempt.md
feedback-nps-aggregate-churn-recovery-check,pathway,lifecycle-growth,feedback-nps-aggregate,docs/CognitiveBrain/contracts/synapses/lifecycle-growth/feedback-nps-aggregate/feedback-nps-aggregate-churn-recovery-check.md
feedback-nps-aggregate-churn-sentiment-analyze,pathway,lifecycle-growth,feedback-nps-aggregate,docs/CognitiveBrain/contracts/synapses/lifecycle-growth/feedback-nps-aggregate/feedback-nps-aggregate-churn-sentiment-analyze.md
feedback-nps-aggregate-churn-signal-create,pathway,lifecycle-growth,feedback-nps-aggregate,docs/CognitiveBrain/contracts/synapses/lifecycle-growth/feedback-nps-aggregate/feedback-nps-aggregate-churn-signal-create.md
feedback-nps-aggregate-family,pathway,lifecycle-growth,feedback-nps-aggregate,docs/CognitiveBrain/contracts/synapses/lifecycle-growth/feedback-nps-aggregate/feedback-nps-aggregate-family.md
feedback-sentiment-analyze-churn-alert-escalate,pathway,lifecycle-growth,feedback-sentiment-analyze,docs/CognitiveBrain/contracts/synapses/lifecycle-growth/feedback-sentiment-analyze/feedback-sentiment-analyze-churn-alert-escalate.md
feedback-sentiment-analyze-churn-behavior-detect,pathway,lifecycle-growth,feedback-sentiment-analyze,docs/CognitiveBrain/contracts/synapses/lifecycle-growth/feedback-sentiment-analyze/feedback-sentiment-analyze-churn-behavior-detect.md
feedback-sentiment-analyze-churn-recovery-attempt,pathway,lifecycle-growth,feedback-sentiment-analyze,docs/CognitiveBrain/contracts/synapses/lifecycle-growth/feedback-sentiment-analyze/feedback-sentiment-analyze-churn-recovery-attempt.md
feedback-sentiment-analyze-churn-recovery-check,pathway,lifecycle-growth,feedback-sentiment-analyze,docs/CognitiveBrain/contracts/synapses/lifecycle-growth/feedback-sentiment-analyze/feedback-sentiment-analyze-churn-recovery-check.md
feedback-sentiment-analyze-churn-sentiment-analyze,pathway,lifecycle-growth,feedback-sentiment-analyze,docs/CognitiveBrain/contracts/synapses/lifecycle-growth/feedback-sentiment-analyze/feedback-sentiment-analyze-churn-sentiment-analyze.md
feedback-sentiment-analyze-churn-signal-create,pathway,lifecycle-growth,feedback-sentiment-analyze,docs/CognitiveBrain/contracts/synapses/lifecycle-growth/feedback-sentiment-analyze/feedback-sentiment-analyze-churn-signal-create.md
feedback-sentiment-analyze-family,pathway,lifecycle-growth,feedback-sentiment-analyze,docs/CognitiveBrain/contracts/synapses/lifecycle-growth/feedback-sentiment-analyze/feedback-sentiment-analyze-family.md
feedback-writeback-crm-churn-alert-escalate,pathway,lifecycle-growth,feedback-writeback-crm,docs/CognitiveBrain/contracts/synapses/lifecycle-growth/feedback-writeback-crm/feedback-writeback-crm-churn-alert-escalate.md
feedback-writeback-crm-churn-behavior-detect,pathway,lifecycle-growth,feedback-writeback-crm,docs/CognitiveBrain/contracts/synapses/lifecycle-growth/feedback-writeback-crm/feedback-writeback-crm-churn-behavior-detect.md
feedback-writeback-crm-churn-recovery-attempt,pathway,lifecycle-growth,feedback-writeback-crm,docs/CognitiveBrain/contracts/synapses/lifecycle-growth/feedback-writeback-crm/feedback-writeback-crm-churn-recovery-attempt.md
feedback-writeback-crm-churn-recovery-check,pathway,lifecycle-growth,feedback-writeback-crm,docs/CognitiveBrain/contracts/synapses/lifecycle-growth/feedback-writeback-crm/feedback-writeback-crm-churn-recovery-check.md
feedback-writeback-crm-churn-sentiment-analyze,pathway,lifecycle-growth,feedback-writeback-crm,docs/CognitiveBrain/contracts/synapses/lifecycle-growth/feedback-writeback-crm/feedback-writeback-crm-churn-sentiment-analyze.md
feedback-writeback-crm-churn-signal-create,pathway,lifecycle-growth,feedback-writeback-crm,docs/CognitiveBrain/contracts/synapses/lifecycle-growth/feedback-writeback-crm/feedback-writeback-crm-churn-signal-create.md
feedback-writeback-crm-family,pathway,lifecycle-growth,feedback-writeback-crm,docs/CognitiveBrain/contracts/synapses/lifecycle-growth/feedback-writeback-crm/feedback-writeback-crm-family.md
geo-cluster-analyze-family,pathway,lifecycle-growth,geo-cluster-analyze,docs/CognitiveBrain/contracts/synapses/lifecycle-growth/geo-cluster-analyze/geo-cluster-analyze-family.md
geo-cluster-analyze-nurturing-engagement-track,pathway,lifecycle-growth,geo-cluster-analyze,docs/CognitiveBrain/contracts/synapses/lifecycle-growth/geo-cluster-analyze/geo-cluster-analyze-nurturing-engagement-track.md
geo-cluster-analyze-nurturing-loyalty-achieved,pathway,lifecycle-growth,geo-cluster-analyze,docs/CognitiveBrain/contracts/synapses/lifecycle-growth/geo-cluster-analyze/geo-cluster-analyze-nurturing-loyalty-achieved.md
geo-cluster-analyze-nurturing-loyalty-check,pathway,lifecycle-growth,geo-cluster-analyze,docs/CognitiveBrain/contracts/synapses/lifecycle-growth/geo-cluster-analyze/geo-cluster-analyze-nurturing-loyalty-check.md
geo-cluster-analyze-nurturing-nps-process,pathway,lifecycle-growth,geo-cluster-analyze,docs/CognitiveBrain/contracts/synapses/lifecycle-growth/geo-cluster-analyze/geo-cluster-analyze-nurturing-nps-process.md
geo-cluster-analyze-nurturing-nps-send,pathway,lifecycle-growth,geo-cluster-analyze,docs/CognitiveBrain/contracts/synapses/lifecycle-growth/geo-cluster-analyze/geo-cluster-analyze-nurturing-nps-send.md
geo-cluster-analyze-nurturing-onboarding-complete,pathway,lifecycle-growth,geo-cluster-analyze,docs/CognitiveBrain/contracts/synapses/lifecycle-growth/geo-cluster-analyze/geo-cluster-analyze-nurturing-onboarding-complete.md
geo-cluster-analyze-nurturing-onboarding-start,pathway,lifecycle-growth,geo-cluster-analyze,docs/CognitiveBrain/contracts/synapses/lifecycle-growth/geo-cluster-analyze/geo-cluster-analyze-nurturing-onboarding-start.md
geo-cluster-analyze-nurturing-onboarding-step,pathway,lifecycle-growth,geo-cluster-analyze,docs/CognitiveBrain/contracts/synapses/lifecycle-growth/geo-cluster-analyze/geo-cluster-analyze-nurturing-onboarding-step.md
geo-cluster-analyze-nurturing-state-transition,pathway,lifecycle-growth,geo-cluster-analyze,docs/CognitiveBrain/contracts/synapses/lifecycle-growth/geo-cluster-analyze/geo-cluster-analyze-nurturing-state-transition.md
geo-delivery-optimize-family,pathway,lifecycle-growth,geo-delivery-optimize,docs/CognitiveBrain/contracts/synapses/lifecycle-growth/geo-delivery-optimize/geo-delivery-optimize-family.md
geo-delivery-optimize-nurturing-engagement-track,pathway,lifecycle-growth,geo-delivery-optimize,docs/CognitiveBrain/contracts/synapses/lifecycle-growth/geo-delivery-optimize/geo-delivery-optimize-nurturing-engagement-track.md
geo-delivery-optimize-nurturing-loyalty-achieved,pathway,lifecycle-growth,geo-delivery-optimize,docs/CognitiveBrain/contracts/synapses/lifecycle-growth/geo-delivery-optimize/geo-delivery-optimize-nurturing-loyalty-achieved.md
geo-delivery-optimize-nurturing-loyalty-check,pathway,lifecycle-growth,geo-delivery-optimize,docs/CognitiveBrain/contracts/synapses/lifecycle-growth/geo-delivery-optimize/geo-delivery-optimize-nurturing-loyalty-check.md
geo-delivery-optimize-nurturing-nps-process,pathway,lifecycle-growth,geo-delivery-optimize,docs/CognitiveBrain/contracts/synapses/lifecycle-growth/geo-delivery-optimize/geo-delivery-optimize-nurturing-nps-process.md
geo-delivery-optimize-nurturing-nps-send,pathway,lifecycle-growth,geo-delivery-optimize,docs/CognitiveBrain/contracts/synapses/lifecycle-growth/geo-delivery-optimize/geo-delivery-optimize-nurturing-nps-send.md
geo-delivery-optimize-nurturing-onboarding-complete,pathway,lifecycle-growth,geo-delivery-optimize,docs/CognitiveBrain/contracts/synapses/lifecycle-growth/geo-delivery-optimize/geo-delivery-optimize-nurturing-onboarding-complete.md
geo-delivery-optimize-nurturing-onboarding-start,pathway,lifecycle-growth,geo-delivery-optimize,docs/CognitiveBrain/contracts/synapses/lifecycle-growth/geo-delivery-optimize/geo-delivery-optimize-nurturing-onboarding-start.md
geo-delivery-optimize-nurturing-onboarding-step,pathway,lifecycle-growth,geo-delivery-optimize,docs/CognitiveBrain/contracts/synapses/lifecycle-growth/geo-delivery-optimize/geo-delivery-optimize-nurturing-onboarding-step.md
geo-delivery-optimize-nurturing-state-transition,pathway,lifecycle-growth,geo-delivery-optimize,docs/CognitiveBrain/contracts/synapses/lifecycle-growth/geo-delivery-optimize/geo-delivery-optimize-nurturing-state-transition.md
geo-neighbor-find-family,pathway,lifecycle-growth,geo-neighbor-find,docs/CognitiveBrain/contracts/synapses/lifecycle-growth/geo-neighbor-find/geo-neighbor-find-family.md
geo-neighbor-find-nurturing-engagement-track,pathway,lifecycle-growth,geo-neighbor-find,docs/CognitiveBrain/contracts/synapses/lifecycle-growth/geo-neighbor-find/geo-neighbor-find-nurturing-engagement-track.md
geo-neighbor-find-nurturing-loyalty-achieved,pathway,lifecycle-growth,geo-neighbor-find,docs/CognitiveBrain/contracts/synapses/lifecycle-growth/geo-neighbor-find/geo-neighbor-find-nurturing-loyalty-achieved.md
geo-neighbor-find-nurturing-loyalty-check,pathway,lifecycle-growth,geo-neighbor-find,docs/CognitiveBrain/contracts/synapses/lifecycle-growth/geo-neighbor-find/geo-neighbor-find-nurturing-loyalty-check.md
geo-neighbor-find-nurturing-nps-process,pathway,lifecycle-growth,geo-neighbor-find,docs/CognitiveBrain/contracts/synapses/lifecycle-growth/geo-neighbor-find/geo-neighbor-find-nurturing-nps-process.md
geo-neighbor-find-nurturing-nps-send,pathway,lifecycle-growth,geo-neighbor-find,docs/CognitiveBrain/contracts/synapses/lifecycle-growth/geo-neighbor-find/geo-neighbor-find-nurturing-nps-send.md
geo-neighbor-find-nurturing-onboarding-complete,pathway,lifecycle-growth,geo-neighbor-find,docs/CognitiveBrain/contracts/synapses/lifecycle-growth/geo-neighbor-find/geo-neighbor-find-nurturing-onboarding-complete.md
geo-neighbor-find-nurturing-onboarding-start,pathway,lifecycle-growth,geo-neighbor-find,docs/CognitiveBrain/contracts/synapses/lifecycle-growth/geo-neighbor-find/geo-neighbor-find-nurturing-onboarding-start.md
geo-neighbor-find-nurturing-onboarding-step,pathway,lifecycle-growth,geo-neighbor-find,docs/CognitiveBrain/contracts/synapses/lifecycle-growth/geo-neighbor-find/geo-neighbor-find-nurturing-onboarding-step.md
geo-neighbor-find-nurturing-state-transition,pathway,lifecycle-growth,geo-neighbor-find,docs/CognitiveBrain/contracts/synapses/lifecycle-growth/geo-neighbor-find/geo-neighbor-find-nurturing-state-transition.md
geo-territory-map-family,pathway,lifecycle-growth,geo-territory-map,docs/CognitiveBrain/contracts/synapses/lifecycle-growth/geo-territory-map/geo-territory-map-family.md
geo-territory-map-nurturing-engagement-track,pathway,lifecycle-growth,geo-territory-map,docs/CognitiveBrain/contracts/synapses/lifecycle-growth/geo-territory-map/geo-territory-map-nurturing-engagement-track.md
geo-territory-map-nurturing-loyalty-achieved,pathway,lifecycle-growth,geo-territory-map,docs/CognitiveBrain/contracts/synapses/lifecycle-growth/geo-territory-map/geo-territory-map-nurturing-loyalty-achieved.md
geo-territory-map-nurturing-loyalty-check,pathway,lifecycle-growth,geo-territory-map,docs/CognitiveBrain/contracts/synapses/lifecycle-growth/geo-territory-map/geo-territory-map-nurturing-loyalty-check.md
geo-territory-map-nurturing-nps-process,pathway,lifecycle-growth,geo-territory-map,docs/CognitiveBrain/contracts/synapses/lifecycle-growth/geo-territory-map/geo-territory-map-nurturing-nps-process.md
geo-territory-map-nurturing-nps-send,pathway,lifecycle-growth,geo-territory-map,docs/CognitiveBrain/contracts/synapses/lifecycle-growth/geo-territory-map/geo-territory-map-nurturing-nps-send.md
geo-territory-map-nurturing-onboarding-complete,pathway,lifecycle-growth,geo-territory-map,docs/CognitiveBrain/contracts/synapses/lifecycle-growth/geo-territory-map/geo-territory-map-nurturing-onboarding-complete.md
geo-territory-map-nurturing-onboarding-start,pathway,lifecycle-growth,geo-territory-map,docs/CognitiveBrain/contracts/synapses/lifecycle-growth/geo-territory-map/geo-territory-map-nurturing-onboarding-start.md
geo-territory-map-nurturing-onboarding-step,pathway,lifecycle-growth,geo-territory-map,docs/CognitiveBrain/contracts/synapses/lifecycle-growth/geo-territory-map/geo-territory-map-nurturing-onboarding-step.md
geo-territory-map-nurturing-state-transition,pathway,lifecycle-growth,geo-territory-map,docs/CognitiveBrain/contracts/synapses/lifecycle-growth/geo-territory-map/geo-territory-map-nurturing-state-transition.md
geo-weather-correlate-family,pathway,lifecycle-growth,geo-weather-correlate,docs/CognitiveBrain/contracts/synapses/lifecycle-growth/geo-weather-correlate/geo-weather-correlate-family.md
geo-weather-correlate-nurturing-engagement-track,pathway,lifecycle-growth,geo-weather-correlate,docs/CognitiveBrain/contracts/synapses/lifecycle-growth/geo-weather-correlate/geo-weather-correlate-nurturing-engagement-track.md
geo-weather-correlate-nurturing-loyalty-achieved,pathway,lifecycle-growth,geo-weather-correlate,docs/CognitiveBrain/contracts/synapses/lifecycle-growth/geo-weather-correlate/geo-weather-correlate-nurturing-loyalty-achieved.md
geo-weather-correlate-nurturing-loyalty-check,pathway,lifecycle-growth,geo-weather-correlate,docs/CognitiveBrain/contracts/synapses/lifecycle-growth/geo-weather-correlate/geo-weather-correlate-nurturing-loyalty-check.md
geo-weather-correlate-nurturing-nps-process,pathway,lifecycle-growth,geo-weather-correlate,docs/CognitiveBrain/contracts/synapses/lifecycle-growth/geo-weather-correlate/geo-weather-correlate-nurturing-nps-process.md
geo-weather-correlate-nurturing-nps-send,pathway,lifecycle-growth,geo-weather-correlate,docs/CognitiveBrain/contracts/synapses/lifecycle-growth/geo-weather-correlate/geo-weather-correlate-nurturing-nps-send.md
geo-weather-correlate-nurturing-onboarding-complete,pathway,lifecycle-growth,geo-weather-correlate,docs/CognitiveBrain/contracts/synapses/lifecycle-growth/geo-weather-correlate/geo-weather-correlate-nurturing-onboarding-complete.md
geo-weather-correlate-nurturing-onboarding-start,pathway,lifecycle-growth,geo-weather-correlate,docs/CognitiveBrain/contracts/synapses/lifecycle-growth/geo-weather-correlate/geo-weather-correlate-nurturing-onboarding-start.md
geo-weather-correlate-nurturing-onboarding-step,pathway,lifecycle-growth,geo-weather-correlate,docs/CognitiveBrain/contracts/synapses/lifecycle-growth/geo-weather-correlate/geo-weather-correlate-nurturing-onboarding-step.md
geo-weather-correlate-nurturing-state-transition,pathway,lifecycle-growth,geo-weather-correlate,docs/CognitiveBrain/contracts/synapses/lifecycle-growth/geo-weather-correlate/geo-weather-correlate-nurturing-state-transition.md
nurturing-engagement-track-family,pathway,lifecycle-growth,nurturing-engagement-track,docs/CognitiveBrain/contracts/synapses/lifecycle-growth/nurturing-engagement-track/nurturing-engagement-track-family.md
nurturing-engagement-track-feedback-competitor-log,pathway,lifecycle-growth,nurturing-engagement-track,docs/CognitiveBrain/contracts/synapses/lifecycle-growth/nurturing-engagement-track/nurturing-engagement-track-feedback-competitor-log.md
nurturing-engagement-track-feedback-conversation-analyze,pathway,lifecycle-growth,nurturing-engagement-track,docs/CognitiveBrain/contracts/synapses/lifecycle-growth/nurturing-engagement-track/nurturing-engagement-track-feedback-conversation-analyze.md
nurturing-engagement-track-feedback-entity-store,pathway,lifecycle-growth,nurturing-engagement-track,docs/CognitiveBrain/contracts/synapses/lifecycle-growth/nurturing-engagement-track/nurturing-engagement-track-feedback-entity-store.md
nurturing-engagement-track-feedback-nps-aggregate,pathway,lifecycle-growth,nurturing-engagement-track,docs/CognitiveBrain/contracts/synapses/lifecycle-growth/nurturing-engagement-track/nurturing-engagement-track-feedback-nps-aggregate.md
nurturing-engagement-track-feedback-sentiment-analyze,pathway,lifecycle-growth,nurturing-engagement-track,docs/CognitiveBrain/contracts/synapses/lifecycle-growth/nurturing-engagement-track/nurturing-engagement-track-feedback-sentiment-analyze.md
nurturing-engagement-track-feedback-writeback-crm,pathway,lifecycle-growth,nurturing-engagement-track,docs/CognitiveBrain/contracts/synapses/lifecycle-growth/nurturing-engagement-track/nurturing-engagement-track-feedback-writeback-crm.md
nurturing-loyalty-achieved-family,pathway,lifecycle-growth,nurturing-loyalty-achieved,docs/CognitiveBrain/contracts/synapses/lifecycle-growth/nurturing-loyalty-achieved/nurturing-loyalty-achieved-family.md
nurturing-loyalty-achieved-feedback-competitor-log,pathway,lifecycle-growth,nurturing-loyalty-achieved,docs/CognitiveBrain/contracts/synapses/lifecycle-growth/nurturing-loyalty-achieved/nurturing-loyalty-achieved-feedback-competitor-log.md
nurturing-loyalty-achieved-feedback-conversation-analyze,pathway,lifecycle-growth,nurturing-loyalty-achieved,docs/CognitiveBrain/contracts/synapses/lifecycle-growth/nurturing-loyalty-achieved/nurturing-loyalty-achieved-feedback-conversation-analyze.md
nurturing-loyalty-achieved-feedback-entity-store,pathway,lifecycle-growth,nurturing-loyalty-achieved,docs/CognitiveBrain/contracts/synapses/lifecycle-growth/nurturing-loyalty-achieved/nurturing-loyalty-achieved-feedback-entity-store.md
nurturing-loyalty-achieved-feedback-nps-aggregate,pathway,lifecycle-growth,nurturing-loyalty-achieved,docs/CognitiveBrain/contracts/synapses/lifecycle-growth/nurturing-loyalty-achieved/nurturing-loyalty-achieved-feedback-nps-aggregate.md
nurturing-loyalty-achieved-feedback-sentiment-analyze,pathway,lifecycle-growth,nurturing-loyalty-achieved,docs/CognitiveBrain/contracts/synapses/lifecycle-growth/nurturing-loyalty-achieved/nurturing-loyalty-achieved-feedback-sentiment-analyze.md
nurturing-loyalty-achieved-feedback-writeback-crm,pathway,lifecycle-growth,nurturing-loyalty-achieved,docs/CognitiveBrain/contracts/synapses/lifecycle-growth/nurturing-loyalty-achieved/nurturing-loyalty-achieved-feedback-writeback-crm.md
nurturing-loyalty-check-family,pathway,lifecycle-growth,nurturing-loyalty-check,docs/CognitiveBrain/contracts/synapses/lifecycle-growth/nurturing-loyalty-check/nurturing-loyalty-check-family.md
nurturing-loyalty-check-feedback-competitor-log,pathway,lifecycle-growth,nurturing-loyalty-check,docs/CognitiveBrain/contracts/synapses/lifecycle-growth/nurturing-loyalty-check/nurturing-loyalty-check-feedback-competitor-log.md
nurturing-loyalty-check-feedback-conversation-analyze,pathway,lifecycle-growth,nurturing-loyalty-check,docs/CognitiveBrain/contracts/synapses/lifecycle-growth/nurturing-loyalty-check/nurturing-loyalty-check-feedback-conversation-analyze.md
nurturing-loyalty-check-feedback-entity-store,pathway,lifecycle-growth,nurturing-loyalty-check,docs/CognitiveBrain/contracts/synapses/lifecycle-growth/nurturing-loyalty-check/nurturing-loyalty-check-feedback-entity-store.md
nurturing-loyalty-check-feedback-nps-aggregate,pathway,lifecycle-growth,nurturing-loyalty-check,docs/CognitiveBrain/contracts/synapses/lifecycle-growth/nurturing-loyalty-check/nurturing-loyalty-check-feedback-nps-aggregate.md
nurturing-loyalty-check-feedback-sentiment-analyze,pathway,lifecycle-growth,nurturing-loyalty-check,docs/CognitiveBrain/contracts/synapses/lifecycle-growth/nurturing-loyalty-check/nurturing-loyalty-check-feedback-sentiment-analyze.md
nurturing-loyalty-check-feedback-writeback-crm,pathway,lifecycle-growth,nurturing-loyalty-check,docs/CognitiveBrain/contracts/synapses/lifecycle-growth/nurturing-loyalty-check/nurturing-loyalty-check-feedback-writeback-crm.md
nurturing-nps-process-family,pathway,lifecycle-growth,nurturing-nps-process,docs/CognitiveBrain/contracts/synapses/lifecycle-growth/nurturing-nps-process/nurturing-nps-process-family.md
nurturing-nps-process-feedback-competitor-log,pathway,lifecycle-growth,nurturing-nps-process,docs/CognitiveBrain/contracts/synapses/lifecycle-growth/nurturing-nps-process/nurturing-nps-process-feedback-competitor-log.md
nurturing-nps-process-feedback-conversation-analyze,pathway,lifecycle-growth,nurturing-nps-process,docs/CognitiveBrain/contracts/synapses/lifecycle-growth/nurturing-nps-process/nurturing-nps-process-feedback-conversation-analyze.md
nurturing-nps-process-feedback-entity-store,pathway,lifecycle-growth,nurturing-nps-process,docs/CognitiveBrain/contracts/synapses/lifecycle-growth/nurturing-nps-process/nurturing-nps-process-feedback-entity-store.md
nurturing-nps-process-feedback-nps-aggregate,pathway,lifecycle-growth,nurturing-nps-process,docs/CognitiveBrain/contracts/synapses/lifecycle-growth/nurturing-nps-process/nurturing-nps-process-feedback-nps-aggregate.md
nurturing-nps-process-feedback-sentiment-analyze,pathway,lifecycle-growth,nurturing-nps-process,docs/CognitiveBrain/contracts/synapses/lifecycle-growth/nurturing-nps-process/nurturing-nps-process-feedback-sentiment-analyze.md
nurturing-nps-process-feedback-writeback-crm,pathway,lifecycle-growth,nurturing-nps-process,docs/CognitiveBrain/contracts/synapses/lifecycle-growth/nurturing-nps-process/nurturing-nps-process-feedback-writeback-crm.md
nurturing-nps-send-family,pathway,lifecycle-growth,nurturing-nps-send,docs/CognitiveBrain/contracts/synapses/lifecycle-growth/nurturing-nps-send/nurturing-nps-send-family.md
nurturing-nps-send-feedback-competitor-log,pathway,lifecycle-growth,nurturing-nps-send,docs/CognitiveBrain/contracts/synapses/lifecycle-growth/nurturing-nps-send/nurturing-nps-send-feedback-competitor-log.md
nurturing-nps-send-feedback-conversation-analyze,pathway,lifecycle-growth,nurturing-nps-send,docs/CognitiveBrain/contracts/synapses/lifecycle-growth/nurturing-nps-send/nurturing-nps-send-feedback-conversation-analyze.md
nurturing-nps-send-feedback-entity-store,pathway,lifecycle-growth,nurturing-nps-send,docs/CognitiveBrain/contracts/synapses/lifecycle-growth/nurturing-nps-send/nurturing-nps-send-feedback-entity-store.md
nurturing-nps-send-feedback-nps-aggregate,pathway,lifecycle-growth,nurturing-nps-send,docs/CognitiveBrain/contracts/synapses/lifecycle-growth/nurturing-nps-send/nurturing-nps-send-feedback-nps-aggregate.md
nurturing-nps-send-feedback-sentiment-analyze,pathway,lifecycle-growth,nurturing-nps-send,docs/CognitiveBrain/contracts/synapses/lifecycle-growth/nurturing-nps-send/nurturing-nps-send-feedback-sentiment-analyze.md
nurturing-nps-send-feedback-writeback-crm,pathway,lifecycle-growth,nurturing-nps-send,docs/CognitiveBrain/contracts/synapses/lifecycle-growth/nurturing-nps-send/nurturing-nps-send-feedback-writeback-crm.md
nurturing-onboarding-complete-family,pathway,lifecycle-growth,nurturing-onboarding-complete,docs/CognitiveBrain/contracts/synapses/lifecycle-growth/nurturing-onboarding-complete/nurturing-onboarding-complete-family.md
nurturing-onboarding-complete-feedback-competitor-log,pathway,lifecycle-growth,nurturing-onboarding-complete,docs/CognitiveBrain/contracts/synapses/lifecycle-growth/nurturing-onboarding-complete/nurturing-onboarding-complete-feedback-competitor-log.md
nurturing-onboarding-complete-feedback-conversation-analyze,pathway,lifecycle-growth,nurturing-onboarding-complete,docs/CognitiveBrain/contracts/synapses/lifecycle-growth/nurturing-onboarding-complete/nurturing-onboarding-complete-feedback-conversation-analyze.md
nurturing-onboarding-complete-feedback-entity-store,pathway,lifecycle-growth,nurturing-onboarding-complete,docs/CognitiveBrain/contracts/synapses/lifecycle-growth/nurturing-onboarding-complete/nurturing-onboarding-complete-feedback-entity-store.md
nurturing-onboarding-complete-feedback-nps-aggregate,pathway,lifecycle-growth,nurturing-onboarding-complete,docs/CognitiveBrain/contracts/synapses/lifecycle-growth/nurturing-onboarding-complete/nurturing-onboarding-complete-feedback-nps-aggregate.md
nurturing-onboarding-complete-feedback-sentiment-analyze,pathway,lifecycle-growth,nurturing-onboarding-complete,docs/CognitiveBrain/contracts/synapses/lifecycle-growth/nurturing-onboarding-complete/nurturing-onboarding-complete-feedback-sentiment-analyze.md
nurturing-onboarding-complete-feedback-writeback-crm,pathway,lifecycle-growth,nurturing-onboarding-complete,docs/CognitiveBrain/contracts/synapses/lifecycle-growth/nurturing-onboarding-complete/nurturing-onboarding-complete-feedback-writeback-crm.md
nurturing-onboarding-start-family,pathway,lifecycle-growth,nurturing-onboarding-start,docs/CognitiveBrain/contracts/synapses/lifecycle-growth/nurturing-onboarding-start/nurturing-onboarding-start-family.md
nurturing-onboarding-start-feedback-competitor-log,pathway,lifecycle-growth,nurturing-onboarding-start,docs/CognitiveBrain/contracts/synapses/lifecycle-growth/nurturing-onboarding-start/nurturing-onboarding-start-feedback-competitor-log.md
nurturing-onboarding-start-feedback-conversation-analyze,pathway,lifecycle-growth,nurturing-onboarding-start,docs/CognitiveBrain/contracts/synapses/lifecycle-growth/nurturing-onboarding-start/nurturing-onboarding-start-feedback-conversation-analyze.md
nurturing-onboarding-start-feedback-entity-store,pathway,lifecycle-growth,nurturing-onboarding-start,docs/CognitiveBrain/contracts/synapses/lifecycle-growth/nurturing-onboarding-start/nurturing-onboarding-start-feedback-entity-store.md
nurturing-onboarding-start-feedback-nps-aggregate,pathway,lifecycle-growth,nurturing-onboarding-start,docs/CognitiveBrain/contracts/synapses/lifecycle-growth/nurturing-onboarding-start/nurturing-onboarding-start-feedback-nps-aggregate.md
nurturing-onboarding-start-feedback-sentiment-analyze,pathway,lifecycle-growth,nurturing-onboarding-start,docs/CognitiveBrain/contracts/synapses/lifecycle-growth/nurturing-onboarding-start/nurturing-onboarding-start-feedback-sentiment-analyze.md
nurturing-onboarding-start-feedback-writeback-crm,pathway,lifecycle-growth,nurturing-onboarding-start,docs/CognitiveBrain/contracts/synapses/lifecycle-growth/nurturing-onboarding-start/nurturing-onboarding-start-feedback-writeback-crm.md
nurturing-onboarding-step-family,pathway,lifecycle-growth,nurturing-onboarding-step,docs/CognitiveBrain/contracts/synapses/lifecycle-growth/nurturing-onboarding-step/nurturing-onboarding-step-family.md
nurturing-onboarding-step-feedback-competitor-log,pathway,lifecycle-growth,nurturing-onboarding-step,docs/CognitiveBrain/contracts/synapses/lifecycle-growth/nurturing-onboarding-step/nurturing-onboarding-step-feedback-competitor-log.md
nurturing-onboarding-step-feedback-conversation-analyze,pathway,lifecycle-growth,nurturing-onboarding-step,docs/CognitiveBrain/contracts/synapses/lifecycle-growth/nurturing-onboarding-step/nurturing-onboarding-step-feedback-conversation-analyze.md
nurturing-onboarding-step-feedback-entity-store,pathway,lifecycle-growth,nurturing-onboarding-step,docs/CognitiveBrain/contracts/synapses/lifecycle-growth/nurturing-onboarding-step/nurturing-onboarding-step-feedback-entity-store.md
nurturing-onboarding-step-feedback-nps-aggregate,pathway,lifecycle-growth,nurturing-onboarding-step,docs/CognitiveBrain/contracts/synapses/lifecycle-growth/nurturing-onboarding-step/nurturing-onboarding-step-feedback-nps-aggregate.md
nurturing-onboarding-step-feedback-sentiment-analyze,pathway,lifecycle-growth,nurturing-onboarding-step,docs/CognitiveBrain/contracts/synapses/lifecycle-growth/nurturing-onboarding-step/nurturing-onboarding-step-feedback-sentiment-analyze.md
nurturing-onboarding-step-feedback-writeback-crm,pathway,lifecycle-growth,nurturing-onboarding-step,docs/CognitiveBrain/contracts/synapses/lifecycle-growth/nurturing-onboarding-step/nurturing-onboarding-step-feedback-writeback-crm.md
nurturing-state-transition-family,pathway,lifecycle-growth,nurturing-state-transition,docs/CognitiveBrain/contracts/synapses/lifecycle-growth/nurturing-state-transition/nurturing-state-transition-family.md
nurturing-state-transition-feedback-competitor-log,pathway,lifecycle-growth,nurturing-state-transition,docs/CognitiveBrain/contracts/synapses/lifecycle-growth/nurturing-state-transition/nurturing-state-transition-feedback-competitor-log.md
nurturing-state-transition-feedback-conversation-analyze,pathway,lifecycle-growth,nurturing-state-transition,docs/CognitiveBrain/contracts/synapses/lifecycle-growth/nurturing-state-transition/nurturing-state-transition-feedback-conversation-analyze.md
nurturing-state-transition-feedback-entity-store,pathway,lifecycle-growth,nurturing-state-transition,docs/CognitiveBrain/contracts/synapses/lifecycle-growth/nurturing-state-transition/nurturing-state-transition-feedback-entity-store.md
nurturing-state-transition-feedback-nps-aggregate,pathway,lifecycle-growth,nurturing-state-transition,docs/CognitiveBrain/contracts/synapses/lifecycle-growth/nurturing-state-transition/nurturing-state-transition-feedback-nps-aggregate.md
nurturing-state-transition-feedback-sentiment-analyze,pathway,lifecycle-growth,nurturing-state-transition,docs/CognitiveBrain/contracts/synapses/lifecycle-growth/nurturing-state-transition/nurturing-state-transition-feedback-sentiment-analyze.md
nurturing-state-transition-feedback-writeback-crm,pathway,lifecycle-growth,nurturing-state-transition,docs/CognitiveBrain/contracts/synapses/lifecycle-growth/nurturing-state-transition/nurturing-state-transition-feedback-writeback-crm.md
referral-consent-expire-content-drip-schedule,pathway,lifecycle-growth,referral-consent-expire,docs/CognitiveBrain/contracts/synapses/lifecycle-growth/referral-consent-expire/referral-consent-expire-content-drip-schedule.md
referral-consent-expire-content-drip-send,pathway,lifecycle-growth,referral-consent-expire,docs/CognitiveBrain/contracts/synapses/lifecycle-growth/referral-consent-expire/referral-consent-expire-content-drip-send.md
referral-consent-expire-content-personalize-ai,pathway,lifecycle-growth,referral-consent-expire,docs/CognitiveBrain/contracts/synapses/lifecycle-growth/referral-consent-expire/referral-consent-expire-content-personalize-ai.md
referral-consent-expire-content-seasonal-generate,pathway,lifecycle-growth,referral-consent-expire,docs/CognitiveBrain/contracts/synapses/lifecycle-growth/referral-consent-expire/referral-consent-expire-content-seasonal-generate.md
referral-consent-expire-email-cold-add-to-campaign,pathway,lifecycle-growth,referral-consent-expire,docs/CognitiveBrain/contracts/synapses/lifecycle-growth/referral-consent-expire/referral-consent-expire-email-cold-add-to-campaign.md
referral-consent-expire-family,pathway,lifecycle-growth,referral-consent-expire,docs/CognitiveBrain/contracts/synapses/lifecycle-growth/referral-consent-expire/referral-consent-expire-family.md
referral-consent-expire-wa-send-initial,pathway,lifecycle-growth,referral-consent-expire,docs/CognitiveBrain/contracts/synapses/lifecycle-growth/referral-consent-expire/referral-consent-expire-wa-send-initial.md
referral-consent-expire-wa-send-reply,pathway,lifecycle-growth,referral-consent-expire,docs/CognitiveBrain/contracts/synapses/lifecycle-growth/referral-consent-expire/referral-consent-expire-wa-send-reply.md
referral-consent-request-content-drip-schedule,pathway,lifecycle-growth,referral-consent-request,docs/CognitiveBrain/contracts/synapses/lifecycle-growth/referral-consent-request/referral-consent-request-content-drip-schedule.md
referral-consent-request-content-drip-send,pathway,lifecycle-growth,referral-consent-request,docs/CognitiveBrain/contracts/synapses/lifecycle-growth/referral-consent-request/referral-consent-request-content-drip-send.md
referral-consent-request-content-personalize-ai,pathway,lifecycle-growth,referral-consent-request,docs/CognitiveBrain/contracts/synapses/lifecycle-growth/referral-consent-request/referral-consent-request-content-personalize-ai.md
referral-consent-request-content-seasonal-generate,pathway,lifecycle-growth,referral-consent-request,docs/CognitiveBrain/contracts/synapses/lifecycle-growth/referral-consent-request/referral-consent-request-content-seasonal-generate.md
referral-consent-request-email-cold-add-to-campaign,pathway,lifecycle-growth,referral-consent-request,docs/CognitiveBrain/contracts/synapses/lifecycle-growth/referral-consent-request/referral-consent-request-email-cold-add-to-campaign.md
referral-consent-request-family,pathway,lifecycle-growth,referral-consent-request,docs/CognitiveBrain/contracts/synapses/lifecycle-growth/referral-consent-request/referral-consent-request-family.md
referral-consent-request-wa-send-initial,pathway,lifecycle-growth,referral-consent-request,docs/CognitiveBrain/contracts/synapses/lifecycle-growth/referral-consent-request/referral-consent-request-wa-send-initial.md
referral-consent-request-wa-send-reply,pathway,lifecycle-growth,referral-consent-request,docs/CognitiveBrain/contracts/synapses/lifecycle-growth/referral-consent-request/referral-consent-request-wa-send-reply.md
referral-eligibility-check-content-drip-schedule,pathway,lifecycle-growth,referral-eligibility-check,docs/CognitiveBrain/contracts/synapses/lifecycle-growth/referral-eligibility-check/referral-eligibility-check-content-drip-schedule.md
referral-eligibility-check-content-drip-send,pathway,lifecycle-growth,referral-eligibility-check,docs/CognitiveBrain/contracts/synapses/lifecycle-growth/referral-eligibility-check/referral-eligibility-check-content-drip-send.md
referral-eligibility-check-content-personalize-ai,pathway,lifecycle-growth,referral-eligibility-check,docs/CognitiveBrain/contracts/synapses/lifecycle-growth/referral-eligibility-check/referral-eligibility-check-content-personalize-ai.md
referral-eligibility-check-content-seasonal-generate,pathway,lifecycle-growth,referral-eligibility-check,docs/CognitiveBrain/contracts/synapses/lifecycle-growth/referral-eligibility-check/referral-eligibility-check-content-seasonal-generate.md
referral-eligibility-check-email-cold-add-to-campaign,pathway,lifecycle-growth,referral-eligibility-check,docs/CognitiveBrain/contracts/synapses/lifecycle-growth/referral-eligibility-check/referral-eligibility-check-email-cold-add-to-campaign.md
referral-eligibility-check-family,pathway,lifecycle-growth,referral-eligibility-check,docs/CognitiveBrain/contracts/synapses/lifecycle-growth/referral-eligibility-check/referral-eligibility-check-family.md
referral-eligibility-check-wa-send-initial,pathway,lifecycle-growth,referral-eligibility-check,docs/CognitiveBrain/contracts/synapses/lifecycle-growth/referral-eligibility-check/referral-eligibility-check-wa-send-initial.md
referral-eligibility-check-wa-send-reply,pathway,lifecycle-growth,referral-eligibility-check,docs/CognitiveBrain/contracts/synapses/lifecycle-growth/referral-eligibility-check/referral-eligibility-check-wa-send-reply.md
referral-neighbor-approach-content-drip-schedule,pathway,lifecycle-growth,referral-neighbor-approach,docs/CognitiveBrain/contracts/synapses/lifecycle-growth/referral-neighbor-approach/referral-neighbor-approach-content-drip-schedule.md
referral-neighbor-approach-content-drip-send,pathway,lifecycle-growth,referral-neighbor-approach,docs/CognitiveBrain/contracts/synapses/lifecycle-growth/referral-neighbor-approach/referral-neighbor-approach-content-drip-send.md
referral-neighbor-approach-content-personalize-ai,pathway,lifecycle-growth,referral-neighbor-approach,docs/CognitiveBrain/contracts/synapses/lifecycle-growth/referral-neighbor-approach/referral-neighbor-approach-content-personalize-ai.md
referral-neighbor-approach-content-seasonal-generate,pathway,lifecycle-growth,referral-neighbor-approach,docs/CognitiveBrain/contracts/synapses/lifecycle-growth/referral-neighbor-approach/referral-neighbor-approach-content-seasonal-generate.md
referral-neighbor-approach-email-cold-add-to-campaign,pathway,lifecycle-growth,referral-neighbor-approach,docs/CognitiveBrain/contracts/synapses/lifecycle-growth/referral-neighbor-approach/referral-neighbor-approach-email-cold-add-to-campaign.md
referral-neighbor-approach-family,pathway,lifecycle-growth,referral-neighbor-approach,docs/CognitiveBrain/contracts/synapses/lifecycle-growth/referral-neighbor-approach/referral-neighbor-approach-family.md
referral-neighbor-approach-wa-send-initial,pathway,lifecycle-growth,referral-neighbor-approach,docs/CognitiveBrain/contracts/synapses/lifecycle-growth/referral-neighbor-approach/referral-neighbor-approach-wa-send-initial.md
referral-neighbor-approach-wa-send-reply,pathway,lifecycle-growth,referral-neighbor-approach,docs/CognitiveBrain/contracts/synapses/lifecycle-growth/referral-neighbor-approach/referral-neighbor-approach-wa-send-reply.md
referral-potential-tag-content-drip-schedule,pathway,lifecycle-growth,referral-potential-tag,docs/CognitiveBrain/contracts/synapses/lifecycle-growth/referral-potential-tag/referral-potential-tag-content-drip-schedule.md
referral-potential-tag-content-drip-send,pathway,lifecycle-growth,referral-potential-tag,docs/CognitiveBrain/contracts/synapses/lifecycle-growth/referral-potential-tag/referral-potential-tag-content-drip-send.md
referral-potential-tag-content-personalize-ai,pathway,lifecycle-growth,referral-potential-tag,docs/CognitiveBrain/contracts/synapses/lifecycle-growth/referral-potential-tag/referral-potential-tag-content-personalize-ai.md
referral-potential-tag-content-seasonal-generate,pathway,lifecycle-growth,referral-potential-tag,docs/CognitiveBrain/contracts/synapses/lifecycle-growth/referral-potential-tag/referral-potential-tag-content-seasonal-generate.md
referral-potential-tag-email-cold-add-to-campaign,pathway,lifecycle-growth,referral-potential-tag,docs/CognitiveBrain/contracts/synapses/lifecycle-growth/referral-potential-tag/referral-potential-tag-email-cold-add-to-campaign.md
referral-potential-tag-family,pathway,lifecycle-growth,referral-potential-tag,docs/CognitiveBrain/contracts/synapses/lifecycle-growth/referral-potential-tag/referral-potential-tag-family.md
referral-potential-tag-wa-send-initial,pathway,lifecycle-growth,referral-potential-tag,docs/CognitiveBrain/contracts/synapses/lifecycle-growth/referral-potential-tag/referral-potential-tag-wa-send-initial.md
referral-potential-tag-wa-send-reply,pathway,lifecycle-growth,referral-potential-tag,docs/CognitiveBrain/contracts/synapses/lifecycle-growth/referral-potential-tag/referral-potential-tag-wa-send-reply.md
referral-request-prepare-content-drip-schedule,pathway,lifecycle-growth,referral-request-prepare,docs/CognitiveBrain/contracts/synapses/lifecycle-growth/referral-request-prepare/referral-request-prepare-content-drip-schedule.md
referral-request-prepare-content-drip-send,pathway,lifecycle-growth,referral-request-prepare,docs/CognitiveBrain/contracts/synapses/lifecycle-growth/referral-request-prepare/referral-request-prepare-content-drip-send.md
referral-request-prepare-content-personalize-ai,pathway,lifecycle-growth,referral-request-prepare,docs/CognitiveBrain/contracts/synapses/lifecycle-growth/referral-request-prepare/referral-request-prepare-content-personalize-ai.md
referral-request-prepare-content-seasonal-generate,pathway,lifecycle-growth,referral-request-prepare,docs/CognitiveBrain/contracts/synapses/lifecycle-growth/referral-request-prepare/referral-request-prepare-content-seasonal-generate.md
referral-request-prepare-email-cold-add-to-campaign,pathway,lifecycle-growth,referral-request-prepare,docs/CognitiveBrain/contracts/synapses/lifecycle-growth/referral-request-prepare/referral-request-prepare-email-cold-add-to-campaign.md
referral-request-prepare-family,pathway,lifecycle-growth,referral-request-prepare,docs/CognitiveBrain/contracts/synapses/lifecycle-growth/referral-request-prepare/referral-request-prepare-family.md
referral-request-prepare-wa-send-initial,pathway,lifecycle-growth,referral-request-prepare,docs/CognitiveBrain/contracts/synapses/lifecycle-growth/referral-request-prepare/referral-request-prepare-wa-send-initial.md
referral-request-prepare-wa-send-reply,pathway,lifecycle-growth,referral-request-prepare,docs/CognitiveBrain/contracts/synapses/lifecycle-growth/referral-request-prepare/referral-request-prepare-wa-send-reply.md
referral-request-send-content-drip-schedule,pathway,lifecycle-growth,referral-request-send,docs/CognitiveBrain/contracts/synapses/lifecycle-growth/referral-request-send/referral-request-send-content-drip-schedule.md
referral-request-send-content-drip-send,pathway,lifecycle-growth,referral-request-send,docs/CognitiveBrain/contracts/synapses/lifecycle-growth/referral-request-send/referral-request-send-content-drip-send.md
referral-request-send-content-personalize-ai,pathway,lifecycle-growth,referral-request-send,docs/CognitiveBrain/contracts/synapses/lifecycle-growth/referral-request-send/referral-request-send-content-personalize-ai.md
referral-request-send-content-seasonal-generate,pathway,lifecycle-growth,referral-request-send,docs/CognitiveBrain/contracts/synapses/lifecycle-growth/referral-request-send/referral-request-send-content-seasonal-generate.md
referral-request-send-email-cold-add-to-campaign,pathway,lifecycle-growth,referral-request-send,docs/CognitiveBrain/contracts/synapses/lifecycle-growth/referral-request-send/referral-request-send-email-cold-add-to-campaign.md
referral-request-send-family,pathway,lifecycle-growth,referral-request-send,docs/CognitiveBrain/contracts/synapses/lifecycle-growth/referral-request-send/referral-request-send-family.md
referral-request-send-wa-send-initial,pathway,lifecycle-growth,referral-request-send,docs/CognitiveBrain/contracts/synapses/lifecycle-growth/referral-request-send/referral-request-send-wa-send-initial.md
referral-request-send-wa-send-reply,pathway,lifecycle-growth,referral-request-send,docs/CognitiveBrain/contracts/synapses/lifecycle-growth/referral-request-send/referral-request-send-wa-send-reply.md
referral-response-process-content-drip-schedule,pathway,lifecycle-growth,referral-response-process,docs/CognitiveBrain/contracts/synapses/lifecycle-growth/referral-response-process/referral-response-process-content-drip-schedule.md
referral-response-process-content-drip-send,pathway,lifecycle-growth,referral-response-process,docs/CognitiveBrain/contracts/synapses/lifecycle-growth/referral-response-process/referral-response-process-content-drip-send.md
referral-response-process-content-personalize-ai,pathway,lifecycle-growth,referral-response-process,docs/CognitiveBrain/contracts/synapses/lifecycle-growth/referral-response-process/referral-response-process-content-personalize-ai.md
referral-response-process-content-seasonal-generate,pathway,lifecycle-growth,referral-response-process,docs/CognitiveBrain/contracts/synapses/lifecycle-growth/referral-response-process/referral-response-process-content-seasonal-generate.md
referral-response-process-email-cold-add-to-campaign,pathway,lifecycle-growth,referral-response-process,docs/CognitiveBrain/contracts/synapses/lifecycle-growth/referral-response-process/referral-response-process-email-cold-add-to-campaign.md
referral-response-process-family,pathway,lifecycle-growth,referral-response-process,docs/CognitiveBrain/contracts/synapses/lifecycle-growth/referral-response-process/referral-response-process-family.md
referral-response-process-wa-send-initial,pathway,lifecycle-growth,referral-response-process,docs/CognitiveBrain/contracts/synapses/lifecycle-growth/referral-response-process/referral-response-process-wa-send-initial.md
referral-response-process-wa-send-reply,pathway,lifecycle-growth,referral-response-process,docs/CognitiveBrain/contracts/synapses/lifecycle-growth/referral-response-process/referral-response-process-wa-send-reply.md
referral-reward-process-content-drip-schedule,pathway,lifecycle-growth,referral-reward-process,docs/CognitiveBrain/contracts/synapses/lifecycle-growth/referral-reward-process/referral-reward-process-content-drip-schedule.md
referral-reward-process-content-drip-send,pathway,lifecycle-growth,referral-reward-process,docs/CognitiveBrain/contracts/synapses/lifecycle-growth/referral-reward-process/referral-reward-process-content-drip-send.md
referral-reward-process-content-personalize-ai,pathway,lifecycle-growth,referral-reward-process,docs/CognitiveBrain/contracts/synapses/lifecycle-growth/referral-reward-process/referral-reward-process-content-personalize-ai.md
referral-reward-process-content-seasonal-generate,pathway,lifecycle-growth,referral-reward-process,docs/CognitiveBrain/contracts/synapses/lifecycle-growth/referral-reward-process/referral-reward-process-content-seasonal-generate.md
referral-reward-process-email-cold-add-to-campaign,pathway,lifecycle-growth,referral-reward-process,docs/CognitiveBrain/contracts/synapses/lifecycle-growth/referral-reward-process/referral-reward-process-email-cold-add-to-campaign.md
referral-reward-process-family,pathway,lifecycle-growth,referral-reward-process,docs/CognitiveBrain/contracts/synapses/lifecycle-growth/referral-reward-process/referral-reward-process-family.md
referral-reward-process-wa-send-initial,pathway,lifecycle-growth,referral-reward-process,docs/CognitiveBrain/contracts/synapses/lifecycle-growth/referral-reward-process/referral-reward-process-wa-send-initial.md
referral-reward-process-wa-send-reply,pathway,lifecycle-growth,referral-reward-process,docs/CognitiveBrain/contracts/synapses/lifecycle-growth/referral-reward-process/referral-reward-process-wa-send-reply.md
trigger-subsidy-calendar-compliance-audit-generate,pathway,lifecycle-growth,trigger-subsidy-calendar,docs/CognitiveBrain/contracts/synapses/lifecycle-growth/trigger-subsidy-calendar/trigger-subsidy-calendar-compliance-audit-generate.md
trigger-subsidy-calendar-compliance-consent-check,pathway,lifecycle-growth,trigger-subsidy-calendar,docs/CognitiveBrain/contracts/synapses/lifecycle-growth/trigger-subsidy-calendar/trigger-subsidy-calendar-compliance-consent-check.md
trigger-subsidy-calendar-compliance-data-anonymize,pathway,lifecycle-growth,trigger-subsidy-calendar,docs/CognitiveBrain/contracts/synapses/lifecycle-growth/trigger-subsidy-calendar/trigger-subsidy-calendar-compliance-data-anonymize.md
trigger-subsidy-calendar-compliance-optout-process,pathway,lifecycle-growth,trigger-subsidy-calendar,docs/CognitiveBrain/contracts/synapses/lifecycle-growth/trigger-subsidy-calendar/trigger-subsidy-calendar-compliance-optout-process.md
trigger-subsidy-calendar-family,pathway,lifecycle-growth,trigger-subsidy-calendar,docs/CognitiveBrain/contracts/synapses/lifecycle-growth/trigger-subsidy-calendar/trigger-subsidy-calendar-family.md
winback-campaign-enroll-family,pathway,lifecycle-growth,winback-campaign-enroll,docs/CognitiveBrain/contracts/synapses/lifecycle-growth/winback-campaign-enroll/winback-campaign-enroll-family.md
winback-campaign-enroll-hitl-dashboard-metrics,pathway,lifecycle-growth,winback-campaign-enroll,docs/CognitiveBrain/contracts/synapses/lifecycle-growth/winback-campaign-enroll/winback-campaign-enroll-hitl-dashboard-metrics.md
winback-campaign-enroll-hitl-dashboard-sync,pathway,lifecycle-growth,winback-campaign-enroll,docs/CognitiveBrain/contracts/synapses/lifecycle-growth/winback-campaign-enroll/winback-campaign-enroll-hitl-dashboard-sync.md
winback-campaign-enroll-hitl-task-create,pathway,lifecycle-growth,winback-campaign-enroll,docs/CognitiveBrain/contracts/synapses/lifecycle-growth/winback-campaign-enroll/winback-campaign-enroll-hitl-task-create.md
winback-campaign-enroll-hitl-task-expire-check,pathway,lifecycle-growth,winback-campaign-enroll,docs/CognitiveBrain/contracts/synapses/lifecycle-growth/winback-campaign-enroll/winback-campaign-enroll-hitl-task-expire-check.md
winback-campaign-enroll-hitl-task-nps-followup,pathway,lifecycle-growth,winback-campaign-enroll,docs/CognitiveBrain/contracts/synapses/lifecycle-growth/winback-campaign-enroll/winback-campaign-enroll-hitl-task-nps-followup.md
winback-campaign-enroll-hitl-task-resolve,pathway,lifecycle-growth,winback-campaign-enroll,docs/CognitiveBrain/contracts/synapses/lifecycle-growth/winback-campaign-enroll/winback-campaign-enroll-hitl-task-resolve.md
winback-step-execute-family,pathway,lifecycle-growth,winback-step-execute,docs/CognitiveBrain/contracts/synapses/lifecycle-growth/winback-step-execute/winback-step-execute-family.md
winback-step-execute-hitl-dashboard-metrics,pathway,lifecycle-growth,winback-step-execute,docs/CognitiveBrain/contracts/synapses/lifecycle-growth/winback-step-execute/winback-step-execute-hitl-dashboard-metrics.md
winback-step-execute-hitl-dashboard-sync,pathway,lifecycle-growth,winback-step-execute,docs/CognitiveBrain/contracts/synapses/lifecycle-growth/winback-step-execute/winback-step-execute-hitl-dashboard-sync.md
winback-step-execute-hitl-task-create,pathway,lifecycle-growth,winback-step-execute,docs/CognitiveBrain/contracts/synapses/lifecycle-growth/winback-step-execute/winback-step-execute-hitl-task-create.md
winback-step-execute-hitl-task-expire-check,pathway,lifecycle-growth,winback-step-execute,docs/CognitiveBrain/contracts/synapses/lifecycle-growth/winback-step-execute/winback-step-execute-hitl-task-expire-check.md
winback-step-execute-hitl-task-nps-followup,pathway,lifecycle-growth,winback-step-execute,docs/CognitiveBrain/contracts/synapses/lifecycle-growth/winback-step-execute/winback-step-execute-hitl-task-nps-followup.md
winback-step-execute-hitl-task-resolve,pathway,lifecycle-growth,winback-step-execute,docs/CognitiveBrain/contracts/synapses/lifecycle-growth/winback-step-execute/winback-step-execute-hitl-task-resolve.md
winback-trigger-subsidy-family,pathway,lifecycle-growth,winback-trigger-subsidy,docs/CognitiveBrain/contracts/synapses/lifecycle-growth/winback-trigger-subsidy/winback-trigger-subsidy-family.md
winback-trigger-subsidy-hitl-dashboard-metrics,pathway,lifecycle-growth,winback-trigger-subsidy,docs/CognitiveBrain/contracts/synapses/lifecycle-growth/winback-trigger-subsidy/winback-trigger-subsidy-hitl-dashboard-metrics.md
winback-trigger-subsidy-hitl-dashboard-sync,pathway,lifecycle-growth,winback-trigger-subsidy,docs/CognitiveBrain/contracts/synapses/lifecycle-growth/winback-trigger-subsidy/winback-trigger-subsidy-hitl-dashboard-sync.md
winback-trigger-subsidy-hitl-task-create,pathway,lifecycle-growth,winback-trigger-subsidy,docs/CognitiveBrain/contracts/synapses/lifecycle-growth/winback-trigger-subsidy/winback-trigger-subsidy-hitl-task-create.md
winback-trigger-subsidy-hitl-task-expire-check,pathway,lifecycle-growth,winback-trigger-subsidy,docs/CognitiveBrain/contracts/synapses/lifecycle-growth/winback-trigger-subsidy/winback-trigger-subsidy-hitl-task-expire-check.md
winback-trigger-subsidy-hitl-task-nps-followup,pathway,lifecycle-growth,winback-trigger-subsidy,docs/CognitiveBrain/contracts/synapses/lifecycle-growth/winback-trigger-subsidy/winback-trigger-subsidy-hitl-task-nps-followup.md
winback-trigger-subsidy-hitl-task-resolve,pathway,lifecycle-growth,winback-trigger-subsidy,docs/CognitiveBrain/contracts/synapses/lifecycle-growth/winback-trigger-subsidy/winback-trigger-subsidy-hitl-task-resolve.md
winback-trigger-weather-family,pathway,lifecycle-growth,winback-trigger-weather,docs/CognitiveBrain/contracts/synapses/lifecycle-growth/winback-trigger-weather/winback-trigger-weather-family.md
winback-trigger-weather-hitl-dashboard-metrics,pathway,lifecycle-growth,winback-trigger-weather,docs/CognitiveBrain/contracts/synapses/lifecycle-growth/winback-trigger-weather/winback-trigger-weather-hitl-dashboard-metrics.md
winback-trigger-weather-hitl-dashboard-sync,pathway,lifecycle-growth,winback-trigger-weather,docs/CognitiveBrain/contracts/synapses/lifecycle-growth/winback-trigger-weather/winback-trigger-weather-hitl-dashboard-sync.md
winback-trigger-weather-hitl-task-create,pathway,lifecycle-growth,winback-trigger-weather,docs/CognitiveBrain/contracts/synapses/lifecycle-growth/winback-trigger-weather/winback-trigger-weather-hitl-task-create.md
winback-trigger-weather-hitl-task-expire-check,pathway,lifecycle-growth,winback-trigger-weather,docs/CognitiveBrain/contracts/synapses/lifecycle-growth/winback-trigger-weather/winback-trigger-weather-hitl-task-expire-check.md
winback-trigger-weather-hitl-task-nps-followup,pathway,lifecycle-growth,winback-trigger-weather,docs/CognitiveBrain/contracts/synapses/lifecycle-growth/winback-trigger-weather/winback-trigger-weather-hitl-task-nps-followup.md
winback-trigger-weather-hitl-task-resolve,pathway,lifecycle-growth,winback-trigger-weather,docs/CognitiveBrain/contracts/synapses/lifecycle-growth/winback-trigger-weather/winback-trigger-weather-hitl-task-resolve.md
audit-compliance-check-family,pathway,pipeline-monitor,audit-compliance-check,docs/CognitiveBrain/contracts/synapses/pipeline-monitor/audit-compliance-check/audit-compliance-check-family.md
audit-compliance-check-hitl-approval-contract-clause,pathway,pipeline-monitor,audit-compliance-check,docs/CognitiveBrain/contracts/synapses/pipeline-monitor/audit-compliance-check/audit-compliance-check-hitl-approval-contract-clause.md
audit-compliance-check-hitl-approval-credit-limit,pathway,pipeline-monitor,audit-compliance-check,docs/CognitiveBrain/contracts/synapses/pipeline-monitor/audit-compliance-check/audit-compliance-check-hitl-approval-credit-limit.md
audit-compliance-check-hitl-approval-credit-override,pathway,pipeline-monitor,audit-compliance-check,docs/CognitiveBrain/contracts/synapses/pipeline-monitor/audit-compliance-check/audit-compliance-check-hitl-approval-credit-override.md
audit-compliance-check-hitl-approval-refund-large,pathway,pipeline-monitor,audit-compliance-check,docs/CognitiveBrain/contracts/synapses/pipeline-monitor/audit-compliance-check/audit-compliance-check-hitl-approval-refund-large.md
audit-compliance-check-hitl-approval-return,pathway,pipeline-monitor,audit-compliance-check,docs/CognitiveBrain/contracts/synapses/pipeline-monitor/audit-compliance-check/audit-compliance-check-hitl-approval-return.md
audit-compliance-check-hitl-escalation-overdue,pathway,pipeline-monitor,audit-compliance-check,docs/CognitiveBrain/contracts/synapses/pipeline-monitor/audit-compliance-check/audit-compliance-check-hitl-escalation-overdue.md
audit-compliance-check-hitl-investigation-payment,pathway,pipeline-monitor,audit-compliance-check,docs/CognitiveBrain/contracts/synapses/pipeline-monitor/audit-compliance-check/audit-compliance-check-hitl-investigation-payment.md
audit-compliance-check-hitl-task-call-client,pathway,pipeline-monitor,audit-compliance-check,docs/CognitiveBrain/contracts/synapses/pipeline-monitor/audit-compliance-check/audit-compliance-check-hitl-task-call-client.md
audit-compliance-check-hitl-task-resolve,pathway,pipeline-monitor,audit-compliance-check,docs/CognitiveBrain/contracts/synapses/pipeline-monitor/audit-compliance-check/audit-compliance-check-hitl-task-resolve.md
audit-data-anonymize-family,pathway,pipeline-monitor,audit-data-anonymize,docs/CognitiveBrain/contracts/synapses/pipeline-monitor/audit-data-anonymize/audit-data-anonymize-family.md
audit-data-anonymize-hitl-approval-contract-clause,pathway,pipeline-monitor,audit-data-anonymize,docs/CognitiveBrain/contracts/synapses/pipeline-monitor/audit-data-anonymize/audit-data-anonymize-hitl-approval-contract-clause.md
audit-data-anonymize-hitl-approval-credit-limit,pathway,pipeline-monitor,audit-data-anonymize,docs/CognitiveBrain/contracts/synapses/pipeline-monitor/audit-data-anonymize/audit-data-anonymize-hitl-approval-credit-limit.md
audit-data-anonymize-hitl-approval-credit-override,pathway,pipeline-monitor,audit-data-anonymize,docs/CognitiveBrain/contracts/synapses/pipeline-monitor/audit-data-anonymize/audit-data-anonymize-hitl-approval-credit-override.md
audit-data-anonymize-hitl-approval-refund-large,pathway,pipeline-monitor,audit-data-anonymize,docs/CognitiveBrain/contracts/synapses/pipeline-monitor/audit-data-anonymize/audit-data-anonymize-hitl-approval-refund-large.md
audit-data-anonymize-hitl-approval-return,pathway,pipeline-monitor,audit-data-anonymize,docs/CognitiveBrain/contracts/synapses/pipeline-monitor/audit-data-anonymize/audit-data-anonymize-hitl-approval-return.md
audit-data-anonymize-hitl-escalation-overdue,pathway,pipeline-monitor,audit-data-anonymize,docs/CognitiveBrain/contracts/synapses/pipeline-monitor/audit-data-anonymize/audit-data-anonymize-hitl-escalation-overdue.md
audit-data-anonymize-hitl-investigation-payment,pathway,pipeline-monitor,audit-data-anonymize,docs/CognitiveBrain/contracts/synapses/pipeline-monitor/audit-data-anonymize/audit-data-anonymize-hitl-investigation-payment.md
audit-data-anonymize-hitl-task-call-client,pathway,pipeline-monitor,audit-data-anonymize,docs/CognitiveBrain/contracts/synapses/pipeline-monitor/audit-data-anonymize/audit-data-anonymize-hitl-task-call-client.md
audit-data-anonymize-hitl-task-resolve,pathway,pipeline-monitor,audit-data-anonymize,docs/CognitiveBrain/contracts/synapses/pipeline-monitor/audit-data-anonymize/audit-data-anonymize-hitl-task-resolve.md
audit-log-write-family,pathway,pipeline-monitor,audit-log-write,docs/CognitiveBrain/contracts/synapses/pipeline-monitor/audit-log-write/audit-log-write-family.md
audit-log-write-hitl-approval-contract-clause,pathway,pipeline-monitor,audit-log-write,docs/CognitiveBrain/contracts/synapses/pipeline-monitor/audit-log-write/audit-log-write-hitl-approval-contract-clause.md
audit-log-write-hitl-approval-credit-limit,pathway,pipeline-monitor,audit-log-write,docs/CognitiveBrain/contracts/synapses/pipeline-monitor/audit-log-write/audit-log-write-hitl-approval-credit-limit.md
audit-log-write-hitl-approval-credit-override,pathway,pipeline-monitor,audit-log-write,docs/CognitiveBrain/contracts/synapses/pipeline-monitor/audit-log-write/audit-log-write-hitl-approval-credit-override.md
audit-log-write-hitl-approval-refund-large,pathway,pipeline-monitor,audit-log-write,docs/CognitiveBrain/contracts/synapses/pipeline-monitor/audit-log-write/audit-log-write-hitl-approval-refund-large.md
audit-log-write-hitl-approval-return,pathway,pipeline-monitor,audit-log-write,docs/CognitiveBrain/contracts/synapses/pipeline-monitor/audit-log-write/audit-log-write-hitl-approval-return.md
audit-log-write-hitl-escalation-overdue,pathway,pipeline-monitor,audit-log-write,docs/CognitiveBrain/contracts/synapses/pipeline-monitor/audit-log-write/audit-log-write-hitl-escalation-overdue.md
audit-log-write-hitl-investigation-payment,pathway,pipeline-monitor,audit-log-write,docs/CognitiveBrain/contracts/synapses/pipeline-monitor/audit-log-write/audit-log-write-hitl-investigation-payment.md
audit-log-write-hitl-task-call-client,pathway,pipeline-monitor,audit-log-write,docs/CognitiveBrain/contracts/synapses/pipeline-monitor/audit-log-write/audit-log-write-hitl-task-call-client.md
audit-log-write-hitl-task-resolve,pathway,pipeline-monitor,audit-log-write,docs/CognitiveBrain/contracts/synapses/pipeline-monitor/audit-log-write/audit-log-write-hitl-task-resolve.md
backup-conversations-export-family,pathway,pipeline-monitor,backup-conversations-export,docs/CognitiveBrain/contracts/synapses/pipeline-monitor/backup-conversations-export/backup-conversations-export-family.md
metrics-llm-usage-aggregate-family,pathway,pipeline-monitor,metrics-llm-usage-aggregate,docs/CognitiveBrain/contracts/synapses/pipeline-monitor/metrics-llm-usage-aggregate/metrics-llm-usage-aggregate-family.md
monitor-email-deliverability-family,pathway,pipeline-monitor,monitor-email-deliverability,docs/CognitiveBrain/contracts/synapses/pipeline-monitor/monitor-email-deliverability/monitor-email-deliverability-family.md
monitor-email-deliverability-human-approve-message,pathway,pipeline-monitor,monitor-email-deliverability,docs/CognitiveBrain/contracts/synapses/pipeline-monitor/monitor-email-deliverability/monitor-email-deliverability-human-approve-message.md
monitor-email-deliverability-human-review-queue,pathway,pipeline-monitor,monitor-email-deliverability,docs/CognitiveBrain/contracts/synapses/pipeline-monitor/monitor-email-deliverability/monitor-email-deliverability-human-review-queue.md
monitor-email-deliverability-human-takeover-complete,pathway,pipeline-monitor,monitor-email-deliverability,docs/CognitiveBrain/contracts/synapses/pipeline-monitor/monitor-email-deliverability/monitor-email-deliverability-human-takeover-complete.md
monitor-email-deliverability-human-takeover-initiate,pathway,pipeline-monitor,monitor-email-deliverability,docs/CognitiveBrain/contracts/synapses/pipeline-monitor/monitor-email-deliverability/monitor-email-deliverability-human-takeover-initiate.md
monitor-phone-health-family,pathway,pipeline-monitor,monitor-phone-health,docs/CognitiveBrain/contracts/synapses/pipeline-monitor/monitor-phone-health/monitor-phone-health-family.md
monitor-phone-health-human-approve-message,pathway,pipeline-monitor,monitor-phone-health,docs/CognitiveBrain/contracts/synapses/pipeline-monitor/monitor-phone-health/monitor-phone-health-human-approve-message.md
monitor-phone-health-human-review-queue,pathway,pipeline-monitor,monitor-phone-health,docs/CognitiveBrain/contracts/synapses/pipeline-monitor/monitor-phone-health/monitor-phone-health-human-review-queue.md
monitor-phone-health-human-takeover-complete,pathway,pipeline-monitor,monitor-phone-health,docs/CognitiveBrain/contracts/synapses/pipeline-monitor/monitor-phone-health/monitor-phone-health-human-takeover-complete.md
monitor-phone-health-human-takeover-initiate,pathway,pipeline-monitor,monitor-phone-health,docs/CognitiveBrain/contracts/synapses/pipeline-monitor/monitor-phone-health/monitor-phone-health-human-takeover-initiate.md
monitor-quota-usage-family,pathway,pipeline-monitor,monitor-quota-usage,docs/CognitiveBrain/contracts/synapses/pipeline-monitor/monitor-quota-usage/monitor-quota-usage-family.md
monitor-quota-usage-human-approve-message,pathway,pipeline-monitor,monitor-quota-usage,docs/CognitiveBrain/contracts/synapses/pipeline-monitor/monitor-quota-usage/monitor-quota-usage-human-approve-message.md
monitor-quota-usage-human-review-queue,pathway,pipeline-monitor,monitor-quota-usage,docs/CognitiveBrain/contracts/synapses/pipeline-monitor/monitor-quota-usage/monitor-quota-usage-human-review-queue.md
monitor-quota-usage-human-takeover-complete,pathway,pipeline-monitor,monitor-quota-usage,docs/CognitiveBrain/contracts/synapses/pipeline-monitor/monitor-quota-usage/monitor-quota-usage-human-takeover-complete.md
monitor-quota-usage-human-takeover-initiate,pathway,pipeline-monitor,monitor-quota-usage,docs/CognitiveBrain/contracts/synapses/pipeline-monitor/monitor-quota-usage/monitor-quota-usage-human-takeover-initiate.md
pipeline-ai-sales-cleanup-family,pathway,pipeline-monitor,pipeline-ai-sales-cleanup,docs/CognitiveBrain/contracts/synapses/pipeline-monitor/pipeline-ai-sales-cleanup/pipeline-ai-sales-cleanup-family.md
pipeline-ai-sales-health-family,pathway,pipeline-monitor,pipeline-ai-sales-health,docs/CognitiveBrain/contracts/synapses/pipeline-monitor/pipeline-ai-sales-health/pipeline-ai-sales-health-family.md
pipeline-ai-sales-metrics-family,pathway,pipeline-monitor,pipeline-ai-sales-metrics,docs/CognitiveBrain/contracts/synapses/pipeline-monitor/pipeline-ai-sales-metrics/pipeline-ai-sales-metrics-family.md
pipeline-approval-pending-family,pathway,pipeline-monitor,pipeline-approval-pending,docs/CognitiveBrain/contracts/synapses/pipeline-monitor/pipeline-approval-pending/pipeline-approval-pending-family.md
pipeline-monitor-health-family,pathway,pipeline-monitor,pipeline-monitor-health,docs/CognitiveBrain/contracts/synapses/pipeline-monitor/pipeline-monitor-health/pipeline-monitor-health-family.md
pipeline-monitor-health-pipeline-approval-pending,pathway,pipeline-monitor,pipeline-monitor-health,docs/CognitiveBrain/contracts/synapses/pipeline-monitor/pipeline-monitor-health/pipeline-monitor-health-pipeline-approval-pending.md
pipeline-monitor-rate-sync-family,pathway,pipeline-monitor,pipeline-monitor-rate-sync,docs/CognitiveBrain/contracts/synapses/pipeline-monitor/pipeline-monitor-rate-sync/pipeline-monitor-rate-sync-family.md
pipeline-monitor-rate-sync-pipeline-approval-pending,pathway,pipeline-monitor,pipeline-monitor-rate-sync,docs/CognitiveBrain/contracts/synapses/pipeline-monitor/pipeline-monitor-rate-sync/pipeline-monitor-rate-sync-pipeline-approval-pending.md
pipeline-orchestrator-advance-family,pathway,pipeline-monitor,pipeline-orchestrator-advance,docs/CognitiveBrain/contracts/synapses/pipeline-monitor/pipeline-orchestrator-advance/pipeline-orchestrator-advance-family.md
pipeline-orchestrator-advance-pipeline-monitor-health,pathway,pipeline-monitor,pipeline-orchestrator-advance,docs/CognitiveBrain/contracts/synapses/pipeline-monitor/pipeline-orchestrator-advance/pipeline-orchestrator-advance-pipeline-monitor-health.md
pipeline-orchestrator-advance-pipeline-monitor-rate-sync,pathway,pipeline-monitor,pipeline-orchestrator-advance,docs/CognitiveBrain/contracts/synapses/pipeline-monitor/pipeline-orchestrator-advance/pipeline-orchestrator-advance-pipeline-monitor-rate-sync.md
pipeline-orchestrator-start-family,pathway,pipeline-monitor,pipeline-orchestrator-start,docs/CognitiveBrain/contracts/synapses/pipeline-monitor/pipeline-orchestrator-start/pipeline-orchestrator-start-family.md
pipeline-orchestrator-start-pipeline-monitor-health,pathway,pipeline-monitor,pipeline-orchestrator-start,docs/CognitiveBrain/contracts/synapses/pipeline-monitor/pipeline-orchestrator-start/pipeline-orchestrator-start-pipeline-monitor-health.md
pipeline-orchestrator-start-pipeline-monitor-rate-sync,pathway,pipeline-monitor,pipeline-orchestrator-start,docs/CognitiveBrain/contracts/synapses/pipeline-monitor/pipeline-orchestrator-start/pipeline-orchestrator-start-pipeline-monitor-rate-sync.md
pipeline-outreach-health-family,pathway,pipeline-monitor,pipeline-outreach-health,docs/CognitiveBrain/contracts/synapses/pipeline-monitor/pipeline-outreach-health/pipeline-outreach-health-family.md
pipeline-outreach-health-human-approve-message,pathway,pipeline-monitor,pipeline-outreach-health,docs/CognitiveBrain/contracts/synapses/pipeline-monitor/pipeline-outreach-health/pipeline-outreach-health-human-approve-message.md
pipeline-outreach-health-human-review-queue,pathway,pipeline-monitor,pipeline-outreach-health,docs/CognitiveBrain/contracts/synapses/pipeline-monitor/pipeline-outreach-health/pipeline-outreach-health-human-review-queue.md
pipeline-outreach-health-human-takeover-complete,pathway,pipeline-monitor,pipeline-outreach-health,docs/CognitiveBrain/contracts/synapses/pipeline-monitor/pipeline-outreach-health/pipeline-outreach-health-human-takeover-complete.md
pipeline-outreach-health-human-takeover-initiate,pathway,pipeline-monitor,pipeline-outreach-health,docs/CognitiveBrain/contracts/synapses/pipeline-monitor/pipeline-outreach-health/pipeline-outreach-health-human-takeover-initiate.md
pipeline-outreach-metrics-family,pathway,pipeline-monitor,pipeline-outreach-metrics,docs/CognitiveBrain/contracts/synapses/pipeline-monitor/pipeline-outreach-metrics/pipeline-outreach-metrics-family.md
pipeline-outreach-metrics-human-approve-message,pathway,pipeline-monitor,pipeline-outreach-metrics,docs/CognitiveBrain/contracts/synapses/pipeline-monitor/pipeline-outreach-metrics/pipeline-outreach-metrics-human-approve-message.md
pipeline-outreach-metrics-human-review-queue,pathway,pipeline-monitor,pipeline-outreach-metrics,docs/CognitiveBrain/contracts/synapses/pipeline-monitor/pipeline-outreach-metrics/pipeline-outreach-metrics-human-review-queue.md
pipeline-outreach-metrics-human-takeover-complete,pathway,pipeline-monitor,pipeline-outreach-metrics,docs/CognitiveBrain/contracts/synapses/pipeline-monitor/pipeline-outreach-metrics/pipeline-outreach-metrics-human-takeover-complete.md
pipeline-outreach-metrics-human-takeover-initiate,pathway,pipeline-monitor,pipeline-outreach-metrics,docs/CognitiveBrain/contracts/synapses/pipeline-monitor/pipeline-outreach-metrics/pipeline-outreach-metrics-human-takeover-initiate.md
quota-business-hours-check-family,pathway,pipeline-monitor,quota-business-hours-check,docs/CognitiveBrain/contracts/synapses/pipeline-monitor/quota-business-hours-check/quota-business-hours-check-family.md
quota-business-hours-check-outreach-channel-selector,pathway,pipeline-monitor,quota-business-hours-check,docs/CognitiveBrain/contracts/synapses/pipeline-monitor/quota-business-hours-check/quota-business-hours-check-outreach-channel-selector.md
quota-business-hours-check-outreach-orchestrator-dispatch,pathway,pipeline-monitor,quota-business-hours-check,docs/CognitiveBrain/contracts/synapses/pipeline-monitor/quota-business-hours-check/quota-business-hours-check-outreach-orchestrator-dispatch.md
quota-business-hours-check-outreach-orchestrator-router,pathway,pipeline-monitor,quota-business-hours-check,docs/CognitiveBrain/contracts/synapses/pipeline-monitor/quota-business-hours-check/quota-business-hours-check-outreach-orchestrator-router.md
quota-business-hours-check-outreach-phone-allocator,pathway,pipeline-monitor,quota-business-hours-check,docs/CognitiveBrain/contracts/synapses/pipeline-monitor/quota-business-hours-check/quota-business-hours-check-outreach-phone-allocator.md
quota-business-hours-check-outreach-wa-delay,pathway,pipeline-monitor,quota-business-hours-check,docs/CognitiveBrain/contracts/synapses/pipeline-monitor/quota-business-hours-check/quota-business-hours-check-outreach-wa-delay.md
quota-business-hours-check-outreach-wa-reschedule,pathway,pipeline-monitor,quota-business-hours-check,docs/CognitiveBrain/contracts/synapses/pipeline-monitor/quota-business-hours-check/quota-business-hours-check-outreach-wa-reschedule.md
quota-business-hours-check-outreach-wa-send,pathway,pipeline-monitor,quota-business-hours-check,docs/CognitiveBrain/contracts/synapses/pipeline-monitor/quota-business-hours-check/quota-business-hours-check-outreach-wa-send.md
quota-guardian-check-family,pathway,pipeline-monitor,quota-guardian-check,docs/CognitiveBrain/contracts/synapses/pipeline-monitor/quota-guardian-check/quota-guardian-check-family.md
quota-guardian-check-outreach-channel-selector,pathway,pipeline-monitor,quota-guardian-check,docs/CognitiveBrain/contracts/synapses/pipeline-monitor/quota-guardian-check/quota-guardian-check-outreach-channel-selector.md
quota-guardian-check-outreach-orchestrator-dispatch,pathway,pipeline-monitor,quota-guardian-check,docs/CognitiveBrain/contracts/synapses/pipeline-monitor/quota-guardian-check/quota-guardian-check-outreach-orchestrator-dispatch.md
quota-guardian-check-outreach-orchestrator-router,pathway,pipeline-monitor,quota-guardian-check,docs/CognitiveBrain/contracts/synapses/pipeline-monitor/quota-guardian-check/quota-guardian-check-outreach-orchestrator-router.md
quota-guardian-check-outreach-phone-allocator,pathway,pipeline-monitor,quota-guardian-check,docs/CognitiveBrain/contracts/synapses/pipeline-monitor/quota-guardian-check/quota-guardian-check-outreach-phone-allocator.md
quota-guardian-check-outreach-wa-delay,pathway,pipeline-monitor,quota-guardian-check,docs/CognitiveBrain/contracts/synapses/pipeline-monitor/quota-guardian-check/quota-guardian-check-outreach-wa-delay.md
quota-guardian-check-outreach-wa-reschedule,pathway,pipeline-monitor,quota-guardian-check,docs/CognitiveBrain/contracts/synapses/pipeline-monitor/quota-guardian-check/quota-guardian-check-outreach-wa-reschedule.md
quota-guardian-check-outreach-wa-send,pathway,pipeline-monitor,quota-guardian-check,docs/CognitiveBrain/contracts/synapses/pipeline-monitor/quota-guardian-check/quota-guardian-check-outreach-wa-send.md
quota-guardian-increment-family,pathway,pipeline-monitor,quota-guardian-increment,docs/CognitiveBrain/contracts/synapses/pipeline-monitor/quota-guardian-increment/quota-guardian-increment-family.md
quota-guardian-increment-outreach-channel-selector,pathway,pipeline-monitor,quota-guardian-increment,docs/CognitiveBrain/contracts/synapses/pipeline-monitor/quota-guardian-increment/quota-guardian-increment-outreach-channel-selector.md
quota-guardian-increment-outreach-orchestrator-dispatch,pathway,pipeline-monitor,quota-guardian-increment,docs/CognitiveBrain/contracts/synapses/pipeline-monitor/quota-guardian-increment/quota-guardian-increment-outreach-orchestrator-dispatch.md
quota-guardian-increment-outreach-orchestrator-router,pathway,pipeline-monitor,quota-guardian-increment,docs/CognitiveBrain/contracts/synapses/pipeline-monitor/quota-guardian-increment/quota-guardian-increment-outreach-orchestrator-router.md
quota-guardian-increment-outreach-phone-allocator,pathway,pipeline-monitor,quota-guardian-increment,docs/CognitiveBrain/contracts/synapses/pipeline-monitor/quota-guardian-increment/quota-guardian-increment-outreach-phone-allocator.md
quota-guardian-increment-outreach-wa-delay,pathway,pipeline-monitor,quota-guardian-increment,docs/CognitiveBrain/contracts/synapses/pipeline-monitor/quota-guardian-increment/quota-guardian-increment-outreach-wa-delay.md
quota-guardian-increment-outreach-wa-reschedule,pathway,pipeline-monitor,quota-guardian-increment,docs/CognitiveBrain/contracts/synapses/pipeline-monitor/quota-guardian-increment/quota-guardian-increment-outreach-wa-reschedule.md
quota-guardian-increment-outreach-wa-send,pathway,pipeline-monitor,quota-guardian-increment,docs/CognitiveBrain/contracts/synapses/pipeline-monitor/quota-guardian-increment/quota-guardian-increment-outreach-wa-send.md
quota-guardian-reset-family,pathway,pipeline-monitor,quota-guardian-reset,docs/CognitiveBrain/contracts/synapses/pipeline-monitor/quota-guardian-reset/quota-guardian-reset-family.md
quota-guardian-reset-outreach-channel-selector,pathway,pipeline-monitor,quota-guardian-reset,docs/CognitiveBrain/contracts/synapses/pipeline-monitor/quota-guardian-reset/quota-guardian-reset-outreach-channel-selector.md
quota-guardian-reset-outreach-orchestrator-dispatch,pathway,pipeline-monitor,quota-guardian-reset,docs/CognitiveBrain/contracts/synapses/pipeline-monitor/quota-guardian-reset/quota-guardian-reset-outreach-orchestrator-dispatch.md
quota-guardian-reset-outreach-orchestrator-router,pathway,pipeline-monitor,quota-guardian-reset,docs/CognitiveBrain/contracts/synapses/pipeline-monitor/quota-guardian-reset/quota-guardian-reset-outreach-orchestrator-router.md
quota-guardian-reset-outreach-phone-allocator,pathway,pipeline-monitor,quota-guardian-reset,docs/CognitiveBrain/contracts/synapses/pipeline-monitor/quota-guardian-reset/quota-guardian-reset-outreach-phone-allocator.md
quota-guardian-reset-outreach-wa-delay,pathway,pipeline-monitor,quota-guardian-reset,docs/CognitiveBrain/contracts/synapses/pipeline-monitor/quota-guardian-reset/quota-guardian-reset-outreach-wa-delay.md
quota-guardian-reset-outreach-wa-reschedule,pathway,pipeline-monitor,quota-guardian-reset,docs/CognitiveBrain/contracts/synapses/pipeline-monitor/quota-guardian-reset/quota-guardian-reset-outreach-wa-reschedule.md
quota-guardian-reset-outreach-wa-send,pathway,pipeline-monitor,quota-guardian-reset,docs/CognitiveBrain/contracts/synapses/pipeline-monitor/quota-guardian-reset/quota-guardian-reset-outreach-wa-send.md
report-conversion-analyze-family,pathway,pipeline-monitor,report-conversion-analyze,docs/CognitiveBrain/contracts/synapses/pipeline-monitor/report-conversion-analyze/report-conversion-analyze-family.md
report-daily-generate-family,pathway,pipeline-monitor,report-daily-generate,docs/CognitiveBrain/contracts/synapses/pipeline-monitor/report-daily-generate/report-daily-generate-family.md
oblio-invoice-cancel-channel-email-send,pathway,stock-logistics,oblio-invoice-cancel,docs/CognitiveBrain/contracts/synapses/stock-logistics/oblio-invoice-cancel/oblio-invoice-cancel-channel-email-send.md
oblio-invoice-cancel-channel-routing-decide,pathway,stock-logistics,oblio-invoice-cancel,docs/CognitiveBrain/contracts/synapses/stock-logistics/oblio-invoice-cancel/oblio-invoice-cancel-channel-routing-decide.md
oblio-invoice-cancel-channel-whatsapp-send,pathway,stock-logistics,oblio-invoice-cancel,docs/CognitiveBrain/contracts/synapses/stock-logistics/oblio-invoice-cancel/oblio-invoice-cancel-channel-whatsapp-send.md
oblio-invoice-cancel-family,pathway,stock-logistics,oblio-invoice-cancel,docs/CognitiveBrain/contracts/synapses/stock-logistics/oblio-invoice-cancel/oblio-invoice-cancel-family.md
oblio-invoice-create-channel-email-send,pathway,stock-logistics,oblio-invoice-create,docs/CognitiveBrain/contracts/synapses/stock-logistics/oblio-invoice-create/oblio-invoice-create-channel-email-send.md
oblio-invoice-create-channel-routing-decide,pathway,stock-logistics,oblio-invoice-create,docs/CognitiveBrain/contracts/synapses/stock-logistics/oblio-invoice-create/oblio-invoice-create-channel-routing-decide.md
oblio-invoice-create-channel-whatsapp-send,pathway,stock-logistics,oblio-invoice-create,docs/CognitiveBrain/contracts/synapses/stock-logistics/oblio-invoice-create/oblio-invoice-create-channel-whatsapp-send.md
oblio-invoice-create-family,pathway,stock-logistics,oblio-invoice-create,docs/CognitiveBrain/contracts/synapses/stock-logistics/oblio-invoice-create/oblio-invoice-create-family.md
oblio-proforma-create-channel-email-send,pathway,stock-logistics,oblio-proforma-create,docs/CognitiveBrain/contracts/synapses/stock-logistics/oblio-proforma-create/oblio-proforma-create-channel-email-send.md
oblio-proforma-create-channel-routing-decide,pathway,stock-logistics,oblio-proforma-create,docs/CognitiveBrain/contracts/synapses/stock-logistics/oblio-proforma-create/oblio-proforma-create-channel-routing-decide.md
oblio-proforma-create-channel-whatsapp-send,pathway,stock-logistics,oblio-proforma-create,docs/CognitiveBrain/contracts/synapses/stock-logistics/oblio-proforma-create/oblio-proforma-create-channel-whatsapp-send.md
oblio-proforma-create-family,pathway,stock-logistics,oblio-proforma-create,docs/CognitiveBrain/contracts/synapses/stock-logistics/oblio-proforma-create/oblio-proforma-create-family.md
oblio-stock-sync-channel-email-send,pathway,stock-logistics,oblio-stock-sync,docs/CognitiveBrain/contracts/synapses/stock-logistics/oblio-stock-sync/oblio-stock-sync-channel-email-send.md
oblio-stock-sync-channel-routing-decide,pathway,stock-logistics,oblio-stock-sync,docs/CognitiveBrain/contracts/synapses/stock-logistics/oblio-stock-sync/oblio-stock-sync-channel-routing-decide.md
oblio-stock-sync-channel-whatsapp-send,pathway,stock-logistics,oblio-stock-sync,docs/CognitiveBrain/contracts/synapses/stock-logistics/oblio-stock-sync/oblio-stock-sync-channel-whatsapp-send.md
oblio-stock-sync-family,pathway,stock-logistics,oblio-stock-sync,docs/CognitiveBrain/contracts/synapses/stock-logistics/oblio-stock-sync/oblio-stock-sync-family.md
oblio-webhook-process-channel-email-send,pathway,stock-logistics,oblio-webhook-process,docs/CognitiveBrain/contracts/synapses/stock-logistics/oblio-webhook-process/oblio-webhook-process-channel-email-send.md
oblio-webhook-process-channel-routing-decide,pathway,stock-logistics,oblio-webhook-process,docs/CognitiveBrain/contracts/synapses/stock-logistics/oblio-webhook-process/oblio-webhook-process-channel-routing-decide.md
oblio-webhook-process-channel-whatsapp-send,pathway,stock-logistics,oblio-webhook-process,docs/CognitiveBrain/contracts/synapses/stock-logistics/oblio-webhook-process/oblio-webhook-process-channel-whatsapp-send.md
oblio-webhook-process-family,pathway,stock-logistics,oblio-webhook-process,docs/CognitiveBrain/contracts/synapses/stock-logistics/oblio-webhook-process/oblio-webhook-process-family.md
sameday-awb-create-alert-client-account-blocked,pathway,stock-logistics,sameday-awb-create,docs/CognitiveBrain/contracts/synapses/stock-logistics/sameday-awb-create/sameday-awb-create-alert-client-account-blocked.md
sameday-awb-create-alert-client-contract-pending,pathway,stock-logistics,sameday-awb-create,docs/CognitiveBrain/contracts/synapses/stock-logistics/sameday-awb-create/sameday-awb-create-alert-client-contract-pending.md
sameday-awb-create-alert-client-credit-insufficient,pathway,stock-logistics,sameday-awb-create,docs/CognitiveBrain/contracts/synapses/stock-logistics/sameday-awb-create/sameday-awb-create-alert-client-credit-insufficient.md
sameday-awb-create-alert-client-delivered,pathway,stock-logistics,sameday-awb-create,docs/CognitiveBrain/contracts/synapses/stock-logistics/sameday-awb-create/sameday-awb-create-alert-client-delivered.md
sameday-awb-create-alert-client-delivery-failed,pathway,stock-logistics,sameday-awb-create,docs/CognitiveBrain/contracts/synapses/stock-logistics/sameday-awb-create/sameday-awb-create-alert-client-delivery-failed.md
sameday-awb-create-alert-client-out-for-delivery,pathway,stock-logistics,sameday-awb-create,docs/CognitiveBrain/contracts/synapses/stock-logistics/sameday-awb-create/sameday-awb-create-alert-client-out-for-delivery.md
sameday-awb-create-alert-client-payment-received,pathway,stock-logistics,sameday-awb-create,docs/CognitiveBrain/contracts/synapses/stock-logistics/sameday-awb-create/sameday-awb-create-alert-client-payment-received.md
sameday-awb-create-alert-client-payment-reminder,pathway,stock-logistics,sameday-awb-create,docs/CognitiveBrain/contracts/synapses/stock-logistics/sameday-awb-create/sameday-awb-create-alert-client-payment-reminder.md
sameday-awb-create-alert-client-return-created,pathway,stock-logistics,sameday-awb-create,docs/CognitiveBrain/contracts/synapses/stock-logistics/sameday-awb-create/sameday-awb-create-alert-client-return-created.md
sameday-awb-create-alert-client-shipped,pathway,stock-logistics,sameday-awb-create,docs/CognitiveBrain/contracts/synapses/stock-logistics/sameday-awb-create/sameday-awb-create-alert-client-shipped.md
sameday-awb-create-alert-internal-compliance-issue,pathway,stock-logistics,sameday-awb-create,docs/CognitiveBrain/contracts/synapses/stock-logistics/sameday-awb-create/sameday-awb-create-alert-internal-compliance-issue.md
sameday-awb-create-alert-internal-contract-signed,pathway,stock-logistics,sameday-awb-create,docs/CognitiveBrain/contracts/synapses/stock-logistics/sameday-awb-create/sameday-awb-create-alert-internal-contract-signed.md
sameday-awb-create-alert-internal-credit-blocked,pathway,stock-logistics,sameday-awb-create,docs/CognitiveBrain/contracts/synapses/stock-logistics/sameday-awb-create/sameday-awb-create-alert-internal-credit-blocked.md
sameday-awb-create-alert-internal-daily-summary,pathway,stock-logistics,sameday-awb-create,docs/CognitiveBrain/contracts/synapses/stock-logistics/sameday-awb-create/sameday-awb-create-alert-internal-daily-summary.md
sameday-awb-create-alert-internal-insolvency-detected,pathway,stock-logistics,sameday-awb-create,docs/CognitiveBrain/contracts/synapses/stock-logistics/sameday-awb-create/sameday-awb-create-alert-internal-insolvency-detected.md
sameday-awb-create-alert-internal-oblio-sync-failed,pathway,stock-logistics,sameday-awb-create,docs/CognitiveBrain/contracts/synapses/stock-logistics/sameday-awb-create/sameday-awb-create-alert-internal-oblio-sync-failed.md
sameday-awb-create-alert-internal-return-received,pathway,stock-logistics,sameday-awb-create,docs/CognitiveBrain/contracts/synapses/stock-logistics/sameday-awb-create/sameday-awb-create-alert-internal-return-received.md
sameday-awb-create-alert-internal-stock-insufficient,pathway,stock-logistics,sameday-awb-create,docs/CognitiveBrain/contracts/synapses/stock-logistics/sameday-awb-create/sameday-awb-create-alert-internal-stock-insufficient.md
sameday-awb-create-alert-internal-storno-failed,pathway,stock-logistics,sameday-awb-create,docs/CognitiveBrain/contracts/synapses/stock-logistics/sameday-awb-create/sameday-awb-create-alert-internal-storno-failed.md
sameday-awb-create-family,pathway,stock-logistics,sameday-awb-create,docs/CognitiveBrain/contracts/synapses/stock-logistics/sameday-awb-create/sameday-awb-create-family.md
sameday-cod-process-alert-client-account-blocked,pathway,stock-logistics,sameday-cod-process,docs/CognitiveBrain/contracts/synapses/stock-logistics/sameday-cod-process/sameday-cod-process-alert-client-account-blocked.md
sameday-cod-process-alert-client-contract-pending,pathway,stock-logistics,sameday-cod-process,docs/CognitiveBrain/contracts/synapses/stock-logistics/sameday-cod-process/sameday-cod-process-alert-client-contract-pending.md
sameday-cod-process-alert-client-credit-insufficient,pathway,stock-logistics,sameday-cod-process,docs/CognitiveBrain/contracts/synapses/stock-logistics/sameday-cod-process/sameday-cod-process-alert-client-credit-insufficient.md
sameday-cod-process-alert-client-delivered,pathway,stock-logistics,sameday-cod-process,docs/CognitiveBrain/contracts/synapses/stock-logistics/sameday-cod-process/sameday-cod-process-alert-client-delivered.md
sameday-cod-process-alert-client-delivery-failed,pathway,stock-logistics,sameday-cod-process,docs/CognitiveBrain/contracts/synapses/stock-logistics/sameday-cod-process/sameday-cod-process-alert-client-delivery-failed.md
sameday-cod-process-alert-client-out-for-delivery,pathway,stock-logistics,sameday-cod-process,docs/CognitiveBrain/contracts/synapses/stock-logistics/sameday-cod-process/sameday-cod-process-alert-client-out-for-delivery.md
sameday-cod-process-alert-client-payment-received,pathway,stock-logistics,sameday-cod-process,docs/CognitiveBrain/contracts/synapses/stock-logistics/sameday-cod-process/sameday-cod-process-alert-client-payment-received.md
sameday-cod-process-alert-client-payment-reminder,pathway,stock-logistics,sameday-cod-process,docs/CognitiveBrain/contracts/synapses/stock-logistics/sameday-cod-process/sameday-cod-process-alert-client-payment-reminder.md
sameday-cod-process-alert-client-return-created,pathway,stock-logistics,sameday-cod-process,docs/CognitiveBrain/contracts/synapses/stock-logistics/sameday-cod-process/sameday-cod-process-alert-client-return-created.md
sameday-cod-process-alert-client-shipped,pathway,stock-logistics,sameday-cod-process,docs/CognitiveBrain/contracts/synapses/stock-logistics/sameday-cod-process/sameday-cod-process-alert-client-shipped.md
sameday-cod-process-alert-internal-compliance-issue,pathway,stock-logistics,sameday-cod-process,docs/CognitiveBrain/contracts/synapses/stock-logistics/sameday-cod-process/sameday-cod-process-alert-internal-compliance-issue.md
sameday-cod-process-alert-internal-contract-signed,pathway,stock-logistics,sameday-cod-process,docs/CognitiveBrain/contracts/synapses/stock-logistics/sameday-cod-process/sameday-cod-process-alert-internal-contract-signed.md
sameday-cod-process-alert-internal-credit-blocked,pathway,stock-logistics,sameday-cod-process,docs/CognitiveBrain/contracts/synapses/stock-logistics/sameday-cod-process/sameday-cod-process-alert-internal-credit-blocked.md
sameday-cod-process-alert-internal-daily-summary,pathway,stock-logistics,sameday-cod-process,docs/CognitiveBrain/contracts/synapses/stock-logistics/sameday-cod-process/sameday-cod-process-alert-internal-daily-summary.md
sameday-cod-process-alert-internal-insolvency-detected,pathway,stock-logistics,sameday-cod-process,docs/CognitiveBrain/contracts/synapses/stock-logistics/sameday-cod-process/sameday-cod-process-alert-internal-insolvency-detected.md
sameday-cod-process-alert-internal-oblio-sync-failed,pathway,stock-logistics,sameday-cod-process,docs/CognitiveBrain/contracts/synapses/stock-logistics/sameday-cod-process/sameday-cod-process-alert-internal-oblio-sync-failed.md
sameday-cod-process-alert-internal-return-received,pathway,stock-logistics,sameday-cod-process,docs/CognitiveBrain/contracts/synapses/stock-logistics/sameday-cod-process/sameday-cod-process-alert-internal-return-received.md
sameday-cod-process-alert-internal-stock-insufficient,pathway,stock-logistics,sameday-cod-process,docs/CognitiveBrain/contracts/synapses/stock-logistics/sameday-cod-process/sameday-cod-process-alert-internal-stock-insufficient.md
sameday-cod-process-alert-internal-storno-failed,pathway,stock-logistics,sameday-cod-process,docs/CognitiveBrain/contracts/synapses/stock-logistics/sameday-cod-process/sameday-cod-process-alert-internal-storno-failed.md
sameday-cod-process-family,pathway,stock-logistics,sameday-cod-process,docs/CognitiveBrain/contracts/synapses/stock-logistics/sameday-cod-process/sameday-cod-process-family.md
sameday-pickup-schedule-alert-client-account-blocked,pathway,stock-logistics,sameday-pickup-schedule,docs/CognitiveBrain/contracts/synapses/stock-logistics/sameday-pickup-schedule/sameday-pickup-schedule-alert-client-account-blocked.md
sameday-pickup-schedule-alert-client-contract-pending,pathway,stock-logistics,sameday-pickup-schedule,docs/CognitiveBrain/contracts/synapses/stock-logistics/sameday-pickup-schedule/sameday-pickup-schedule-alert-client-contract-pending.md
sameday-pickup-schedule-alert-client-credit-insufficient,pathway,stock-logistics,sameday-pickup-schedule,docs/CognitiveBrain/contracts/synapses/stock-logistics/sameday-pickup-schedule/sameday-pickup-schedule-alert-client-credit-insufficient.md
sameday-pickup-schedule-alert-client-delivered,pathway,stock-logistics,sameday-pickup-schedule,docs/CognitiveBrain/contracts/synapses/stock-logistics/sameday-pickup-schedule/sameday-pickup-schedule-alert-client-delivered.md
sameday-pickup-schedule-alert-client-delivery-failed,pathway,stock-logistics,sameday-pickup-schedule,docs/CognitiveBrain/contracts/synapses/stock-logistics/sameday-pickup-schedule/sameday-pickup-schedule-alert-client-delivery-failed.md
sameday-pickup-schedule-alert-client-out-for-delivery,pathway,stock-logistics,sameday-pickup-schedule,docs/CognitiveBrain/contracts/synapses/stock-logistics/sameday-pickup-schedule/sameday-pickup-schedule-alert-client-out-for-delivery.md
sameday-pickup-schedule-alert-client-payment-received,pathway,stock-logistics,sameday-pickup-schedule,docs/CognitiveBrain/contracts/synapses/stock-logistics/sameday-pickup-schedule/sameday-pickup-schedule-alert-client-payment-received.md
sameday-pickup-schedule-alert-client-payment-reminder,pathway,stock-logistics,sameday-pickup-schedule,docs/CognitiveBrain/contracts/synapses/stock-logistics/sameday-pickup-schedule/sameday-pickup-schedule-alert-client-payment-reminder.md
sameday-pickup-schedule-alert-client-return-created,pathway,stock-logistics,sameday-pickup-schedule,docs/CognitiveBrain/contracts/synapses/stock-logistics/sameday-pickup-schedule/sameday-pickup-schedule-alert-client-return-created.md
sameday-pickup-schedule-alert-client-shipped,pathway,stock-logistics,sameday-pickup-schedule,docs/CognitiveBrain/contracts/synapses/stock-logistics/sameday-pickup-schedule/sameday-pickup-schedule-alert-client-shipped.md
sameday-pickup-schedule-alert-internal-compliance-issue,pathway,stock-logistics,sameday-pickup-schedule,docs/CognitiveBrain/contracts/synapses/stock-logistics/sameday-pickup-schedule/sameday-pickup-schedule-alert-internal-compliance-issue.md
sameday-pickup-schedule-alert-internal-contract-signed,pathway,stock-logistics,sameday-pickup-schedule,docs/CognitiveBrain/contracts/synapses/stock-logistics/sameday-pickup-schedule/sameday-pickup-schedule-alert-internal-contract-signed.md
sameday-pickup-schedule-alert-internal-credit-blocked,pathway,stock-logistics,sameday-pickup-schedule,docs/CognitiveBrain/contracts/synapses/stock-logistics/sameday-pickup-schedule/sameday-pickup-schedule-alert-internal-credit-blocked.md
sameday-pickup-schedule-alert-internal-daily-summary,pathway,stock-logistics,sameday-pickup-schedule,docs/CognitiveBrain/contracts/synapses/stock-logistics/sameday-pickup-schedule/sameday-pickup-schedule-alert-internal-daily-summary.md
sameday-pickup-schedule-alert-internal-insolvency-detected,pathway,stock-logistics,sameday-pickup-schedule,docs/CognitiveBrain/contracts/synapses/stock-logistics/sameday-pickup-schedule/sameday-pickup-schedule-alert-internal-insolvency-detected.md
sameday-pickup-schedule-alert-internal-oblio-sync-failed,pathway,stock-logistics,sameday-pickup-schedule,docs/CognitiveBrain/contracts/synapses/stock-logistics/sameday-pickup-schedule/sameday-pickup-schedule-alert-internal-oblio-sync-failed.md
sameday-pickup-schedule-alert-internal-return-received,pathway,stock-logistics,sameday-pickup-schedule,docs/CognitiveBrain/contracts/synapses/stock-logistics/sameday-pickup-schedule/sameday-pickup-schedule-alert-internal-return-received.md
sameday-pickup-schedule-alert-internal-stock-insufficient,pathway,stock-logistics,sameday-pickup-schedule,docs/CognitiveBrain/contracts/synapses/stock-logistics/sameday-pickup-schedule/sameday-pickup-schedule-alert-internal-stock-insufficient.md
sameday-pickup-schedule-alert-internal-storno-failed,pathway,stock-logistics,sameday-pickup-schedule,docs/CognitiveBrain/contracts/synapses/stock-logistics/sameday-pickup-schedule/sameday-pickup-schedule-alert-internal-storno-failed.md
sameday-pickup-schedule-family,pathway,stock-logistics,sameday-pickup-schedule,docs/CognitiveBrain/contracts/synapses/stock-logistics/sameday-pickup-schedule/sameday-pickup-schedule-family.md
sameday-return-initiate-alert-client-account-blocked,pathway,stock-logistics,sameday-return-initiate,docs/CognitiveBrain/contracts/synapses/stock-logistics/sameday-return-initiate/sameday-return-initiate-alert-client-account-blocked.md
sameday-return-initiate-alert-client-contract-pending,pathway,stock-logistics,sameday-return-initiate,docs/CognitiveBrain/contracts/synapses/stock-logistics/sameday-return-initiate/sameday-return-initiate-alert-client-contract-pending.md
sameday-return-initiate-alert-client-credit-insufficient,pathway,stock-logistics,sameday-return-initiate,docs/CognitiveBrain/contracts/synapses/stock-logistics/sameday-return-initiate/sameday-return-initiate-alert-client-credit-insufficient.md
sameday-return-initiate-alert-client-delivered,pathway,stock-logistics,sameday-return-initiate,docs/CognitiveBrain/contracts/synapses/stock-logistics/sameday-return-initiate/sameday-return-initiate-alert-client-delivered.md
sameday-return-initiate-alert-client-delivery-failed,pathway,stock-logistics,sameday-return-initiate,docs/CognitiveBrain/contracts/synapses/stock-logistics/sameday-return-initiate/sameday-return-initiate-alert-client-delivery-failed.md
sameday-return-initiate-alert-client-out-for-delivery,pathway,stock-logistics,sameday-return-initiate,docs/CognitiveBrain/contracts/synapses/stock-logistics/sameday-return-initiate/sameday-return-initiate-alert-client-out-for-delivery.md
sameday-return-initiate-alert-client-payment-received,pathway,stock-logistics,sameday-return-initiate,docs/CognitiveBrain/contracts/synapses/stock-logistics/sameday-return-initiate/sameday-return-initiate-alert-client-payment-received.md
sameday-return-initiate-alert-client-payment-reminder,pathway,stock-logistics,sameday-return-initiate,docs/CognitiveBrain/contracts/synapses/stock-logistics/sameday-return-initiate/sameday-return-initiate-alert-client-payment-reminder.md
sameday-return-initiate-alert-client-return-created,pathway,stock-logistics,sameday-return-initiate,docs/CognitiveBrain/contracts/synapses/stock-logistics/sameday-return-initiate/sameday-return-initiate-alert-client-return-created.md
sameday-return-initiate-alert-client-shipped,pathway,stock-logistics,sameday-return-initiate,docs/CognitiveBrain/contracts/synapses/stock-logistics/sameday-return-initiate/sameday-return-initiate-alert-client-shipped.md
sameday-return-initiate-alert-internal-compliance-issue,pathway,stock-logistics,sameday-return-initiate,docs/CognitiveBrain/contracts/synapses/stock-logistics/sameday-return-initiate/sameday-return-initiate-alert-internal-compliance-issue.md
sameday-return-initiate-alert-internal-contract-signed,pathway,stock-logistics,sameday-return-initiate,docs/CognitiveBrain/contracts/synapses/stock-logistics/sameday-return-initiate/sameday-return-initiate-alert-internal-contract-signed.md
sameday-return-initiate-alert-internal-credit-blocked,pathway,stock-logistics,sameday-return-initiate,docs/CognitiveBrain/contracts/synapses/stock-logistics/sameday-return-initiate/sameday-return-initiate-alert-internal-credit-blocked.md
sameday-return-initiate-alert-internal-daily-summary,pathway,stock-logistics,sameday-return-initiate,docs/CognitiveBrain/contracts/synapses/stock-logistics/sameday-return-initiate/sameday-return-initiate-alert-internal-daily-summary.md
sameday-return-initiate-alert-internal-insolvency-detected,pathway,stock-logistics,sameday-return-initiate,docs/CognitiveBrain/contracts/synapses/stock-logistics/sameday-return-initiate/sameday-return-initiate-alert-internal-insolvency-detected.md
sameday-return-initiate-alert-internal-oblio-sync-failed,pathway,stock-logistics,sameday-return-initiate,docs/CognitiveBrain/contracts/synapses/stock-logistics/sameday-return-initiate/sameday-return-initiate-alert-internal-oblio-sync-failed.md
sameday-return-initiate-alert-internal-return-received,pathway,stock-logistics,sameday-return-initiate,docs/CognitiveBrain/contracts/synapses/stock-logistics/sameday-return-initiate/sameday-return-initiate-alert-internal-return-received.md
sameday-return-initiate-alert-internal-stock-insufficient,pathway,stock-logistics,sameday-return-initiate,docs/CognitiveBrain/contracts/synapses/stock-logistics/sameday-return-initiate/sameday-return-initiate-alert-internal-stock-insufficient.md
sameday-return-initiate-alert-internal-storno-failed,pathway,stock-logistics,sameday-return-initiate,docs/CognitiveBrain/contracts/synapses/stock-logistics/sameday-return-initiate/sameday-return-initiate-alert-internal-storno-failed.md
sameday-return-initiate-family,pathway,stock-logistics,sameday-return-initiate,docs/CognitiveBrain/contracts/synapses/stock-logistics/sameday-return-initiate/sameday-return-initiate-family.md
sameday-status-poll-alert-client-account-blocked,pathway,stock-logistics,sameday-status-poll,docs/CognitiveBrain/contracts/synapses/stock-logistics/sameday-status-poll/sameday-status-poll-alert-client-account-blocked.md
sameday-status-poll-alert-client-contract-pending,pathway,stock-logistics,sameday-status-poll,docs/CognitiveBrain/contracts/synapses/stock-logistics/sameday-status-poll/sameday-status-poll-alert-client-contract-pending.md
sameday-status-poll-alert-client-credit-insufficient,pathway,stock-logistics,sameday-status-poll,docs/CognitiveBrain/contracts/synapses/stock-logistics/sameday-status-poll/sameday-status-poll-alert-client-credit-insufficient.md
sameday-status-poll-alert-client-delivered,pathway,stock-logistics,sameday-status-poll,docs/CognitiveBrain/contracts/synapses/stock-logistics/sameday-status-poll/sameday-status-poll-alert-client-delivered.md
sameday-status-poll-alert-client-delivery-failed,pathway,stock-logistics,sameday-status-poll,docs/CognitiveBrain/contracts/synapses/stock-logistics/sameday-status-poll/sameday-status-poll-alert-client-delivery-failed.md
sameday-status-poll-alert-client-out-for-delivery,pathway,stock-logistics,sameday-status-poll,docs/CognitiveBrain/contracts/synapses/stock-logistics/sameday-status-poll/sameday-status-poll-alert-client-out-for-delivery.md
sameday-status-poll-alert-client-payment-received,pathway,stock-logistics,sameday-status-poll,docs/CognitiveBrain/contracts/synapses/stock-logistics/sameday-status-poll/sameday-status-poll-alert-client-payment-received.md
sameday-status-poll-alert-client-payment-reminder,pathway,stock-logistics,sameday-status-poll,docs/CognitiveBrain/contracts/synapses/stock-logistics/sameday-status-poll/sameday-status-poll-alert-client-payment-reminder.md
sameday-status-poll-alert-client-return-created,pathway,stock-logistics,sameday-status-poll,docs/CognitiveBrain/contracts/synapses/stock-logistics/sameday-status-poll/sameday-status-poll-alert-client-return-created.md
sameday-status-poll-alert-client-shipped,pathway,stock-logistics,sameday-status-poll,docs/CognitiveBrain/contracts/synapses/stock-logistics/sameday-status-poll/sameday-status-poll-alert-client-shipped.md
sameday-status-poll-alert-internal-compliance-issue,pathway,stock-logistics,sameday-status-poll,docs/CognitiveBrain/contracts/synapses/stock-logistics/sameday-status-poll/sameday-status-poll-alert-internal-compliance-issue.md
sameday-status-poll-alert-internal-contract-signed,pathway,stock-logistics,sameday-status-poll,docs/CognitiveBrain/contracts/synapses/stock-logistics/sameday-status-poll/sameday-status-poll-alert-internal-contract-signed.md
sameday-status-poll-alert-internal-credit-blocked,pathway,stock-logistics,sameday-status-poll,docs/CognitiveBrain/contracts/synapses/stock-logistics/sameday-status-poll/sameday-status-poll-alert-internal-credit-blocked.md
sameday-status-poll-alert-internal-daily-summary,pathway,stock-logistics,sameday-status-poll,docs/CognitiveBrain/contracts/synapses/stock-logistics/sameday-status-poll/sameday-status-poll-alert-internal-daily-summary.md
sameday-status-poll-alert-internal-insolvency-detected,pathway,stock-logistics,sameday-status-poll,docs/CognitiveBrain/contracts/synapses/stock-logistics/sameday-status-poll/sameday-status-poll-alert-internal-insolvency-detected.md
sameday-status-poll-alert-internal-oblio-sync-failed,pathway,stock-logistics,sameday-status-poll,docs/CognitiveBrain/contracts/synapses/stock-logistics/sameday-status-poll/sameday-status-poll-alert-internal-oblio-sync-failed.md
sameday-status-poll-alert-internal-return-received,pathway,stock-logistics,sameday-status-poll,docs/CognitiveBrain/contracts/synapses/stock-logistics/sameday-status-poll/sameday-status-poll-alert-internal-return-received.md
sameday-status-poll-alert-internal-stock-insufficient,pathway,stock-logistics,sameday-status-poll,docs/CognitiveBrain/contracts/synapses/stock-logistics/sameday-status-poll/sameday-status-poll-alert-internal-stock-insufficient.md
sameday-status-poll-alert-internal-storno-failed,pathway,stock-logistics,sameday-status-poll,docs/CognitiveBrain/contracts/synapses/stock-logistics/sameday-status-poll/sameday-status-poll-alert-internal-storno-failed.md
sameday-status-poll-family,pathway,stock-logistics,sameday-status-poll,docs/CognitiveBrain/contracts/synapses/stock-logistics/sameday-status-poll/sameday-status-poll-family.md
sameday-status-process-alert-client-account-blocked,pathway,stock-logistics,sameday-status-process,docs/CognitiveBrain/contracts/synapses/stock-logistics/sameday-status-process/sameday-status-process-alert-client-account-blocked.md
sameday-status-process-alert-client-contract-pending,pathway,stock-logistics,sameday-status-process,docs/CognitiveBrain/contracts/synapses/stock-logistics/sameday-status-process/sameday-status-process-alert-client-contract-pending.md
sameday-status-process-alert-client-credit-insufficient,pathway,stock-logistics,sameday-status-process,docs/CognitiveBrain/contracts/synapses/stock-logistics/sameday-status-process/sameday-status-process-alert-client-credit-insufficient.md
sameday-status-process-alert-client-delivered,pathway,stock-logistics,sameday-status-process,docs/CognitiveBrain/contracts/synapses/stock-logistics/sameday-status-process/sameday-status-process-alert-client-delivered.md
sameday-status-process-alert-client-delivery-failed,pathway,stock-logistics,sameday-status-process,docs/CognitiveBrain/contracts/synapses/stock-logistics/sameday-status-process/sameday-status-process-alert-client-delivery-failed.md
sameday-status-process-alert-client-out-for-delivery,pathway,stock-logistics,sameday-status-process,docs/CognitiveBrain/contracts/synapses/stock-logistics/sameday-status-process/sameday-status-process-alert-client-out-for-delivery.md
sameday-status-process-alert-client-payment-received,pathway,stock-logistics,sameday-status-process,docs/CognitiveBrain/contracts/synapses/stock-logistics/sameday-status-process/sameday-status-process-alert-client-payment-received.md
sameday-status-process-alert-client-payment-reminder,pathway,stock-logistics,sameday-status-process,docs/CognitiveBrain/contracts/synapses/stock-logistics/sameday-status-process/sameday-status-process-alert-client-payment-reminder.md
sameday-status-process-alert-client-return-created,pathway,stock-logistics,sameday-status-process,docs/CognitiveBrain/contracts/synapses/stock-logistics/sameday-status-process/sameday-status-process-alert-client-return-created.md
sameday-status-process-alert-client-shipped,pathway,stock-logistics,sameday-status-process,docs/CognitiveBrain/contracts/synapses/stock-logistics/sameday-status-process/sameday-status-process-alert-client-shipped.md
sameday-status-process-alert-internal-compliance-issue,pathway,stock-logistics,sameday-status-process,docs/CognitiveBrain/contracts/synapses/stock-logistics/sameday-status-process/sameday-status-process-alert-internal-compliance-issue.md
sameday-status-process-alert-internal-contract-signed,pathway,stock-logistics,sameday-status-process,docs/CognitiveBrain/contracts/synapses/stock-logistics/sameday-status-process/sameday-status-process-alert-internal-contract-signed.md
sameday-status-process-alert-internal-credit-blocked,pathway,stock-logistics,sameday-status-process,docs/CognitiveBrain/contracts/synapses/stock-logistics/sameday-status-process/sameday-status-process-alert-internal-credit-blocked.md
sameday-status-process-alert-internal-daily-summary,pathway,stock-logistics,sameday-status-process,docs/CognitiveBrain/contracts/synapses/stock-logistics/sameday-status-process/sameday-status-process-alert-internal-daily-summary.md
sameday-status-process-alert-internal-insolvency-detected,pathway,stock-logistics,sameday-status-process,docs/CognitiveBrain/contracts/synapses/stock-logistics/sameday-status-process/sameday-status-process-alert-internal-insolvency-detected.md
sameday-status-process-alert-internal-oblio-sync-failed,pathway,stock-logistics,sameday-status-process,docs/CognitiveBrain/contracts/synapses/stock-logistics/sameday-status-process/sameday-status-process-alert-internal-oblio-sync-failed.md
sameday-status-process-alert-internal-return-received,pathway,stock-logistics,sameday-status-process,docs/CognitiveBrain/contracts/synapses/stock-logistics/sameday-status-process/sameday-status-process-alert-internal-return-received.md
sameday-status-process-alert-internal-stock-insufficient,pathway,stock-logistics,sameday-status-process,docs/CognitiveBrain/contracts/synapses/stock-logistics/sameday-status-process/sameday-status-process-alert-internal-stock-insufficient.md
sameday-status-process-alert-internal-storno-failed,pathway,stock-logistics,sameday-status-process,docs/CognitiveBrain/contracts/synapses/stock-logistics/sameday-status-process/sameday-status-process-alert-internal-storno-failed.md
sameday-status-process-family,pathway,stock-logistics,sameday-status-process,docs/CognitiveBrain/contracts/synapses/stock-logistics/sameday-status-process/sameday-status-process-family.md
stock-deduct-delivered-alert-client-account-blocked,pathway,stock-logistics,stock-deduct-delivered,docs/CognitiveBrain/contracts/synapses/stock-logistics/stock-deduct-delivered/stock-deduct-delivered-alert-client-account-blocked.md
stock-deduct-delivered-alert-client-contract-pending,pathway,stock-logistics,stock-deduct-delivered,docs/CognitiveBrain/contracts/synapses/stock-logistics/stock-deduct-delivered/stock-deduct-delivered-alert-client-contract-pending.md
stock-deduct-delivered-alert-client-credit-insufficient,pathway,stock-logistics,stock-deduct-delivered,docs/CognitiveBrain/contracts/synapses/stock-logistics/stock-deduct-delivered/stock-deduct-delivered-alert-client-credit-insufficient.md
stock-deduct-delivered-alert-client-delivered,pathway,stock-logistics,stock-deduct-delivered,docs/CognitiveBrain/contracts/synapses/stock-logistics/stock-deduct-delivered/stock-deduct-delivered-alert-client-delivered.md
stock-deduct-delivered-alert-client-delivery-failed,pathway,stock-logistics,stock-deduct-delivered,docs/CognitiveBrain/contracts/synapses/stock-logistics/stock-deduct-delivered/stock-deduct-delivered-alert-client-delivery-failed.md
stock-deduct-delivered-alert-client-out-for-delivery,pathway,stock-logistics,stock-deduct-delivered,docs/CognitiveBrain/contracts/synapses/stock-logistics/stock-deduct-delivered/stock-deduct-delivered-alert-client-out-for-delivery.md
stock-deduct-delivered-alert-client-payment-received,pathway,stock-logistics,stock-deduct-delivered,docs/CognitiveBrain/contracts/synapses/stock-logistics/stock-deduct-delivered/stock-deduct-delivered-alert-client-payment-received.md
stock-deduct-delivered-alert-client-payment-reminder,pathway,stock-logistics,stock-deduct-delivered,docs/CognitiveBrain/contracts/synapses/stock-logistics/stock-deduct-delivered/stock-deduct-delivered-alert-client-payment-reminder.md
stock-deduct-delivered-alert-client-return-created,pathway,stock-logistics,stock-deduct-delivered,docs/CognitiveBrain/contracts/synapses/stock-logistics/stock-deduct-delivered/stock-deduct-delivered-alert-client-return-created.md
stock-deduct-delivered-alert-client-shipped,pathway,stock-logistics,stock-deduct-delivered,docs/CognitiveBrain/contracts/synapses/stock-logistics/stock-deduct-delivered/stock-deduct-delivered-alert-client-shipped.md
stock-deduct-delivered-alert-internal-compliance-issue,pathway,stock-logistics,stock-deduct-delivered,docs/CognitiveBrain/contracts/synapses/stock-logistics/stock-deduct-delivered/stock-deduct-delivered-alert-internal-compliance-issue.md
stock-deduct-delivered-alert-internal-contract-signed,pathway,stock-logistics,stock-deduct-delivered,docs/CognitiveBrain/contracts/synapses/stock-logistics/stock-deduct-delivered/stock-deduct-delivered-alert-internal-contract-signed.md
stock-deduct-delivered-alert-internal-credit-blocked,pathway,stock-logistics,stock-deduct-delivered,docs/CognitiveBrain/contracts/synapses/stock-logistics/stock-deduct-delivered/stock-deduct-delivered-alert-internal-credit-blocked.md
stock-deduct-delivered-alert-internal-daily-summary,pathway,stock-logistics,stock-deduct-delivered,docs/CognitiveBrain/contracts/synapses/stock-logistics/stock-deduct-delivered/stock-deduct-delivered-alert-internal-daily-summary.md
stock-deduct-delivered-alert-internal-insolvency-detected,pathway,stock-logistics,stock-deduct-delivered,docs/CognitiveBrain/contracts/synapses/stock-logistics/stock-deduct-delivered/stock-deduct-delivered-alert-internal-insolvency-detected.md
stock-deduct-delivered-alert-internal-oblio-sync-failed,pathway,stock-logistics,stock-deduct-delivered,docs/CognitiveBrain/contracts/synapses/stock-logistics/stock-deduct-delivered/stock-deduct-delivered-alert-internal-oblio-sync-failed.md
stock-deduct-delivered-alert-internal-return-received,pathway,stock-logistics,stock-deduct-delivered,docs/CognitiveBrain/contracts/synapses/stock-logistics/stock-deduct-delivered/stock-deduct-delivered-alert-internal-return-received.md
stock-deduct-delivered-alert-internal-stock-insufficient,pathway,stock-logistics,stock-deduct-delivered,docs/CognitiveBrain/contracts/synapses/stock-logistics/stock-deduct-delivered/stock-deduct-delivered-alert-internal-stock-insufficient.md
stock-deduct-delivered-alert-internal-storno-failed,pathway,stock-logistics,stock-deduct-delivered,docs/CognitiveBrain/contracts/synapses/stock-logistics/stock-deduct-delivered/stock-deduct-delivered-alert-internal-storno-failed.md
stock-deduct-delivered-family,pathway,stock-logistics,stock-deduct-delivered,docs/CognitiveBrain/contracts/synapses/stock-logistics/stock-deduct-delivered/stock-deduct-delivered-family.md
stock-release-order-alert-client-account-blocked,pathway,stock-logistics,stock-release-order,docs/CognitiveBrain/contracts/synapses/stock-logistics/stock-release-order/stock-release-order-alert-client-account-blocked.md
stock-release-order-alert-client-contract-pending,pathway,stock-logistics,stock-release-order,docs/CognitiveBrain/contracts/synapses/stock-logistics/stock-release-order/stock-release-order-alert-client-contract-pending.md
stock-release-order-alert-client-credit-insufficient,pathway,stock-logistics,stock-release-order,docs/CognitiveBrain/contracts/synapses/stock-logistics/stock-release-order/stock-release-order-alert-client-credit-insufficient.md
stock-release-order-alert-client-delivered,pathway,stock-logistics,stock-release-order,docs/CognitiveBrain/contracts/synapses/stock-logistics/stock-release-order/stock-release-order-alert-client-delivered.md
stock-release-order-alert-client-delivery-failed,pathway,stock-logistics,stock-release-order,docs/CognitiveBrain/contracts/synapses/stock-logistics/stock-release-order/stock-release-order-alert-client-delivery-failed.md
stock-release-order-alert-client-out-for-delivery,pathway,stock-logistics,stock-release-order,docs/CognitiveBrain/contracts/synapses/stock-logistics/stock-release-order/stock-release-order-alert-client-out-for-delivery.md
stock-release-order-alert-client-payment-received,pathway,stock-logistics,stock-release-order,docs/CognitiveBrain/contracts/synapses/stock-logistics/stock-release-order/stock-release-order-alert-client-payment-received.md
stock-release-order-alert-client-payment-reminder,pathway,stock-logistics,stock-release-order,docs/CognitiveBrain/contracts/synapses/stock-logistics/stock-release-order/stock-release-order-alert-client-payment-reminder.md
stock-release-order-alert-client-return-created,pathway,stock-logistics,stock-release-order,docs/CognitiveBrain/contracts/synapses/stock-logistics/stock-release-order/stock-release-order-alert-client-return-created.md
stock-release-order-alert-client-shipped,pathway,stock-logistics,stock-release-order,docs/CognitiveBrain/contracts/synapses/stock-logistics/stock-release-order/stock-release-order-alert-client-shipped.md
stock-release-order-alert-internal-compliance-issue,pathway,stock-logistics,stock-release-order,docs/CognitiveBrain/contracts/synapses/stock-logistics/stock-release-order/stock-release-order-alert-internal-compliance-issue.md
stock-release-order-alert-internal-contract-signed,pathway,stock-logistics,stock-release-order,docs/CognitiveBrain/contracts/synapses/stock-logistics/stock-release-order/stock-release-order-alert-internal-contract-signed.md
stock-release-order-alert-internal-credit-blocked,pathway,stock-logistics,stock-release-order,docs/CognitiveBrain/contracts/synapses/stock-logistics/stock-release-order/stock-release-order-alert-internal-credit-blocked.md
stock-release-order-alert-internal-daily-summary,pathway,stock-logistics,stock-release-order,docs/CognitiveBrain/contracts/synapses/stock-logistics/stock-release-order/stock-release-order-alert-internal-daily-summary.md
stock-release-order-alert-internal-insolvency-detected,pathway,stock-logistics,stock-release-order,docs/CognitiveBrain/contracts/synapses/stock-logistics/stock-release-order/stock-release-order-alert-internal-insolvency-detected.md
stock-release-order-alert-internal-oblio-sync-failed,pathway,stock-logistics,stock-release-order,docs/CognitiveBrain/contracts/synapses/stock-logistics/stock-release-order/stock-release-order-alert-internal-oblio-sync-failed.md
stock-release-order-alert-internal-return-received,pathway,stock-logistics,stock-release-order,docs/CognitiveBrain/contracts/synapses/stock-logistics/stock-release-order/stock-release-order-alert-internal-return-received.md
stock-release-order-alert-internal-stock-insufficient,pathway,stock-logistics,stock-release-order,docs/CognitiveBrain/contracts/synapses/stock-logistics/stock-release-order/stock-release-order-alert-internal-stock-insufficient.md
stock-release-order-alert-internal-storno-failed,pathway,stock-logistics,stock-release-order,docs/CognitiveBrain/contracts/synapses/stock-logistics/stock-release-order/stock-release-order-alert-internal-storno-failed.md
stock-release-order-family,pathway,stock-logistics,stock-release-order,docs/CognitiveBrain/contracts/synapses/stock-logistics/stock-release-order/stock-release-order-family.md
stock-reserve-create-family,pathway,stock-logistics,stock-reserve-create,docs/CognitiveBrain/contracts/synapses/stock-logistics/stock-reserve-create/stock-reserve-create-family.md
stock-reserve-create-guardrail-discount-check,pathway,stock-logistics,stock-reserve-create,docs/CognitiveBrain/contracts/synapses/stock-logistics/stock-reserve-create/stock-reserve-create-guardrail-discount-check.md
stock-reserve-create-guardrail-log-analyze,pathway,stock-logistics,stock-reserve-create,docs/CognitiveBrain/contracts/synapses/stock-logistics/stock-reserve-create/stock-reserve-create-guardrail-log-analyze.md
stock-reserve-create-guardrail-price-check,pathway,stock-logistics,stock-reserve-create,docs/CognitiveBrain/contracts/synapses/stock-logistics/stock-reserve-create/stock-reserve-create-guardrail-price-check.md
stock-reserve-create-guardrail-stock-check,pathway,stock-logistics,stock-reserve-create,docs/CognitiveBrain/contracts/synapses/stock-logistics/stock-reserve-create/stock-reserve-create-guardrail-stock-check.md
stock-reserve-create-guardrail-stock-verify,pathway,stock-logistics,stock-reserve-create,docs/CognitiveBrain/contracts/synapses/stock-logistics/stock-reserve-create/stock-reserve-create-guardrail-stock-verify.md
stock-reserve-order-alert-client-account-blocked,pathway,stock-logistics,stock-reserve-order,docs/CognitiveBrain/contracts/synapses/stock-logistics/stock-reserve-order/stock-reserve-order-alert-client-account-blocked.md
stock-reserve-order-alert-client-contract-pending,pathway,stock-logistics,stock-reserve-order,docs/CognitiveBrain/contracts/synapses/stock-logistics/stock-reserve-order/stock-reserve-order-alert-client-contract-pending.md
stock-reserve-order-alert-client-credit-insufficient,pathway,stock-logistics,stock-reserve-order,docs/CognitiveBrain/contracts/synapses/stock-logistics/stock-reserve-order/stock-reserve-order-alert-client-credit-insufficient.md
stock-reserve-order-alert-client-delivered,pathway,stock-logistics,stock-reserve-order,docs/CognitiveBrain/contracts/synapses/stock-logistics/stock-reserve-order/stock-reserve-order-alert-client-delivered.md
stock-reserve-order-alert-client-delivery-failed,pathway,stock-logistics,stock-reserve-order,docs/CognitiveBrain/contracts/synapses/stock-logistics/stock-reserve-order/stock-reserve-order-alert-client-delivery-failed.md
stock-reserve-order-alert-client-out-for-delivery,pathway,stock-logistics,stock-reserve-order,docs/CognitiveBrain/contracts/synapses/stock-logistics/stock-reserve-order/stock-reserve-order-alert-client-out-for-delivery.md
stock-reserve-order-alert-client-payment-received,pathway,stock-logistics,stock-reserve-order,docs/CognitiveBrain/contracts/synapses/stock-logistics/stock-reserve-order/stock-reserve-order-alert-client-payment-received.md
stock-reserve-order-alert-client-payment-reminder,pathway,stock-logistics,stock-reserve-order,docs/CognitiveBrain/contracts/synapses/stock-logistics/stock-reserve-order/stock-reserve-order-alert-client-payment-reminder.md
stock-reserve-order-alert-client-return-created,pathway,stock-logistics,stock-reserve-order,docs/CognitiveBrain/contracts/synapses/stock-logistics/stock-reserve-order/stock-reserve-order-alert-client-return-created.md
stock-reserve-order-alert-client-shipped,pathway,stock-logistics,stock-reserve-order,docs/CognitiveBrain/contracts/synapses/stock-logistics/stock-reserve-order/stock-reserve-order-alert-client-shipped.md
stock-reserve-order-alert-internal-compliance-issue,pathway,stock-logistics,stock-reserve-order,docs/CognitiveBrain/contracts/synapses/stock-logistics/stock-reserve-order/stock-reserve-order-alert-internal-compliance-issue.md
stock-reserve-order-alert-internal-contract-signed,pathway,stock-logistics,stock-reserve-order,docs/CognitiveBrain/contracts/synapses/stock-logistics/stock-reserve-order/stock-reserve-order-alert-internal-contract-signed.md
stock-reserve-order-alert-internal-credit-blocked,pathway,stock-logistics,stock-reserve-order,docs/CognitiveBrain/contracts/synapses/stock-logistics/stock-reserve-order/stock-reserve-order-alert-internal-credit-blocked.md
stock-reserve-order-alert-internal-daily-summary,pathway,stock-logistics,stock-reserve-order,docs/CognitiveBrain/contracts/synapses/stock-logistics/stock-reserve-order/stock-reserve-order-alert-internal-daily-summary.md
stock-reserve-order-alert-internal-insolvency-detected,pathway,stock-logistics,stock-reserve-order,docs/CognitiveBrain/contracts/synapses/stock-logistics/stock-reserve-order/stock-reserve-order-alert-internal-insolvency-detected.md
stock-reserve-order-alert-internal-oblio-sync-failed,pathway,stock-logistics,stock-reserve-order,docs/CognitiveBrain/contracts/synapses/stock-logistics/stock-reserve-order/stock-reserve-order-alert-internal-oblio-sync-failed.md
stock-reserve-order-alert-internal-return-received,pathway,stock-logistics,stock-reserve-order,docs/CognitiveBrain/contracts/synapses/stock-logistics/stock-reserve-order/stock-reserve-order-alert-internal-return-received.md
stock-reserve-order-alert-internal-stock-insufficient,pathway,stock-logistics,stock-reserve-order,docs/CognitiveBrain/contracts/synapses/stock-logistics/stock-reserve-order/stock-reserve-order-alert-internal-stock-insufficient.md
stock-reserve-order-alert-internal-storno-failed,pathway,stock-logistics,stock-reserve-order,docs/CognitiveBrain/contracts/synapses/stock-logistics/stock-reserve-order/stock-reserve-order-alert-internal-storno-failed.md
stock-reserve-order-family,pathway,stock-logistics,stock-reserve-order,docs/CognitiveBrain/contracts/synapses/stock-logistics/stock-reserve-order/stock-reserve-order-family.md
stock-reserve-release-family,pathway,stock-logistics,stock-reserve-release,docs/CognitiveBrain/contracts/synapses/stock-logistics/stock-reserve-release/stock-reserve-release-family.md
stock-reserve-release-guardrail-discount-check,pathway,stock-logistics,stock-reserve-release,docs/CognitiveBrain/contracts/synapses/stock-logistics/stock-reserve-release/stock-reserve-release-guardrail-discount-check.md
stock-reserve-release-guardrail-log-analyze,pathway,stock-logistics,stock-reserve-release,docs/CognitiveBrain/contracts/synapses/stock-logistics/stock-reserve-release/stock-reserve-release-guardrail-log-analyze.md
stock-reserve-release-guardrail-price-check,pathway,stock-logistics,stock-reserve-release,docs/CognitiveBrain/contracts/synapses/stock-logistics/stock-reserve-release/stock-reserve-release-guardrail-price-check.md
stock-reserve-release-guardrail-stock-check,pathway,stock-logistics,stock-reserve-release,docs/CognitiveBrain/contracts/synapses/stock-logistics/stock-reserve-release/stock-reserve-release-guardrail-stock-check.md
stock-reserve-release-guardrail-stock-verify,pathway,stock-logistics,stock-reserve-release,docs/CognitiveBrain/contracts/synapses/stock-logistics/stock-reserve-release/stock-reserve-release-guardrail-stock-verify.md
stock-sync-erp-family,pathway,stock-logistics,stock-sync-erp,docs/CognitiveBrain/contracts/synapses/stock-logistics/stock-sync-erp/stock-sync-erp-family.md
stock-sync-erp-guardrail-discount-check,pathway,stock-logistics,stock-sync-erp,docs/CognitiveBrain/contracts/synapses/stock-logistics/stock-sync-erp/stock-sync-erp-guardrail-discount-check.md
stock-sync-erp-guardrail-log-analyze,pathway,stock-logistics,stock-sync-erp,docs/CognitiveBrain/contracts/synapses/stock-logistics/stock-sync-erp/stock-sync-erp-guardrail-log-analyze.md
stock-sync-erp-guardrail-price-check,pathway,stock-logistics,stock-sync-erp,docs/CognitiveBrain/contracts/synapses/stock-logistics/stock-sync-erp/stock-sync-erp-guardrail-price-check.md
stock-sync-erp-guardrail-stock-check,pathway,stock-logistics,stock-sync-erp,docs/CognitiveBrain/contracts/synapses/stock-logistics/stock-sync-erp/stock-sync-erp-guardrail-stock-check.md
stock-sync-erp-guardrail-stock-verify,pathway,stock-logistics,stock-sync-erp,docs/CognitiveBrain/contracts/synapses/stock-logistics/stock-sync-erp/stock-sync-erp-guardrail-stock-verify.md
stock-sync-oblio-alert-client-account-blocked,pathway,stock-logistics,stock-sync-oblio,docs/CognitiveBrain/contracts/synapses/stock-logistics/stock-sync-oblio/stock-sync-oblio-alert-client-account-blocked.md
stock-sync-oblio-alert-client-contract-pending,pathway,stock-logistics,stock-sync-oblio,docs/CognitiveBrain/contracts/synapses/stock-logistics/stock-sync-oblio/stock-sync-oblio-alert-client-contract-pending.md
stock-sync-oblio-alert-client-credit-insufficient,pathway,stock-logistics,stock-sync-oblio,docs/CognitiveBrain/contracts/synapses/stock-logistics/stock-sync-oblio/stock-sync-oblio-alert-client-credit-insufficient.md
stock-sync-oblio-alert-client-delivered,pathway,stock-logistics,stock-sync-oblio,docs/CognitiveBrain/contracts/synapses/stock-logistics/stock-sync-oblio/stock-sync-oblio-alert-client-delivered.md
stock-sync-oblio-alert-client-delivery-failed,pathway,stock-logistics,stock-sync-oblio,docs/CognitiveBrain/contracts/synapses/stock-logistics/stock-sync-oblio/stock-sync-oblio-alert-client-delivery-failed.md
stock-sync-oblio-alert-client-out-for-delivery,pathway,stock-logistics,stock-sync-oblio,docs/CognitiveBrain/contracts/synapses/stock-logistics/stock-sync-oblio/stock-sync-oblio-alert-client-out-for-delivery.md
stock-sync-oblio-alert-client-payment-received,pathway,stock-logistics,stock-sync-oblio,docs/CognitiveBrain/contracts/synapses/stock-logistics/stock-sync-oblio/stock-sync-oblio-alert-client-payment-received.md
stock-sync-oblio-alert-client-payment-reminder,pathway,stock-logistics,stock-sync-oblio,docs/CognitiveBrain/contracts/synapses/stock-logistics/stock-sync-oblio/stock-sync-oblio-alert-client-payment-reminder.md
stock-sync-oblio-alert-client-return-created,pathway,stock-logistics,stock-sync-oblio,docs/CognitiveBrain/contracts/synapses/stock-logistics/stock-sync-oblio/stock-sync-oblio-alert-client-return-created.md
stock-sync-oblio-alert-client-shipped,pathway,stock-logistics,stock-sync-oblio,docs/CognitiveBrain/contracts/synapses/stock-logistics/stock-sync-oblio/stock-sync-oblio-alert-client-shipped.md
stock-sync-oblio-alert-internal-compliance-issue,pathway,stock-logistics,stock-sync-oblio,docs/CognitiveBrain/contracts/synapses/stock-logistics/stock-sync-oblio/stock-sync-oblio-alert-internal-compliance-issue.md
stock-sync-oblio-alert-internal-contract-signed,pathway,stock-logistics,stock-sync-oblio,docs/CognitiveBrain/contracts/synapses/stock-logistics/stock-sync-oblio/stock-sync-oblio-alert-internal-contract-signed.md
stock-sync-oblio-alert-internal-credit-blocked,pathway,stock-logistics,stock-sync-oblio,docs/CognitiveBrain/contracts/synapses/stock-logistics/stock-sync-oblio/stock-sync-oblio-alert-internal-credit-blocked.md
stock-sync-oblio-alert-internal-daily-summary,pathway,stock-logistics,stock-sync-oblio,docs/CognitiveBrain/contracts/synapses/stock-logistics/stock-sync-oblio/stock-sync-oblio-alert-internal-daily-summary.md
stock-sync-oblio-alert-internal-insolvency-detected,pathway,stock-logistics,stock-sync-oblio,docs/CognitiveBrain/contracts/synapses/stock-logistics/stock-sync-oblio/stock-sync-oblio-alert-internal-insolvency-detected.md
stock-sync-oblio-alert-internal-oblio-sync-failed,pathway,stock-logistics,stock-sync-oblio,docs/CognitiveBrain/contracts/synapses/stock-logistics/stock-sync-oblio/stock-sync-oblio-alert-internal-oblio-sync-failed.md
stock-sync-oblio-alert-internal-return-received,pathway,stock-logistics,stock-sync-oblio,docs/CognitiveBrain/contracts/synapses/stock-logistics/stock-sync-oblio/stock-sync-oblio-alert-internal-return-received.md
stock-sync-oblio-alert-internal-stock-insufficient,pathway,stock-logistics,stock-sync-oblio,docs/CognitiveBrain/contracts/synapses/stock-logistics/stock-sync-oblio/stock-sync-oblio-alert-internal-stock-insufficient.md
stock-sync-oblio-alert-internal-storno-failed,pathway,stock-logistics,stock-sync-oblio,docs/CognitiveBrain/contracts/synapses/stock-logistics/stock-sync-oblio/stock-sync-oblio-alert-internal-storno-failed.md
stock-sync-oblio-family,pathway,stock-logistics,stock-sync-oblio,docs/CognitiveBrain/contracts/synapses/stock-logistics/stock-sync-oblio/stock-sync-oblio-family.md
